<?xml version="1.0" encoding="utf-8"?>
<COLLADA xmlns="http://www.collada.org/2005/11/COLLADASchema" version="1.4.1" xmlns:xsi="http://www.w3.org/2001/XMLSchema-instance">
  <asset>
    <contributor>
      <author>Blender User</author>
      <authoring_tool>Blender 4.5.1 LTS commit date:2025-07-29, commit time:05:31, hash:b0a72b245dcf</authoring_tool>
    </contributor>
    <created>2025-08-14T11:58:10</created>
    <modified>2025-08-14T11:58:10</modified>
    <unit name="meter" meter="1"/>
    <up_axis>Z_UP</up_axis>
  </asset>
  <library_effects>
    <effect id="emireh_shoe_material-effect">
      <profile_COMMON>
        <newparam sid="file7-surface">
          <surface type="2D">
            <init_from>file7</init_from>
          </surface>
        </newparam>
        <newparam sid="file7-sampler">
          <sampler2D>
            <source>file7-surface</source>
          </sampler2D>
        </newparam>
        <technique sid="common">
          <lambert>
            <emission>
              <color sid="emission">0 0 0 1</color>
            </emission>
            <diffuse>
              <texture texture="file7-sampler" texcoord="UVChannel_1"/>
            </diffuse>
            <reflectivity>
              <float sid="specular">1</float>
            </reflectivity>
            <index_of_refraction>
              <float sid="ior">1.5</float>
            </index_of_refraction>
          </lambert>
        </technique>
      </profile_COMMON>
    </effect>
    <effect id="emireh_body_material-effect">
      <profile_COMMON>
        <newparam sid="file4-surface">
          <surface type="2D">
            <init_from>file4</init_from>
          </surface>
        </newparam>
        <newparam sid="file4-sampler">
          <sampler2D>
            <source>file4-surface</source>
          </sampler2D>
        </newparam>
        <technique sid="common">
          <lambert>
            <emission>
              <color sid="emission">0 0 0 1</color>
            </emission>
            <diffuse>
              <texture texture="file4-sampler" texcoord="UVChannel_1"/>
            </diffuse>
            <reflectivity>
              <float sid="specular">1</float>
            </reflectivity>
            <index_of_refraction>
              <float sid="ior">1.5</float>
            </index_of_refraction>
          </lambert>
        </technique>
      </profile_COMMON>
    </effect>
  </library_effects>
  <library_images>
    <image id="file4" name="file4">
      <init_from>file4.png</init_from>
    </image>
    <image id="file7" name="file7">
      <init_from>file7.png</init_from>
    </image>
  </library_images>
  <library_materials>
    <material id="emireh_shoe_material-material" name="emireh_shoe_material">
      <instance_effect url="#emireh_shoe_material-effect"/>
    </material>
    <material id="emireh_body_material-material" name="emireh_body_material">
      <instance_effect url="#emireh_body_material-effect"/>
    </material>
  </library_materials>
  <library_geometries>
    <geometry id="mremireh_shoe-mesh" name="mremireh_shoe">
      <mesh>
        <source id="mremireh_shoe-mesh-positions">
          <float_array id="mremireh_shoe-mesh-positions-array" count="252">3.187736 229.1241 20.7547 5.572012 226.7568 18.1987 28.56847 211.6625 2.169525 9.176301 222.5557 15.44455 8.287358 220.1104 18.56986 7.699119 216.7559 19.22327 6.929766 211.4613 18.39461 2.90868 230.148 22.96967 35.76703 205.3728 1.047668 35.13811 208.3016 1.905044 36.0493 207.9387 3.345336 7.253793 226.663 28.87979 10.11963 224.0042 27.28609 33.07802 208.933 11.18083 13.48376 219.9485 24.05202 18.15513 212.7917 20.30559 10.04368 219.0474 22.07947 8.430005 216.3135 20.68376 7.369782 211.195 19.27388 5.658459 228.4837 28.46449 37.00614 204.6228 3.523788 36.63414 207.3961 4.894515 13.28163 215.7415 10.56702 10.79908 220.1516 19.68062 6.410532 205.3963 17.87764 6.059898 205.6085 17.17697 6.099257 211.3731 19.96365 6.568758 216.9717 21.83487 5.659238 211.6394 19.08438 5.822737 217.4233 20.34412 6.400612 225.4189 27.78388 4.725978 222.5413 20.92531 3.189143 227.3627 21.3665 5.491947 205.4134 18.34251 28.32339 206.8374 0.7033382 30.96941 210.8384 6.765792 18.50012 222.6058 10.69974 14.91807 229.0608 14.7408 11.46276 233.1455 17.83598 8.518344 235.664 20.65749 7.77613 236.4161 22.78482 22.09303 215.5665 6.146896 12.14485 233.4689 27.90424 15.52564 230.6864 25.95473 26.93491 212.6358 15.8223 10.26313 234.9108 27.75452 26.07794 213.9669 10.16125 8.719543 236.2163 25.58731 19.07696 226.5435 23.05139 22.82028 205.571 16.60666 32.92787 204.0504 9.904343 36.96432 204.9757 1.989944 4.047989 229.9544 26.02838 17.33321 208.8922 5.641998 22.8777 219.9562 19.44734 20.43088 208.964 6.229736 11.01434 224.5167 16.55412 7.699631 227.448 20.7879 8.397097 226.7498 19.00258 14.25143 222.5574 23.02269 11.28945 224.9992 24.78227 20.74331 213.0836 17.26607 17.37787 218.9063 20.44714 9.678619 226.2501 24.74246 8.423319 227.3709 23.05626 17.23649 215.2062 10.25848 24.33993 206.598 14.04111 21.97451 215.501 6.538497 14.978 228.7007 14.96188 11.60764 232.6925 17.97121 8.730343 235.1569 20.70383 7.995954 235.8964 22.73834 25.78783 213.9929 10.33304 12.14259 233.0915 27.52242 15.42724 230.3805 25.60378 18.88228 226.3375 22.76369 22.5967 219.8945 19.25627 10.33214 234.4824 27.40668 8.880642 235.7223 25.37576 18.46648 222.3944 11.00298 26.56777 212.7208 15.71706 5.141312 205.6256 17.64185 14.06998 220.9084 13.83708 6.603912 221.4047 24.67795</float_array>
          <technique_common>
            <accessor source="#mremireh_shoe-mesh-positions-array" count="84" stride="3">
              <param name="X" type="float"/>
              <param name="Y" type="float"/>
              <param name="Z" type="float"/>
            </accessor>
          </technique_common>
        </source>
        <source id="mremireh_shoe-mesh-normals">
          <float_array id="mremireh_shoe-mesh-normals-array" count="252">-0.6438016 0.3778974 -0.665367 -0.5365167 0.4644483 -0.7045833 -0.4003116 0.3676737 -0.8393848 -0.5623167 0.1568011 -0.8119196 -0.2525144 0.4982277 -0.829461 0.1363157 0.7232908 -0.6769553 -0.2997003 -0.7572041 -0.5803633 -0.6557737 -0.6126282 -0.4411889 0.3565175 0.6339137 -0.6863299 0.1822164 -0.1379963 -0.9735267 -0.6491745 0.01988863 -0.7603795 -0.3861164 0.3149656 -0.8670126 -0.3953761 0.3450029 -0.8512642 -0.8732989 -0.2888289 -0.3923355 -0.2973351 -0.5224551 -0.7991449 -0.9376196 -0.2958199 -0.1826475 0.1091917 0.004907429 -0.9940087 0.1500726 0.1578333 -0.9759954 -0.8846848 0.1484133 -0.441935 -0.945108 -0.08448719 -0.3156467 -0.8921089 0.4494104 0.04660356 -0.7619698 0.6473941 -0.01682037 0.5163861 0.8563554 9.79494e-4 0.5178626 0.8554638 -3.6428e-5 0.6654153 0.7384248 -0.1093227 -0.07175451 -0.9639791 -0.2561164 0.1779744 -0.1195263 0.976749 0.2883847 -0.3581097 0.888027 0.4556729 -0.1546559 0.8766093 0.2941956 -0.04186338 0.954828 0.5719382 -0.001858949 0.8202947 -0.2392541 -0.8830483 0.403712 0.05323594 -0.9878664 0.1458973 0.7536224 0.3496487 0.5565961 0.8784498 0.3180103 0.3566446 0.8090028 -0.517391 0.2789645 0.1645791 -0.4726563 0.8657423 -0.3381456 -0.6278048 0.701084 0.4618753 -0.1780374 0.8688924 0.4728222 -0.2093168 0.8559356 -0.5630572 -0.5342134 0.6305416 0.3194398 -0.8784711 0.3553125 0.8727066 -0.4118156 0.2622807 -0.2488798 -0.4442506 0.8606395 -0.160142 -0.2749437 0.9480299 0.8726131 -0.2662393 0.4094669 -0.492456 0.207512 0.8452372 -0.3192185 0.3780585 0.869006 -0.6647156 -0.739143 0.1087238 0.8719839 -0.336439 0.3556021 0.1928803 0.06832325 -0.9788407 -0.2044301 -0.3312991 0.9211131 -0.8953794 0.08233952 -0.4376253 -0.7148207 -0.4423747 0.5416051 -0.9541714 -0.296319 0.04185998 -0.843899 0.2204927 0.4890987 -0.640366 0.5841134 0.4987414 0.5987498 -0.1437672 0.7879276 0.5800529 -0.1436895 0.8018055 0.9944145 0.02138066 -0.1033586 0.8099638 -0.1075881 0.576527 0.233736 -0.03785783 0.9715628 -0.7873664 0.3577107 0.5020929 -0.2456771 0.3661326 -0.8975465 0.05155861 0.3487694 -0.9357893 -0.218451 0.3571178 -0.9081554 -0.2679343 0.3684118 -0.8902157 0.7041776 0.1959089 -0.6824615 -0.5854975 0.457876 -0.668986 0.9014531 0.09899407 -0.4214055 0.6211473 -0.1507689 0.7690544 0.8755668 0.3496283 0.3333811 0.9143213 0.3412452 0.2181016 0.8018388 0.3723866 0.4673145 0.9961836 0.06603074 0.05708032 0.8189739 0.2903032 0.4949808 0.227152 0.671 -0.7058053 0.2508403 0.7196352 -0.64746 0.5978959 0.3088527 -0.7396827 0.887458 0.2939808 -0.3549557 0.3887059 0.6515204 -0.6514821 0.3497174 0.786361 0.5092487 0.5016027 0.6010203 -0.6222293 0.05835425 0.9850949 -0.1618114</float_array>
          <technique_common>
            <accessor source="#mremireh_shoe-mesh-normals-array" count="84" stride="3">
              <param name="X" type="float"/>
              <param name="Y" type="float"/>
              <param name="Z" type="float"/>
            </accessor>
          </technique_common>
        </source>
        <source id="mremireh_shoe-mesh-map-0">
          <float_array id="mremireh_shoe-mesh-map-0-array" count="984">0.8216302 0.9432598 0.9017742 0.8541701 0.8533866 0.8114465 0.8533866 0.8114465 0.7691791 0.9004414 0.8216302 0.9432598 0.601408 0.5792841 0.4842249 0.6047591 0.4506602 0.6720488 0.4506602 0.6720488 0.5525121 0.6864593 0.601408 0.5792841 0.4506602 0.6720488 0.4842249 0.6047591 0.3925251 0.6258589 0.3925251 0.6258589 0.3635919 0.6606398 0.4506602 0.6720488 0.6993876 0.8320704 0.791996 0.7540938 0.7078726 0.6713156 0.7078726 0.6713156 0.6146519 0.7319358 0.6993876 0.8320704 0.3745 0.7184606 0.3684896 0.7692766 0.4299799 0.7625971 0.4299799 0.7625971 0.4426935 0.7034865 0.3745 0.7184606 0.3789944 0.8135232 0.4274424 0.8642989 0.4410973 0.852121 0.4410973 0.852121 0.4051526 0.8056891 0.3789944 0.8135232 0.9017742 0.8541701 0.8216302 0.9432598 0.8568491 0.9599049 0.8568491 0.9599049 0.9273371 0.8726651 0.9017742 0.8541701 0.4842249 0.6047591 0.601408 0.5792841 0.5153811 0.4890103 0.5153811 0.4890103 0.4546987 0.5447112 0.4842249 0.6047591 0.3925251 0.6258589 0.4842249 0.6047591 0.4546987 0.5447112 0.4546987 0.5447112 0.3818382 0.6115028 0.3925251 0.6258589 0.3635919 0.6606398 0.3925251 0.6258589 0.3818382 0.6115028 0.3818382 0.6115028 0.3446906 0.6455645 0.3635919 0.6606398 0.08520501 0.1490024 0.1241048 0.2045466 0.2189682 0.1271104 0.2189682 0.1271104 0.1799342 0.07568758 0.08520501 0.1490024 0.4326923 0.3952568 0.3221886 0.4355109 0.3275654 0.5377258 0.3275654 0.5377258 0.3974862 0.510029 0.4326923 0.3952568 0.3684809 0.5996122 0.3974862 0.510029 0.3275654 0.5377258 0.3275654 0.5377258 0.3313328 0.6254237 0.3684809 0.5996122 0.1873517 0.2791926 0.2814062 0.3707237 0.3484494 0.282212 0.3484494 0.282212 0.2717502 0.1924566 0.1873517 0.2791926 0.2876698 0.8695965 0.3174955 0.8057968 0.267638 0.7929337 0.267638 0.7929337 0.228435 0.8506867 0.2876698 0.8695965 0.3635556 0.8284816 0.3474122 0.8496608 0.4066648 0.885924 0.4066648 0.885924 0.4188135 0.8729432 0.3635556 0.8284816 0.07119405 0.1126123 0.08520501 0.1490024 0.1799342 0.07568758 0.1799342 0.07568758 0.1633517 0.04877358 0.07119405 0.1126123 0.3974862 0.510029 0.4546987 0.5447112 0.5153811 0.4890103 0.5153811 0.4890103 0.4326923 0.3952568 0.3974862 0.510029 0.3684809 0.5996122 0.3818382 0.6115028 0.4546987 0.5447112 0.4546987 0.5447112 0.3974862 0.510029 0.3684809 0.5996122 0.3818382 0.6115028 0.3684809 0.5996122 0.3313328 0.6254237 0.3313328 0.6254237 0.3446906 0.6455645 0.3818382 0.6115028 0.04751819 0.4738189 0.1227932 0.612802 0.2575014 0.5220538 0.2575014 0.5220538 0.1618185 0.4008594 0.04751819 0.4738189 0.200758 0.7052831 0.267638 0.7929337 0.3261018 0.7631745 0.3261018 0.7631745 0.315875 0.6252922 0.200758 0.7052831 0.3261018 0.7631745 0.3745 0.7184606 0.315875 0.6252922 0.3635556 0.8284816 0.3789944 0.8135232 0.3684896 0.7692766 0.3684896 0.7692766 0.3174955 0.8057968 0.3635556 0.8284816 0.4736002 0.928079 0.4808211 0.9210947 0.4274424 0.8642989 0.4274424 0.8642989 0.4188135 0.8729432 0.4736002 0.928079 0.6758868 0.8797264 0.5730075 0.879183 0.5725454 0.9602273 0.5725454 0.9602273 0.6754319 0.9608529 0.6758868 0.8797264 0.3996797 0.896917 0.4066648 0.885924 0.3474122 0.8496608 0.3474122 0.8496608 0.3510397 0.8711766 0.3996797 0.896917 0.2876698 0.8695965 0.2286787 0.8978746 0.2867916 0.9703031 0.2867916 0.9703031 0.3185298 0.9139073 0.2876698 0.8695965 0.2867916 0.9703031 0.2286787 0.8978746 0.2185785 0.9653926 0.2185785 0.9653926 0.2509627 0.9906273 0.2867916 0.9703031 0.5249972 0.724602 0.4960941 0.7122122 0.4845221 0.7323098 0.1633517 0.04877358 0.1507527 0.009125351 0.05478739 0.065481 0.05478739 0.065481 0.07119405 0.1126123 0.1633517 0.04877358 0.9025853 0.97979 0.9659214 0.8881922 0.9273371 0.8726651 0.9273371 0.8726651 0.8568491 0.9599049 0.9025853 0.97979 0.791996 0.7540938 0.6993876 0.8320704 0.7691791 0.9004414 0.7691791 0.9004414 0.8533866 0.8114465 0.791996 0.7540938 0.1241048 0.2045466 0.1873517 0.2791926 0.2717502 0.1924566 0.2717502 0.1924566 0.2189682 0.1271104 0.1241048 0.2045466 0.3474122 0.8496608 0.3174955 0.8057968 0.2876698 0.8695965 0.3635556 0.8284816 0.3174955 0.8057968 0.3474122 0.8496608 0.4188135 0.8729432 0.4066648 0.885924 0.4648101 0.9372534 0.4648101 0.9372534 0.4736002 0.928079 0.4188135 0.8729432 0.3684896 0.7692766 0.3789944 0.8135232 0.4051526 0.8056891 0.4051526 0.8056891 0.4299799 0.7625971 0.3684896 0.7692766 0.3261018 0.7631745 0.267638 0.7929337 0.3174955 0.8057968 0.3684896 0.7692766 0.3261018 0.7631745 0.3174955 0.8057968 0.3261018 0.7631745 0.3684896 0.7692766 0.3745 0.7184606 0.3510397 0.8711766 0.3474122 0.8496608 0.2876698 0.8695965 0.2876698 0.8695965 0.3185298 0.9139073 0.3510397 0.8711766 0.2286787 0.8978746 0.2876698 0.8695965 0.228435 0.8506867 0.228435 0.8506867 0.205006 0.8971521 0.2286787 0.8978746 0.4274424 0.8642989 0.4808211 0.9210947 0.4910627 0.913157 0.4910627 0.913157 0.4410973 0.852121 0.4274424 0.8642989 0.3789944 0.8135232 0.3635556 0.8284816 0.4188135 0.8729432 0.4188135 0.8729432 0.4274424 0.8642989 0.3789944 0.8135232 0.4066648 0.885924 0.3996797 0.896917 0.4584801 0.9453973 0.4584801 0.9453973 0.4648101 0.9372534 0.4066648 0.885924 0.601408 0.5792841 0.5525121 0.6864593 0.6146519 0.7319358 0.6146519 0.7319358 0.7078726 0.6713156 0.601408 0.5792841 0.2814062 0.3707237 0.3221886 0.4355109 0.4326923 0.3952568 0.4326923 0.3952568 0.3484494 0.282212 0.2814062 0.3707237 0.200758 0.7052831 0.315875 0.6252922 0.2575014 0.5220538 0.2575014 0.5220538 0.1227932 0.612802 0.200758 0.7052831 0.8543508 0.8046963 0.7938053 0.7485015 0.791996 0.7540938 0.791996 0.7540938 0.8533866 0.8114465 0.8543508 0.8046963 0.929322 0.8655717 0.902929 0.8467474 0.9017742 0.8541701 0.9017742 0.8541701 0.9273371 0.8726651 0.929322 0.8655717 0.5153811 0.4890103 0.601408 0.5792841 0.6059366 0.5753418 0.6059366 0.5753418 0.5186097 0.4856082 0.5153811 0.4890103 0.2189682 0.1271104 0.2255196 0.1268807 0.1872295 0.07540285 0.1872295 0.07540285 0.1799342 0.07568758 0.2189682 0.1271104 0.3484494 0.282212 0.352215 0.2794214 0.2771771 0.1912657 0.2771771 0.1912657 0.2717502 0.1924566 0.3484494 0.282212 0.1799342 0.07568758 0.1872295 0.07540285 0.1705273 0.04774886 0.1705273 0.04774886 0.1633517 0.04877358 0.1799342 0.07568758 0.5153811 0.4890103 0.5186097 0.4856082 0.4365602 0.3908932 0.4365602 0.3908932 0.4326923 0.3952568 0.5153811 0.4890103 0.1633517 0.04877358 0.1705273 0.04774886 0.1599935 0.009286344 0.1599935 0.009286344 0.1507527 0.009125351 0.1633517 0.04877358 0.9668935 0.8789843 0.929322 0.8655717 0.9273371 0.8726651 0.9273371 0.8726651 0.9659214 0.8881922 0.9668935 0.8789843 0.902929 0.8467474 0.8543508 0.8046963 0.8533866 0.8114465 0.8533866 0.8114465 0.9017742 0.8541701 0.902929 0.8467474 0.2717502 0.1924566 0.2771771 0.1912657 0.2255196 0.1268807 0.2255196 0.1268807 0.2189682 0.1271104 0.2717502 0.1924566 0.7938053 0.7485015 0.7111411 0.6674302 0.7078726 0.6713156 0.7078726 0.6713156 0.791996 0.7540938 0.7938053 0.7485015 0.3484494 0.282212 0.4326923 0.3952568 0.4365602 0.3908932 0.4365602 0.3908932 0.352215 0.2794214 0.3484494 0.282212 0.7078726 0.6713156 0.7111411 0.6674302 0.6059366 0.5753418 0.6059366 0.5753418 0.601408 0.5792841 0.7078726 0.6713156 0.788577 0.6379005 0.7073144 0.5641875 0.7111411 0.6674302 0.7111411 0.6674302 0.7938053 0.7485015 0.788577 0.6379005 0.8531419 0.6883215 0.788577 0.6379005 0.7938053 0.7485015 0.7938053 0.7485015 0.8543508 0.8046963 0.8531419 0.6883215 0.9324876 0.7432174 0.9056227 0.7261121 0.902929 0.8467474 0.902929 0.8467474 0.929322 0.8655717 0.9324876 0.7432174 0.3076961 0.08131879 0.1872295 0.07540285 0.2255196 0.1268807 0.2255196 0.1268807 0.3415014 0.1363205 0.3076961 0.08131879 0.2926826 0.05327528 0.1705273 0.04774886 0.1872295 0.07540285 0.1872295 0.07540285 0.3076961 0.08131879 0.2926826 0.05327528 0.282134 0.0179103 0.1599935 0.009286344 0.1705273 0.04774886 0.1705273 0.04774886 0.2926826 0.05327528 0.282134 0.0179103 0.9669885 0.7564171 0.9324876 0.7432174 0.929322 0.8655717 0.929322 0.8655717 0.9668935 0.8789843 0.9669885 0.7564171 0.9056227 0.7261121 0.8531419 0.6883215 0.8543508 0.8046963 0.8543508 0.8046963 0.902929 0.8467474 0.9056227 0.7261121 0.3415014 0.1363205 0.2255196 0.1268807 0.2771771 0.1912657 0.2771771 0.1912657 0.3870937 0.2041971 0.3415014 0.1363205 0.7073144 0.5641875 0.6156349 0.482187 0.6059366 0.5753418 0.6059366 0.5753418 0.7111411 0.6674302 0.7073144 0.5641875 0.3870937 0.2041971 0.2771771 0.1912657 0.352215 0.2794214 0.352215 0.2794214 0.4548391 0.2903679 0.3870937 0.2041971 0.4548391 0.2903679 0.352215 0.2794214 0.4365602 0.3908932 0.4365602 0.3908932 0.530273 0.3876504 0.4548391 0.2903679 0.8852172 0.414138 0.7768817 0.2963851 0.6485403 0.3978182 0.6485403 0.3978182 0.7441905 0.5338469 0.8852172 0.414138 0.7768817 0.2963851 0.6797659 0.2012283 0.5588853 0.2752497 0.5588853 0.2752497 0.6485403 0.3978182 0.7768817 0.2963851 0.4936105 0.1843609 0.5588853 0.2752497 0.6797659 0.2012283 0.6797659 0.2012283 0.6160179 0.09573543 0.4936105 0.1843609 0.4512745 0.1088295 0.4936105 0.1843609 0.6160179 0.09573543 0.6160179 0.09573543 0.5615879 0.03172588 0.4512745 0.1088295 0.4798786 0.03083741 0.4489401 0.06693738 0.4512745 0.1088295 0.4512745 0.1088295 0.5615879 0.03172588 0.4798786 0.03083741 0.5615879 0.03172588 0.5242967 0.014674 0.4798786 0.03083741 0.9093424 0.5837115 0.9838345 0.5024304 0.8852172 0.414138 0.8852172 0.414138 0.7441905 0.5338469 0.9093424 0.5837115 0.7441905 0.5338469 0.8212023 0.651041 0.9093424 0.5837115 0.1618185 0.4008594 0.07711946 0.3565916 0.05730772 0.3589693 0.05730772 0.3589693 0.04751819 0.4738189 0.1618185 0.4008594 0.04751819 0.4738189 0.05730772 0.3589693 0.04611939 0.375411 0.2286787 0.8978746 0.205006 0.8971521 0.2009428 0.9281231 0.4426935 0.7034865 0.4299799 0.7625971 0.4845221 0.7323098 0.4845221 0.7323098 0.4960941 0.7122122 0.4426935 0.7034865 0.2286787 0.8978746 0.2009428 0.9281231 0.2185785 0.9653926</float_array>
          <technique_common>
            <accessor source="#mremireh_shoe-mesh-map-0-array" count="492" stride="2">
              <param name="S" type="float"/>
              <param name="T" type="float"/>
            </accessor>
          </technique_common>
        </source>
        <vertices id="mremireh_shoe-mesh-vertices">
          <input semantic="POSITION" source="#mremireh_shoe-mesh-positions"/>
        </vertices>
        <triangles material="emireh_shoe_material-material" count="164">
          <input semantic="VERTEX" source="#mremireh_shoe-mesh-vertices" offset="0"/>
          <input semantic="NORMAL" source="#mremireh_shoe-mesh-normals" offset="1"/>
          <input semantic="TEXCOORD" source="#mremireh_shoe-mesh-map-0" offset="2" set="0"/>
          <p>0 0 0 39 1 1 38 2 2 38 2 3 1 3 4 0 0 5 41 4 6 2 5 7 34 6 8 34 6 9 53 7 10 41 4 11 34 6 12 2 5 13 9 8 14 9 8 15 8 9 16 34 6 17 3 10 18 37 11 19 36 12 20 36 12 21 22 13 22 3 10 23 3 10 24 4 14 25 31 15 26 31 15 27 1 3 28 3 10 29 5 16 30 6 17 31 28 18 32 28 18 33 29 19 34 5 16 35 39 1 36 0 0 37 7 20 38 7 20 39 40 21 40 39 1 41 2 5 42 41 4 43 46 22 44 46 22 45 35 23 46 2 5 47 9 8 48 2 5 49 35 23 50 35 23 51 10 24 52 9 8 53 8 9 54 9 8 55 10 24 56 10 24 57 51 25 58 8 9 59 11 26 60 12 27 61 43 28 62 43 28 63 42 29 64 11 26 65 44 30 66 49 31 67 50 32 68 50 32 69 13 33 70 44 30 71 21 34 72 13 33 73 50 32 74 50 32 75 20 35 76 21 34 77 14 36 78 15 37 79 54 38 80 54 38 81 48 39 82 14 36 83 83 40 84 16 41 85 14 36 86 14 36 87 12 27 88 83 40 89 17 42 90 27 43 91 26 44 92 26 44 93 18 45 94 17 42 95 19 46 96 11 26 97 42 29 98 42 29 99 45 47 100 19 46 101 13 33 102 35 23 103 46 22 104 46 22 105 44 30 106 13 33 107 21 34 108 10 24 109 35 23 110 35 23 111 13 33 112 21 34 113 10 24 114 21 34 115 20 35 116 20 35 117 51 25 118 10 24 119 50 32 120 49 31 121 53 7 122 53 7 123 34 6 124 50 32 125 15 37 126 14 36 127 23 48 128 23 48 129 22 13 130 15 37 131 23 48 132 3 10 133 22 13 134 17 42 135 5 16 136 4 14 137 4 14 138 16 41 139 17 42 140 24 49 141 25 50 142 6 17 143 6 17 144 18 45 145 24 49 146 24 49 147 33 51 148 81 52 149 81 52 150 25 50 151 24 49 152 28 18 153 26 44 154 27 43 155 27 43 156 29 19 157 28 18 158 83 40 159 30 53 160 32 54 161 32 54 162 31 15 163 83 40 164 32 54 165 30 53 166 52 55 167 52 55 168 7 20 169 32 54 170 7 20 171 0 0 172 32 54 173 45 47 174 47 56 175 52 55 176 52 55 177 19 46 178 45 47 179 52 55 180 47 56 181 40 21 182 40 21 183 7 20 184 52 55 185 37 11 186 3 10 187 1 3 188 1 3 189 38 2 190 37 11 191 12 27 192 14 36 193 48 39 194 48 39 195 43 28 196 12 27 197 27 43 198 16 41 199 83 40 200 17 42 201 16 41 202 27 43 203 18 45 204 26 44 205 33 51 206 33 51 207 24 49 208 18 45 209 4 14 210 5 16 211 29 19 212 29 19 213 31 15 214 4 14 215 23 48 216 14 36 217 16 41 218 4 14 219 23 48 220 16 41 221 23 48 222 4 14 223 3 10 224 29 19 225 27 43 226 83 40 227 83 40 228 31 15 229 29 19 230 30 53 231 83 40 232 12 27 233 12 27 234 11 26 235 30 53 236 6 17 237 25 50 238 81 52 239 81 52 240 28 18 241 6 17 242 5 16 243 17 42 244 18 45 245 18 45 246 6 17 247 5 16 248 26 44 249 28 18 250 81 52 251 81 52 252 33 51 253 26 44 254 41 4 255 53 7 256 22 13 257 22 13 258 36 12 259 41 4 260 15 37 261 49 31 262 44 30 263 44 30 264 54 38 265 15 37 266 15 37 267 22 13 268 53 7 269 53 7 270 49 31 271 15 37 272 69 57 273 68 58 274 37 11 275 37 11 276 38 2 277 69 57 278 71 59 279 70 60 280 39 1 281 39 1 282 40 21 283 71 59 284 46 22 285 41 4 286 67 61 287 67 61 288 72 62 289 46 22 290 43 28 291 74 63 292 73 64 293 73 64 294 42 29 295 43 28 296 54 38 297 76 65 298 75 66 299 75 66 300 48 39 301 54 38 302 42 29 303 73 64 304 77 67 305 77 67 306 45 47 307 42 29 308 46 22 309 72 62 310 80 68 311 80 68 312 44 30 313 46 22 314 45 47 315 77 67 316 78 69 317 78 69 318 47 56 319 45 47 320 78 69 321 71 59 322 40 21 323 40 21 324 47 56 325 78 69 326 70 60 327 69 57 328 38 2 329 38 2 330 39 1 331 70 60 332 48 39 333 75 66 334 74 63 335 74 63 336 43 28 337 48 39 338 68 58 339 79 70 340 36 12 341 36 12 342 37 11 343 68 58 344 54 38 345 44 30 346 80 68 347 80 68 348 76 65 349 54 38 350 36 12 351 79 70 352 67 61 353 67 61 354 41 4 355 36 12 356 82 71 357 65 72 358 79 70 359 79 70 360 68 58 361 82 71 362 56 73 363 82 71 364 68 58 365 68 58 366 69 57 367 56 73 368 57 74 369 58 75 370 70 60 371 70 60 372 71 59 373 57 74 374 60 76 375 73 64 376 74 63 377 74 63 378 59 77 379 60 76 380 63 78 381 77 67 382 73 64 383 73 64 384 60 76 385 63 78 386 64 79 387 78 69 388 77 67 389 77 67 390 63 78 391 64 79 392 64 79 393 57 74 394 71 59 395 71 59 396 78 69 397 64 79 398 58 75 399 56 73 400 69 57 401 69 57 402 70 60 403 58 75 404 59 77 405 74 63 406 75 66 407 75 66 408 62 80 409 59 77 410 65 72 411 55 81 412 67 61 413 67 61 414 79 70 415 65 72 416 62 80 417 75 66 418 76 65 419 76 65 420 61 82 421 62 80 422 61 82 423 76 65 424 80 68 425 80 68 426 66 83 427 61 82 428 55 81 429 65 72 430 61 82 431 61 82 432 66 83 433 55 81 434 65 72 435 82 71 436 62 80 437 62 80 438 61 82 439 65 72 440 59 77 441 62 80 442 82 71 443 82 71 444 56 73 445 59 77 446 60 76 447 59 77 448 56 73 449 56 73 450 58 75 451 60 76 452 64 79 453 63 78 454 60 76 455 60 76 456 58 75 457 64 79 458 58 75 459 57 74 460 64 79 461 72 62 462 67 61 463 55 81 464 55 81 465 66 83 466 72 62 467 66 83 468 80 68 469 72 62 470 34 6 471 8 9 472 51 25 473 51 25 474 50 32 475 34 6 476 50 32 477 51 25 478 20 35 479 30 53 480 11 26 481 19 46 482 1 3 483 31 15 484 32 54 485 32 54 486 0 0 487 1 3 488 30 53 489 19 46 490 52 55 491</p>
        </triangles>
      </mesh>
    </geometry>
    <geometry id="mremireh_body-mesh" name="mremireh_body">
      <mesh>
        <source id="mremireh_body-mesh-positions">
          <float_array id="mremireh_body-mesh-positions-array" count="7350">-10.15877 194.6669 21.25591 -11.43865 196.1109 22.61195 -13.3067 195.4575 21.27225 -12.08186 194.1703 19.79958 -15.62442 192.7094 19.15386 -12.9435 192.2967 17.95314 -15.70686 189.659 16.89244 -12.69014 189.9217 16.67452 -14.48127 185.932 15.67941 -11.85364 187.669 16.27814 -12.21156 184.0483 16.98595 -10.20024 186.4108 16.76375 -9.483384 184.1843 19.34941 -8.580025 186.2439 18.00266 -6.607411 192.4794 24.573 -8.392514 195.0869 24.62253 -8.351544 193.8068 22.16129 -7.119667 192.0868 22.15274 -6.584286 202.6398 27.83354 -12.7771 199.8787 24.57452 -7.551238 197.7251 26.86333 -5.825202 199.8792 27.91197 -15.33385 198.9173 22.33321 -18.34958 194.351 18.61546 -19.30874 190.1052 16.70116 -17.98311 184.6641 16.75671 -14.7761 182.2951 19.04302 -11.10058 182.6402 21.60404 -4.771786 193.0879 26.66225 -3.828209 195.0193 27.74834 -12.98145 205.0608 21.10687 -6.057452 207.7109 24.29401 -16.35837 202.3148 18.65895 -19.84538 196.3002 14.20952 -21.10415 188.9379 12.23262 -18.97746 181.9088 12.7381 -14.0218 178.696 15.93152 -10.08034 179.4076 22.03963 -9.719666 180.1308 -14.08998 -9.358976 187.4355 -16.22998 -4.815283 186.4595 -17.72855 -4.347767 180.1114 -15.42542 -13.67695 180.6131 -12.51399 -14.86535 188.4445 -13.43419 -4.45082 175.2198 -11.83336 -9.427342 175.1736 -10.44261 -13.67871 175.6926 -8.448137 -9.973279 194.4229 -15.83939 -4.812267 194.0104 -17.86929 -10.61071 201.0651 -13.07777 -10.9538 207.214 -8.435045 -6.72053 208.7213 -9.851167 -5.423555 201.4524 -15.26354 -10.85804 210.2827 -5.005097 -6.690869 212.1379 -5.623169 -10.8138 212.6856 -0.7361305 -6.93493 214.5888 -0.5051429 -11.09254 213.4203 3.797256 -6.925628 215.9844 5.575057 -14.02281 194.3447 -13.58801 -14.85378 198.8582 -11.41559 -16.2704 202.5094 -7.635239 -19.62018 182.308 -6.001969 -20.72085 187.7658 -6.710022 -18.06807 177.1298 -2.523759 -18.67609 177.0816 -1.944382 -20.90534 181.8488 -6.149003 -16.72736 174.7913 1.875152 -13.92528 173.0426 -1.514344 -20.36217 176.691 -1.133271 -23.07928 182.2034 -5.953949 -19.24968 175.4453 1.781402 -19.18709 176.689 3.335769 -16.37873 174.9331 3.815597 -17.66289 176.1594 5.584854 -20.03968 178.3562 4.22229 -20.40087 178.9992 1.953338 -20.66605 179.5994 -0.1110236 -21.61717 183.156 -3.466828 -23.76045 187.6201 -4.481781 -24.22068 185.9518 -7.440445 -24.37123 189.7324 -4.478272 -25.50131 190.4188 -5.970032 -21.92859 185.9822 -6.616517 -22.63766 190.6084 -5.371323 -21.46208 193.3328 -3.606065 -21.84992 184.5917 -1.954941 -24.04598 186.6579 -0.3294532 -24.19503 187.7917 -2.000687 -26.33303 192.8522 -3.584458 -23.2042 193.372 -3.475617 -23.4817 193.4891 4.135818 -25.76674 192.4802 3.881713 -24.59292 189.5773 4.57167 -22.88674 189.6595 5.618041 -23.61893 195.5685 1.482558 -26.46147 194.0456 1.760802 -24.46951 195.4044 -1.088029 -22.27319 195.7995 1.677856 -20.52856 196.7534 11.02136 -22.06834 191.7033 7.443862 -22.61352 194.1818 4.952713 -24.73996 190.7069 1.041427 -23.14564 184.6058 1.005737 -24.26667 190.9505 -2.138673 -26.66959 194.1228 -0.9032905 -9.157639 171.6778 -4.598694 -12.53078 172.2657 1.982971 -6.026041 169.2932 -2.307374 -12.06452 172.7425 6.666168 3.816164 195.0153 27.76166 4.777836 193.0766 26.67883 7.55025 197.7118 26.8857 5.848849 199.8755 28.03613 6.610194 202.6861 27.93382 12.75701 199.8712 24.57854 10.20729 194.591 21.31046 12.06881 194.1062 19.87247 13.2944 195.4919 21.23781 11.3801 196.2034 22.56067 15.58799 192.6524 19.22824 12.93069 192.2004 18.08208 8.386751 195.0671 24.63257 8.453609 193.7106 22.27287 6.665993 192.4581 24.60341 7.221731 192.0127 22.34753 10.30833 186.2896 16.88892 8.528762 186.1896 17.93128 9.117177 183.3712 19.03873 12.01326 184.0038 16.53829 11.94011 187.5891 16.44879 14.52954 185.8422 15.91919 15.5817 189.5972 17.11614 12.69216 189.8684 16.80194 15.33261 198.8122 22.4252 18.27368 194.8499 18.32941 19.29241 190.1016 16.71724 18.00323 184.6287 16.52094 14.61324 181.3538 18.47168 10.57879 181.6484 21.40999 16.44585 202.3608 18.71625 19.98338 196.3296 14.24193 21.04811 188.8987 12.20396 19.14839 181.8407 12.76398 15.42059 178.8112 17.51755 10.37394 179.9221 23.71764 17.26375 205.1777 13.85786 20.61427 196.769 11.04899 22.08921 191.7118 7.453659 20.89503 200.7158 4.323822 18.0442 207.7076 6.472122 22.57256 194.17 4.943405 22.191 195.7618 1.694183 23.41685 193.4039 3.992538 22.81661 189.6638 5.587615 6.981935 214.7829 -0.5797889 6.943982 216.1022 5.567016 11.18655 213.4575 3.676101 10.28596 212.0505 -0.4837806 6.019507 169.2751 -2.312668 3.983051 168.5791 -4.976502 4.383203 171.201 -7.240662 9.169452 171.6084 -4.628861 17.4045 195.1063 -8.486589 20.68816 187.7689 -6.716813 14.28572 188.3567 -12.86438 13.37356 194.168 -12.83774 9.35017 187.3961 -16.232 9.656569 194.2907 -15.27083 19.59755 182.3148 -5.975586 13.41403 180.8949 -12.12265 9.542204 180.3434 -13.68002 21.45303 193.337 -3.610108 20.79977 198.2809 -0.8489997 22.61327 190.6038 -5.359513 21.95523 185.9659 -6.58989 20.92117 181.8553 -6.12262 24.47052 195.371 -1.075227 23.17077 193.3479 -3.448228 23.59329 195.5145 1.474242 18.05048 177.1108 -2.537354 13.71063 175.6222 -8.494401 18.65247 177.0437 -1.97934 9.379078 175.2585 -10.38028 12.38676 172.2476 -2.919907 16.76733 174.548 1.893493 9.948646 170.5736 1.146957 16.38225 174.5475 3.958846 19.08454 175.6383 1.879668 20.32924 176.7066 -1.142838 19.11948 176.7156 3.319915 17.85669 175.8799 5.693939 12.25908 172.5321 6.718688 20.09196 178.3039 4.233581 24.21438 189.7301 4.44699 25.59908 192.5327 3.819854 26.41598 194.0438 1.754241 26.63616 194.1228 -0.9028022 24.94054 190.3062 -5.484436 26.16991 193.2234 -2.827897 22.64544 186.0438 -6.799515 23.01669 182.217 -5.960251 24.61655 190.7469 1.053481 23.12553 184.6061 1.005965 24.02587 186.6566 -0.3093574 24.27647 190.9198 -2.14322 24.422 189.6673 -4.385285 23.78357 187.5768 -4.460434 21.64255 183.1505 -3.449753 20.66554 179.6039 -0.1009833 24.17744 187.7987 -1.997437 21.87053 184.5792 -1.946152 1.04551 190.8004 30.77663 -0.9017153 191.0148 30.81232 -0.7534174 189.232 31.1059 1.045761 189.5798 30.89099 -0.494525 193.6826 30.28297 -3.15182 191.1146 27.91524 -2.972104 187.936 28.81834 1.028669 193.5587 30.21335 3.059342 191.1101 27.84309 2.735098 187.9279 28.63258 -1.564028 197.3134 29.67923 1.700785 197.4642 29.62518 -1.607764 200.6104 28.99857 1.654536 200.7635 28.9792 -1.828703 205.0231 28.11104 1.824449 205.2451 27.99365 -1.739976 208.8555 25.10185 1.675648 208.901 25.14734 -1.954381 213.7936 21.19484 -7.196582 212.566 19.96648 -2.467644 217.0916 12.93466 -6.83891 216.0683 12.67325 -2.609158 217.166 5.639663 -4.393511 171.1929 -7.268555 -4.03282 168.5603 -5.00615 -0.01294523 163.8806 -5.730805 -0.05743467 168.315 -6.255875 3.821432 164.1287 -3.649353 -3.874216 164.1259 -3.65538 -0.1127325 171.4212 -7.546799 4.419648 175.2794 -11.77405 0.1826047 175.3055 -12.36145 4.274868 180.2464 -15.1703 4.822312 186.4095 -17.77806 -0.05969971 180.3814 -15.90022 4.635558 193.8749 -17.2085 0.06421613 186.2278 -18.20686 -0.07402747 194.0406 -18.0367 -1.419008 215.4351 -1.202897 2.576739 217.0923 5.373977 1.40619 215.444 -1.208176 -0.2876732 213.0224 -6.242753 6.716254 212.2576 -5.693299 -2.076284 186.5659 29.53545 2.384211 186.8343 28.88644 -7.339851 185.476 22.23442 -6.870327 187.5904 19.66158 -6.513155 189.7548 21.21217 -5.885528 188.4661 24.44733 -6.237673 187.1601 23.12019 -6.444536 188.5697 20.54483 -5.211904 188.4085 26.15276 -8.078575 184.5256 25.07143 -6.821814 185.8204 25.68474 -7.803846 183.201 25.5945 -4.580758 186.8197 27.14937 -6.452075 184.7629 26.24526 -3.702281 184.7297 27.46657 -6.323885 181.3071 24.70824 -4.491277 183.1777 25.92302 3.552243 184.7546 27.37105 4.125829 186.6478 26.80954 4.99601 188.444 25.82373 7.222236 184.0026 25.04353 7.583428 183.115 25.35797 6.266092 185.5328 25.09154 5.861918 184.9087 25.92377 5.545716 188.5154 24.39127 6.669763 185.1309 22.22386 6.051186 186.4761 22.90025 6.627032 189.7063 21.81165 6.269107 188.3907 20.5109 6.718021 187.6522 19.51253 3.857888 183.1887 26.36966 2.038098 184.8635 27.56007 2.349523 184.1725 26.54938 -2.528217 184.3213 26.19171 -2.332916 185.3255 27.51131 -0.9899407 186.1207 28.2905 -1.123409 186.1428 25.80513 -0.2748445 186.9321 26.03436 0.8869057 186.1044 28.35811 0.4266793 186.8585 25.98485 1.117143 186.0584 25.77573 -0.7951437 185.0645 25.38788 0.7521802 185.0668 25.4648 0.5314931 184.2187 25.85088 1.535142 183.4881 25.92252 -0.538513 184.3122 25.72847 -0.2099957 183.3933 25.84963 -1.665325 183.4644 25.75084 -2.723517 182.1496 25.4648 -0.3188314 182.0056 25.16292 1.835005 181.8246 25.76315 6.001418 180.742 25.52612 -0.2957072 179.1663 24.30481 -3.615818 179.7012 24.04541 -7.88428 178.4814 22.60742 -7.205379 177.6376 22.29952 2.392001 179.3536 24.75046 7.709105 178.7926 24.88693 5.046531 177.5333 24.1359 -10.53404 176.6068 20.51795 -9.494945 176.6025 21.46404 -8.577762 176.2368 21.49419 -10.43651 172.7508 20.41061 -9.861669 172.8322 20.82684 6.704951 176.3047 23.28055 8.510164 176.5339 23.76918 11.36779 176.2609 20.38321 8.396804 173.6029 22.8344 9.311222 173.8125 22.4541 -0.7179787 178.1365 25.01161 -3.949865 178.2913 24.18742 1.930519 177.8827 25.07243 4.118539 176.683 24.66173 5.929279 175.3274 23.61083 7.533408 172.9079 22.33446 8.305814 169.9889 21.68521 9.496721 169.7921 22.35783 9.436647 167.0592 21.03294 10.34101 167.0891 21.65958 9.068668 165.0519 21.27425 10.41164 164.8583 21.05331 8.351309 163.3517 22.99098 9.434888 162.9506 23.13451 6.865566 163.0318 24.37041 7.356457 162.5814 25.68297 5.633187 164.1448 26.16431 5.223484 163.0602 26.6655 3.12419 165.4624 26.75247 2.788887 164.5411 26.98471 14.26638 177.1816 15.91643 19.16623 180.6827 10.49878 17.42486 176.5135 7.492111 13.74884 173.4181 11.38455 -13.41805 176.8466 14.91757 -19.12224 180.7134 10.47743 -13.95871 173.2839 11.39561 -17.32432 176.5651 7.409683 -17.66163 178.4789 8.516387 -12.81079 174.5404 12.67551 -22.10478 185.0824 5.386795 -21.28211 181.4325 5.111068 -21.80693 183.1274 5.127655 -22.04195 183.1103 2.307739 -21.22883 181.3948 3.546142 -20.32421 182.5731 0.3577416 -20.62633 179.8688 3.198776 -19.64355 181.428 2.190856 12.92139 174.9803 13.10882 17.69004 178.4605 8.879821 22.21162 185.0655 5.436553 21.35601 181.3888 5.126129 21.66744 182.5478 5.668548 21.60862 182.2715 2.884078 22.27822 183.3232 2.1436 20.8895 180.494 3.592635 20.48809 179.5366 2.849136 19.82201 182.0878 1.374206 20.34382 182.5513 0.3702996 10.08011 174.2079 19.13449 9.875508 170.8435 20.51769 11.15941 167.4588 19.56984 10.62479 164.3335 20.07002 8.955057 161.8197 22.96535 6.845711 160.9275 25.1951 -10.83742 172.5377 18.90149 -7.512781 166.3682 25.76064 -5.82847 165.8245 26.36766 -5.217936 168.1244 26.32718 -7.213672 168.4306 25.53719 -3.551219 165.2846 26.77635 -2.656657 167.3374 26.94853 -0.2414143 163.7426 27.13704 0.4704149 165.6529 27.24588 2.230885 162.4652 27.21999 4.743401 161.4299 26.7962 -11.51054 173.8067 16.75494 -8.106978 163.9047 25.86998 -6.652402 163.1373 27.32153 -4.306783 163.0843 28.64089 -0.784083 162.5145 29.33286 2.023017 161.5108 28.49986 4.164286 159.8313 27.69655 6.320384 159.923 25.07018 8.580794 161.0282 22.44731 10.28395 164.1573 18.0592 11.129 167.9972 17.72189 10.56622 171.3161 18.55663 11.48818 173.8007 17.23679 0.8590052 166.6593 26.851 -2.025763 167.9736 26.65469 -4.438995 168.7722 26.4325 -6.663713 169.2869 25.26547 -9.290093 172.8104 21.0958 -8.218076 175.8515 21.6254 -6.709712 177.2578 22.82108 -11.32705 169.6144 18.68608 -10.95681 170.3831 20.25804 -10.35884 167.069 23.64678 -10.07079 164.5223 22.51166 -10.93444 167.1331 20.44556 -10.83742 168.2634 21.78124 -9.517817 168.7998 23.66084 -10.10422 170.9205 21.25089 -10.04641 169.7549 22.41087 -9.647014 171.2583 21.62439 -9.074433 169.575 23.68221 -9.498716 170.3484 22.54183 -12.30305 172.4225 14.07202 10.98824 172.2129 16.53426 11.26448 172.928 15.38104 11.16997 171.7627 15.71208 11.43891 168.4323 16.13738 12.18644 170.0475 13.63716 11.52035 167.9691 14.75819 -12.28923 170.2951 12.69838 -11.78225 172.087 16.9025 -12.00244 171.0652 15.06184 -9.149593 169.7982 8.364791 -4.209521 150.8923 -5.035828 -6.968863 149.7723 -1.542786 -5.414753 156.2773 -1.086579 -4.115766 156.6299 -4.503205 0.1516903 157.0215 -5.799927 0.04335755 150.9418 -5.44101 -3.861397 160.3693 -4.02388 0.06296306 160.4512 -5.666962 3.7317 156.5814 -4.297852 4.001903 151.007 -4.665589 3.615575 160.3542 -3.923844 4.721776 156.0335 -1.057175 6.630291 149.804 -1.465119 -4.483493 160.3838 -1.39473 -6.157246 148.2338 2.578643 -4.176842 155.6879 3.097427 -4.189158 147.2822 6.171218 -2.521185 155.3427 4.849609 -1.873198 146.453 8.891602 -0.9673255 154.7337 6.858169 0.6528906 154.65 6.973541 1.213407 146.4655 9.261841 4.010452 146.7858 6.114913 2.651642 154.7058 4.937072 5.704816 147.4699 2.524597 4.142411 155.2789 2.923995 3.897593 160.2833 -1.021973 -4.278138 164.4193 -0.1402286 -6.670506 168.686 3.430999 -2.827333 159.987 2.640228 -1.36773 159.8728 5.102218 -0.8708061 160.8172 6.733947 0.5737147 160.5742 6.83348 1.584903 159.8444 4.433868 2.954772 160.0068 2.269485 4.155983 164.3584 -0.4167178 -2.812754 162.9519 3.065521 -4.785364 165.9387 7.023818 -1.625617 162.3655 5.760513 -2.660936 164.3406 8.87175 -0.7815759 161.4483 8.276795 -1.118638 162.9974 9.889481 0.612423 161.4747 8.115937 1.697761 162.0405 5.115295 2.951756 162.6377 2.092285 6.80775 168.499 3.395294 0.4807152 162.7292 10.24791 2.252747 163.8585 8.574662 4.246974 167.011 5.221359 9.760133 169.9404 8.762176 0.9256103 162.5575 16.15646 -1.877972 162.889 15.97826 -0.7129513 158.9415 26.23972 1.41952 158.6844 26.37947 -6.285428 160.2405 25.45148 -3.910402 159.5556 25.83981 -4.631786 163.9286 15.01482 2.992981 162.9984 14.88739 -7.591203 161.0589 23.84181 -2.727792 161.2932 21.08197 0.3223667 160.944 21.33835 3.362472 158.4896 26.13088 6.103718 159.2321 24.09517 -9.479362 163.0818 21.33533 -6.282917 163.1358 18.2623 9.962977 164.2483 17.33833 8.321147 160.6816 22.0537 4.241951 161.4309 19.49316 7.638723 164.3071 15.93603 -10.17385 165.2117 18.21883 -8.7517 166.934 14.08533 -10.4722 167.3638 15.26492 5.01159 165.0941 12.4377 9.77421 166.1508 14.79816 -10.74618 168.1795 14.11952 -7.345134 167.5747 11.16461 -11.03473 168.8855 13.12115 -3.648996 177.0542 23.39693 -0.8984497 176.8353 24.39227 1.963697 176.2946 24.40535 3.188033 175.8904 23.84558 5.217199 174.1166 24.07959 6.765276 172.8936 21.4595 7.826485 169.9703 21.09102 8.028573 167.8082 20.35054 7.539189 165.8281 21.25992 7.017131 164.286 22.63432 6.009461 163.8288 23.83151 4.937193 164.2933 24.64412 -6.298247 176.033 22.47798 -7.433857 174.7601 21.72066 -8.587313 172.6309 21.21268 -8.744659 171.2475 21.33307 -8.558658 170.3514 22.14797 -8.093657 169.856 23.06488 -6.4752 169.4948 24.5622 -4.140892 169.3404 25.67467 -1.817142 168.3808 25.44469 0.8311049 167.0019 26.10173 3.13148 165.9321 26.05673 -5.44516 176.3182 20.09064 -3.378291 177.5446 21.27676 -1.221187 177.5177 21.74178 1.335818 177.436 20.80901 3.913938 175.0414 20.72681 4.905772 173.9442 19.21619 5.936316 170.9034 17.65805 5.404957 168.4675 18.55562 5.172206 166.4353 19.44492 3.468542 165.2844 22.84218 4.273873 165.1074 21.39139 2.276882 165.6933 23.53616 0.6448521 166.3775 23.52989 -2.415863 167.1909 22.81303 -4.920085 167.8266 21.92049 -5.964704 168.4575 21.21518 -7.613575 170.0136 20.11226 -7.944606 171.2719 19.16214 -7.93807 172.5341 18.72177 -6.956289 174.9813 19.00253 4.694135 165.5209 20.42819 -6.919088 169.2274 20.85173 2.40306 176.1921 21.51128 -4.733833 175.4739 18.44077 -3.078177 176.3863 18.75269 -1.650748 176.5407 18.66396 0.6310264 176.0463 18.60791 2.730068 174.6701 18.39125 3.952393 173.258 16.85472 4.216312 171.4272 16.18512 4.293981 168.5173 17.02162 3.637198 166.6027 18.63304 3.062356 166.1503 19.97752 1.965707 166.2094 21.2182 0.4138591 166.84 22.0831 -2.280385 166.7435 20.96082 -4.213283 166.7073 19.55702 -5.204113 167.7632 19.19205 -6.241444 169.537 19.04276 -6.612188 171.1575 17.69223 -6.548093 172.3522 17.30188 -5.960433 173.9716 17.27324 -3.9559 172.4301 15.97249 -3.290068 172.8712 15.94935 -2.061459 173.1432 15.82771 -0.1677716 173.1645 15.70956 -1.746767 168.7862 10.74336 1.354417 173.0426 15.65954 -0.5317312 168.5937 10.17303 2.866049 172.3805 15.14453 3.862659 170.5296 14.94295 3.84783 168.1056 15.06938 0.6626941 168.2461 9.994583 0.9142975 166.9207 9.963165 2.98142 166.1116 16.81853 0.8610113 165.8243 10.89316 2.260039 165.7288 18.33293 1.599235 165.8927 19.12444 0.7602214 165.4093 18.58554 -1.427297 165.1396 17.52432 -0.1310755 165.5594 11.54466 -1.320725 165.7077 11.82693 -2.670233 165.7577 17.56178 -3.991843 167.3827 16.84392 -4.408585 168.7923 16.61469 -2.268825 166.2433 11.70578 -2.775552 166.9891 11.65929 -4.530742 170.3049 16.16402 -4.458353 171.5591 16.0685 -2.818784 167.9103 11.44035 -2.523696 168.599 11.33378 14.74394 207.4432 -3.499009 16.11959 208.1666 2.696578 17.06392 205.2851 -1.408265 10.45763 209.7521 -4.626816 -0.5249509 208.8213 -10.25836 -0.3271382 200.9739 -15.25021 15.33562 202.6185 -7.23761 13.03298 199.8833 -10.61629 10.60316 197.6563 -13.38544 5.225482 200.0889 -14.8674 14.36842 206.4237 -5.385651 15.15867 204.4091 -7.97107 11.62692 207.7151 -6.524781 6.982183 207.7863 -9.357774 13.39568 202.71 -11.68077 10.37619 201.4625 -14.10455 5.743016 202.3608 -14.8777 -1.840529 205.1081 -12.6266 7.883533 206.1904 -10.65073 5.053306 205.2333 -13.71169 8.774324 204.2123 -12.8694 12.14395 206.3483 -8.072099 12.92289 204.8937 -9.705141 -16.20078 206.8261 -1.697556 -13.43992 210.8027 2.540237 -11.95845 212.2111 10.5443 -16.43252 204.7846 13.42882 -12.78716 208.3428 16.70644 -18.0364 194.3043 -7.330353 -17.75338 203.5316 -2.932191 -16.49662 207.0717 0.9718011 -14.85654 210.0419 4.705886 -19.55608 198.8309 -1.254426 -20.0065 201.9851 -3.029969 -19.90621 199.9195 -2.370682 -19.79561 200.6396 4.172271 -17.34317 205.5072 9.516265 -13.4452 209.8755 12.63907 -13.0453 210.9578 11.03267 -14.81507 210.6353 11.05981 -16.93271 209.8335 5.514999 -18.50944 207.7023 7.284255 -18.64643 206.3435 1.29454 -20.15882 203.7279 2.50003 13.02092 212.5851 10.026 13.55781 208.6652 17.29787 6.088134 207.8018 24.40134 1.90865 213.8421 21.20464 2.801953 217.0606 13.02464 6.792922 215.9992 12.66394 6.141419 214.4302 18.02629 4.817297 213.1418 20.78815 6.380707 211.9029 20.34276 8.926904 212.9606 17.42279 13.10211 205.2398 21.19031 8.399567 211.4037 20.55112 6.301532 211.5322 21.8848 -9.528927 185.2885 23.2178 -11.76923 184.728 21.86955 -10.36015 185.0063 19.61394 -8.290266 185.5243 20.85938 -13.97258 185.2064 20.43132 -12.3956 185.4481 18.28528 -15.80317 186.6506 19.12228 -14.08694 186.7826 17.07578 -16.98252 188.8412 18.14151 -15.17656 188.8062 16.16966 -17.33089 191.4444 17.63806 -15.49854 191.2114 15.70465 -16.79576 194.0637 17.68907 -15.00388 193.6314 15.75166 -15.45782 196.301 18.28655 -13.76798 195.6983 16.30364 -13.5214 197.8149 19.33946 -11.97886 197.097 17.27635 -11.2811 198.3757 20.68771 -9.908973 197.6151 18.52206 -9.077752 197.8973 22.12595 -7.873524 197.1732 19.85071 -7.247154 196.4531 23.43498 -6.182177 195.8388 21.06021 -6.067811 194.2626 24.41576 -5.092567 193.8149 21.96632 -5.719186 191.6593 24.91896 -4.770584 191.41 22.43134 -6.254566 189.04 24.86818 -5.265245 188.9899 22.38432 -7.59226 186.8027 24.27072 -6.501142 186.9231 21.83235 -11.07147 186.0067 25.2809 -13.14136 185.4886 24.0352 -15.1768 185.9305 22.70656 -16.86815 187.2649 21.49706 -17.95776 189.2886 20.59093 -18.27975 191.6937 20.12593 -17.78508 194.1138 20.17294 -16.54919 196.1806 20.72492 -14.76006 197.5794 21.69789 -12.69018 198.0974 22.94334 -10.65473 197.6555 24.27197 -8.963385 196.3211 25.48149 -7.873773 194.2975 26.3876 -7.551792 191.8923 26.85262 -8.046453 189.4723 26.8056 -9.28235 187.4054 26.25363 -12.68314 187.5688 26.73448 -14.26716 187.1724 25.78136 -15.82529 187.5105 24.76437 -17.11976 188.5317 23.83865 -17.95349 190.0808 23.14517 -18.20006 191.9215 22.78926 -17.82153 193.7737 22.8252 -16.87544 195.3557 23.24773 -15.50633 196.4262 23.99223 -13.92206 196.8226 24.9456 -12.36418 196.4845 25.96257 -11.06971 195.4632 26.88805 -10.23573 193.9142 27.58179 -9.989152 192.0735 27.9377 -10.36794 190.2213 27.90151 -11.31378 188.6393 27.47899 -14.11836 189.7372 27.35758 -14.97572 189.5228 26.8418 -15.81901 189.7058 26.29134 -16.51953 190.2585 25.79041 -16.9707 191.0968 25.41513 -17.10417 192.0929 25.2226 -16.89932 193.0955 25.24196 -16.38732 193.9516 25.47067 -15.64633 194.531 25.8736 -14.78897 194.7454 26.38962 -13.94568 194.5624 26.93984 -13.24516 194.0097 27.44078 -12.79399 193.1714 27.8163 -12.66052 192.1753 28.00884 -12.86537 191.1729 27.98923 -13.37738 190.3168 27.76074 -15.15896 192.1821 27.05545 12.46813 182.5913 19.43596 10.93438 182.3782 21.61644 8.855453 183.1068 20.10028 10.27232 183.3036 18.08595 9.538628 183.198 23.74489 7.566018 183.8644 22.06686 8.493507 184.9263 25.49782 6.600324 185.461 23.68633 7.957624 187.2993 26.60779 6.105161 187.6533 24.71184 8.012924 189.9561 26.90639 6.156437 190.108 24.98782 8.650855 192.4923 26.34789 6.745857 192.4511 24.47154 9.774647 194.5217 25.01724 7.783939 194.3259 23.24219 11.21263 195.7352 23.11701 9.112335 195.4472 21.48676 12.74613 195.9484 20.93678 10.5292 195.644 19.47241 14.14189 195.1285 18.80809 11.81864 194.8864 17.50583 15.18726 193.4004 17.05516 12.78458 193.2898 15.88663 15.72289 191.0272 15.94519 13.2795 191.0975 14.86085 15.66759 188.3704 15.64659 13.22847 188.6428 14.58513 15.02966 185.8342 16.20534 12.6388 186.2997 15.10115 13.90612 183.8048 17.536 11.60097 184.4249 16.33052 14.56818 182.8793 21.06622 13.15131 182.6825 23.08057 11.86187 183.4401 25.04715 10.89618 185.0367 26.66661 10.40102 187.229 27.69212 10.45229 189.6837 27.96785 11.04171 192.0268 27.45183 12.0798 193.9016 26.22247 13.40819 195.0229 24.46703 14.82506 195.2197 22.45268 16.11475 194.4621 20.48612 17.08044 192.8655 18.86665 17.57535 190.6733 17.84114 17.52433 188.2185 17.56516 16.93491 185.8754 18.08144 15.89683 184.0006 19.31079 16.25299 184.1243 22.72842 15.16866 183.9735 24.27022 14.1816 184.5533 25.77532 13.44263 185.7752 27.01473 13.06359 187.4532 27.7997 13.1028 189.332 28.01083 13.55397 191.1254 27.61571 14.3485 192.5602 26.6749 15.36522 193.4185 25.33118 16.4498 193.5691 23.78963 17.43661 192.9892 22.28429 18.17583 191.7674 21.04486 18.55462 190.0894 20.2599 18.51541 188.2105 20.04901 18.06448 186.4171 20.44388 17.26996 184.9824 21.38469 17.26619 186.1361 24.16968 16.67928 186.0547 25.00391 16.14516 186.3683 25.81854 15.74501 187.0296 26.4894 15.54016 187.9378 26.91419 15.56127 188.9545 27.02829 15.80533 189.9252 26.81465 16.2354 190.7017 26.30541 16.78561 191.1661 25.57825 17.37251 191.2476 24.74376 17.90663 190.9339 23.92938 18.30679 190.2726 23.25853 18.51164 189.3645 22.83374 18.49053 188.3477 22.71938 18.24646 187.377 22.93327 17.8164 186.6006 23.44251 17.4532 188.6089 25.1703 -5.319943 174.7383 21.22971 -2.22052e-4 176.3475 23.46344 -3.485475 168.3313 25.18749 2.855915 177.0265 23.24867 4.081007 174.4516 22.24373 0.7252501 177.256 23.79256 0.4301376 173.8711 23.26502 -5.818278 168.7304 23.58473 -1.061632 167.8533 25.07288 -2.142345 167.7498 24.69441 0.9222077 167.6065 24.40541 -1.928661 168.9618 23.8177 4.726473 171.2484 23.24666 -5.402613 168.855 22.70647 0.2207962 166.8225 25.38138 -3.851204 174.205 21.87558 -4.864645 171.0189 23.82996 -4.705555 177.4595 21.35161 -5.741498 174.3327 21.98212 4.309494 175.0359 22.12894 0.856432 177.924 22.68303 2.865633 175.6173 21.99811 -0.1554934 175.027 22.9801 2.188283 173.9545 22.2748 -4.939761 177.581 22.31351 3.324181 175.7517 22.99997 5.517295 171.8789 22.50928 2.954304 173.3261 23.04048 -3.261852 175.9333 22.92383 3.923675 171.3651 22.65202 4.001528 174.8063 23.49394 -3.466173 177.4051 21.98018 5.492908 174.7602 22.57445 -3.110895 175.4579 22.12837 -4.115041 167.4312 24.91312 -5.300712 176.7276 21.15515 -2.934639 167.8637 24.46774 -3.331499 170.183 25.05234 -3.701694 170.6306 23.70302 -3.917338 177.3833 22.87158 2.78463 177.1473 22.19836 0.8806864 173.9194 22.48766 3.958338 172.2613 23.64276 -1.677573 170.1932 24.88498 -4.037177 174.117 22.81197 -1.240458 166.4704 24.22756 5.328994 173.9936 21.73229 -0.01841604 169.7694 24.21944 5.465709 172.2055 21.91448 0.03867828 174.4257 23.74689 -4.558007 173.725 22.31117 0.6533936 168.046 25.33421 4.79796 175.0665 22.98065 -4.728421 167.3018 23.34779 0.4634366 169.7458 25.08479 -5.883663 176.7599 21.91971 -5.468085 167.4857 23.90994 -1.612609 166.7553 25.04782 1.853785 177.9609 23.51679 0.6352002 118.0168 19.22565 0.6215582 119.1085 19.1291 -0.3252111 119.6309 18.95158 0.4349083 119.1147 19.82017 0.4472479 118.1273 19.90751 -0.3968301 117.6126 19.83424 -0.4215098 119.5875 19.65957 -1.265766 119.0728 19.58627 -1.258373 119.0621 18.87056 -1.24473 117.9704 18.96712 -0.2979309 117.448 19.14465 -1.253424 118.0853 19.67361 -0.1663851 142.4942 12.15649 -0.1663848 143.4282 11.58296 -1.079009 143.7586 11.07429 -0.4478772 143.7269 12.16945 -0.4478767 142.8821 12.68822 -1.273405 142.3363 12.74678 -1.273405 144.026 11.70923 -2.099107 143.4802 11.76776 -1.99166 143.1555 11.13893 -1.991659 142.2215 11.71246 -1.079007 141.891 12.22113 -2.099103 142.6354 12.28653 6.297494 111.6225 17.66654 6.143357 106.7752 17.6209 5.163853 106.8103 17.85445 5.317395 111.6414 17.89964 6.151905 111.6371 16.56182 5.024855 111.6583 16.88617 4.871217 106.8271 16.8407 5.997787 106.7873 16.51644 6.28396 106.7728 17.27418 6.438328 111.6225 17.31974 5.44981 111.7478 17.66412 6.115086 111.7378 17.47188 5.263451 111.7586 17.01856 6.023709 111.7471 16.79891 6.17204 111.7385 17.31277 5.289114 106.7004 17.61678 5.953815 106.674 17.42436 6.010693 106.6724 17.26527 5.862342 106.681 16.75136 5.102717 106.7111 16.97122 4.366275 108.8922 18.19678 3.543155 108.9182 17.91455 3.565686 109.6257 17.92115 4.388806 109.5997 18.20345 5.174914 109.5772 18.21025 5.152363 108.8697 18.20355 6.580313 109.54 17.8336 6.557801 108.8326 17.82699 4.434715 109.599 17.91864 3.658732 109.6133 17.64856 3.631597 108.9257 17.64013 4.414963 108.8933 17.91247 5.158403 109.58 17.92224 5.135871 108.8726 17.91557 6.449414 108.838 17.55969 6.471965 109.5454 17.56634 2.871547 112.8518 17.73821 -0.3401559 112.5191 18.63672 0.3475379 111.9086 18.48376 2.803968 112.1953 17.77423 0.2164927 106.8033 18.42639 0.1730194 109.3653 18.4758 -0.4951339 109.3827 18.61158 -0.4695896 106.2135 18.55612 5.276132 106.4554 17.61594 5.452437 111.9919 17.66788 6.135835 112.5499 17.48097 5.922865 105.8626 17.41832 5.266155 112.0027 17.02231 5.089831 106.4661 16.97041 5.828823 105.7888 16.74452 6.047009 112.6403 16.80877 3.068741 112.7586 18.3708 3.009619 112.1841 18.40232 2.847622 105.8148 18.3057 2.825166 106.391 18.34802 -0.1861209 109.3692 19.20512 -0.02713483 112.4321 19.22758 0.5738029 111.8975 19.09402 0.3979365 109.3538 19.08639 -0.1589292 106.2756 19.15059 0.4414534 106.7917 19.03708 2.645194 105.7437 17.67156 2.619497 106.4021 17.71985 -22.75575 148.8037 1.233703 -21.28846 151.4842 -0.02244591 -26.00448 150.5728 0.1307218 -26.63466 148.4074 0.9001615 -23.54433 145.4405 -3.122116 -23.64615 146.3359 0.3092801 -27.12178 146.1967 0.2086637 -27.88758 144.8816 -3.579376 -23.41288 146.4861 -4.939728 -27.99811 145.8855 -5.240555 -18.57935 145.1456 -2.87996 -18.86072 146.1706 0.5151059 -18.35198 146.4835 -5.296936 -17.47883 151.9167 0.1622768 -17.16446 152.6973 -3.065751 -21.6478 152.3636 -3.209259 -18.3381 148.98 1.729629 -16.62137 111.9166 -3.818245 -11.97312 111.6733 -9.725022 -10.53513 107.3983 -8.437592 -14.39463 107.2274 -2.445122 -17.29901 112.1023 2.836555 -15.50736 107.4845 3.220116 -13.53576 108.7393 8.908204 -15.12909 113.0338 9.603196 -8.693724 110.0523 13.96918 -9.376656 114.4615 15.12011 -9.960809 121.7567 14.0506 -15.21255 119.6469 9.766822 -17.35834 118.5638 2.721168 -15.94323 117.7806 -4.2938 -11.88088 117.3028 -10.1958 -14.60202 127.2614 9.152009 -10.11967 128.5737 12.80893 -16.44947 126.2559 2.930809 -15.04441 125.8968 -2.622062 -11.07254 125.6796 -8.104302 -14.19272 149.9233 3.452041 -15.01286 152.3146 0.9156795 -11.05792 151.8854 3.704895 -11.91868 153.408 1.411041 -15.54265 145.695 3.173995 -12.24546 148.2718 5.160812 -8.931024 149.2296 6.177734 -8.564129 146.6666 7.604187 -14.81659 148.9577 -7.072113 -11.5125 150.8172 -6.956681 -12.39356 147.1665 -8.268236 -12.00657 142.5909 -8.011507 -15.66094 144.8051 -6.180314 -13.55329 132.5559 -5.006905 -11.14729 132.6531 -7.590294 -16.5447 142.7892 -2.829712 -15.43515 138.6642 -2.501816 -15.54695 132.9038 3.308334 -16.38882 143.6209 1.267425 -10.61694 143.092 8.267609 -15.52126 139.0568 2.884109 -13.97533 133.5039 8.040787 -9.924868 134.5413 11.64014 -7.366943 153.3224 3.631057 -8.378292 154.6347 1.461044 -7.071531 142.4036 -9.340455 -6.43963 132.7633 -9.744385 -5.858755 125.9848 -11.05619 -5.640074 117.2015 -12.55321 -5.32638 111.5702 -13.0969 -4.812107 107.3535 -11.64836 -26.55592 151.7993 -3.326554 -17.43782 149.5313 -5.996399 -26.90536 150.8604 -4.8051 -22.26389 150.9842 -4.941727 -22.39475 149.4589 -5.679169 -27.20337 149.6468 -5.829087 -17.34023 151.4077 -4.816086 -14.32313 153.3798 -2.482453 -14.59657 151.643 -5.278794 -12.50729 153.8196 -2.380555 -12.0787 152.6655 -4.996354 -8.872641 155.275 -1.386338 -8.098037 154.3 -4.486603 -8.543364 155.378 -1.252274 -7.801212 154.4288 -4.41449 25.97883 150.5253 0.101074 21.27233 151.4429 -0.02725231 22.7467 148.8457 1.063949 26.57626 148.393 0.7818297 21.64159 152.3618 -3.210114 26.55579 151.8014 -3.331421 23.6508 146.438 0.2266691 27.09778 146.2549 0.1241911 23.51339 145.2697 -3.137253 27.91924 144.7709 -3.601059 27.21401 149.6501 -5.840637 28.01472 145.8719 -5.253632 23.38117 146.3836 -5.017197 22.38796 149.4624 -5.699875 26.90639 150.8677 -4.813858 22.25679 150.9777 -4.948288 17.4704 151.9033 0.1515955 18.27838 148.9873 1.569808 15.00427 152.2977 0.9155723 14.11739 149.8717 3.351333 17.15901 152.7022 -3.059662 14.31608 153.3822 -2.494706 18.84373 146.3094 0.4237818 15.23902 142.1772 2.421584 16.55536 141.4593 -2.640733 12.26841 145.1709 5.017974 17.33605 151.4156 -4.791794 14.5847 151.6657 -5.22284 18.37457 146.4045 -5.393708 17.43404 149.5383 -6.005341 14.22543 152.1335 -7.156266 15.40067 147.493 -7.062317 18.5614 145.1095 -2.878357 16.49486 143.1571 -6.084046 14.12789 140.0397 4.158737 10.35219 142.9322 7.820449 15.67986 138.6475 -2.59636 8.486094 146.6022 7.443313 12.38484 140.9106 -8.113161 12.3509 147.1476 -8.185228 11.48838 150.8332 -6.880006 12.09222 152.681 -4.933442 12.49882 153.7927 -2.357331 11.90671 153.3895 1.434112 9.970506 150.492 5.83963 9.314056 149.1692 6.490661 13.44238 133.3571 7.870101 9.699938 134.4297 11.32846 5.05998 135.5367 13.56525 4.988094 130.152 15.4451 10.30821 128.6557 12.96527 10.45399 122.1996 15.20732 5.178869 124.8192 16.92558 4.463524 115.8 17.87367 9.562952 114.3821 15.3046 8.670398 110.3879 13.23196 13.48303 108.7445 8.852143 15.48405 112.8752 9.916878 16.12298 119.8663 9.762031 16.95369 112.221 2.746551 15.48781 107.5104 3.228142 17.12537 118.6008 2.694275 14.40172 107.203 -2.45166 16.59577 111.9085 -3.762459 15.43628 117.3646 -4.185989 11.90127 111.6856 -9.659676 10.85062 107.1017 -8.812371 11.3033 117.0932 -9.437988 10.77798 125.6112 -7.657157 15.00145 125.8937 -2.602722 16.49548 126.2637 2.918472 14.64453 127.2792 9.187691 15.49548 132.9149 3.27565 14.53168 131.9749 -2.711823 11.24646 132.698 -7.64711 8.863256 155.2712 -1.367417 8.373958 154.6384 1.460693 7.98099 153.9761 -4.739441 8.54597 155.3769 -1.237488 7.362542 153.3188 3.647399 4.623129 150.0158 6.938354 4.434868 110.8486 15.82239 -4.583377 110.6143 16.01594 -4.490634 115.7919 17.87769 -4.776678 124.6305 16.61867 -0.03768658 116.6113 19.42929 0.1191623 110.686 18.10391 -4.954131 130.1233 15.29454 0.2810279 125.0618 18.57117 -5.075031 135.5432 13.58209 -4.706801 141.9695 11.10426 0.1478106 131.142 16.6991 4.601012 141.9067 10.95496 0.02590435 136.2028 15.30435 0.02716028 142.4529 12.32834 -4.634164 149.962 6.838806 -3.770518 146.4386 9.047699 -0.3488637 148.5787 8.908066 3.768532 146.4471 9.065033 0.2641849 145.1635 10.59024 5.381957 106.7885 -12.64347 5.203242 111.4822 -12.82243 5.210531 116.8933 -12.07491 0.1460465 111.5777 -13.93441 0.055314 107.1987 -12.35818 5.640093 125.9252 -10.45044 0.09778237 117.0934 -13.11199 6.46126 132.7655 -9.819291 7.093664 142.4255 -9.520188 -0.1404992 125.5617 -11.77858 -0.377273 132.2176 -11.20399 0.01961249 142.6648 -10.1086 1.822058 152.0616 -8.124421 -1.171794 152.0186 -8.166153 -6.392145 153.209 -6.84404 4.225485 152.3946 -7.720246 5.558307 153.4273 -5.605622 -3.428935 152.2016 -7.937424 -6.037471 153.5442 -5.536805 6.366219 153.2358 -6.845795 7.98889 154.6434 -4.618302 7.694709 147.1034 -8.606324 0.03745901 147.8419 -8.664322 3.472183 152.8475 -6.323487 0.4763206 152.2757 -6.974747 -7.667226 147.1492 -8.762162 -3.454824 152.8704 -6.288804 0.8608947 148.7558 8.655579 -8.037998 154.6903 1.562789 8.032368 154.6924 1.560623 4.720654 153.863 4.195098 -4.677398 153.8125 4.135269 -1.039829 150.3709 7.523895 1.456345 151.2816 7.182418 57.38806 150.2969 -7.169418 57.6314 146.2531 -7.062073 62.15918 148.2796 -7.204239 62.66154 150.8223 -7.55574 49.2429 145.6897 -5.982788 48.28395 149.415 -5.993683 49.09887 143.3596 -3.222046 56.84372 143.7917 -4.481583 61.72389 145.5463 -3.323395 48.82712 143.8978 0.3937529 56.96134 144.0246 0.7667998 41.89931 143.4112 -2.321564 41.74816 143.8494 0.514633 57.31695 153.6403 -2.592163 47.66517 152.2411 -2.31958 48.54692 146.5146 2.627289 56.72597 146.8568 2.835296 57.12479 150.7147 2.32222 47.88556 149.6644 0.5950468 41.6515 146.5744 2.752899 41.3002 149.5433 2.160385 41.27853 151.2109 -1.954666 62.85601 154.4508 -2.651367 62.56326 144.4338 0.816696 110.8805 147.5111 6.535019 113.0093 152.0372 6.585892 110.7853 147.2772 1.719391 112.9969 152.1878 1.813461 85.90633 152.8311 1.210617 93.02212 150.2847 0.357147 92.71998 149.7799 1.479828 74.88952 143.6998 8.938963 69.51721 143.182 2.756805 108.8069 146.1084 -11.01897 111.734 151.9025 -10.61404 108.7787 146.1647 -6.203843 112.0926 151.4877 -5.73076 100.0502 147.2419 -6.322846 99.33538 147.4838 -10.57028 79.93169 140.3839 9.923271 84.4533 145.2139 -4.785034 91.36756 144.9087 -5.397248 92.37229 151.3168 -6.126862 92.40159 149.9704 -4.865417 85.12126 153.415 -4.192154 85.80055 149.7725 7.392592 85.41757 146.8407 10.00837 78.7639 152.3807 6.262706 100.8865 147.8231 6.70227 110.3746 145.2669 0.4314726 101.2909 147.4605 -0.05863964 111.0685 145.6004 -4.628403 114.5266 149.825 -4.422806 114.5531 149.334 0.5534819 101.4541 147.2055 -4.452209 90.75959 150.8289 -12.79185 90.6823 149.8497 -11.39745 84.01134 152.9922 -11.66826 103.1734 145.9089 -18.1214 108.0355 151.1494 -17.61101 103.5731 145.3502 -13.83495 108.0554 150.3273 -12.90717 96.64797 148.0268 -12.98683 84.43428 146.4834 -16.10194 90.22098 146.4772 -17.06398 90.8148 149.9557 -16.93279 83.22641 150.043 -16.44806 78.64779 155.2153 -4.140106 87.01875 145.5428 -12.38007 81.86424 144.9003 -10.96471 79.61811 145.3016 -14.20908 78.34239 149.5325 -15.2914 72.39822 144.1363 -3.595673 72.43631 143.0872 -10.04227 92.62687 144.3829 0.9695128 89.26973 144.3023 12.50116 81.21301 144.8183 13.12524 85.31368 141.5513 15.76198 84.28479 138.09 12.52802 90.88566 138.6702 17.88137 87.96701 136.4762 14.19138 69.04163 146.6242 6.26442 75.60286 148.9147 11.33939 83.20879 140.1794 7.766088 88.12207 143.4302 8.076695 87.9235 141.1823 9.531665 91.03918 139.1118 11.65572 93.95748 141.2411 15.32648 78.60022 154.4254 1.511062 71.10868 152.7518 3.919769 70.69654 154.739 -3.298142 77.951 154.0294 -10.4075 71.98171 149.171 -13.07054 71.50601 153.3068 -9.444886 62.58182 146.4621 3.62326 68.22195 147.0122 -10.186 68.1104 151.2982 -8.599396 67.14269 144.0577 -3.16153 67.75142 154.6575 -2.731171 67.16682 151.0742 2.972778 67.01059 146.351 4.130264 67.44627 144.0806 0.3119658 62.42717 151.2194 2.820556 102.2928 150.7107 -4.02861 101.643 149.9324 -0.008545041 94.05854 146.0596 0.5803679 94.78966 146.1837 1.394623 93.30818 146.6482 -5.052704 101.7354 150.4114 6.635544 92.81628 148.7045 6.732147 92.72078 144.9776 6.92009 102.0801 150.6913 2.221466 101.2774 148.2269 1.901489 101.0775 151.1611 -10.14989 101.0762 150.9347 -6.053116 90.46113 147.0489 -11.79176 93.23877 146.4544 -5.530518 98.71023 151.5207 -12.63574 99.21559 151.7475 -16.41275 96.6276 147.626 -16.80179 90.04765 147.233 -12.79793 37.21174 146.7027 1.678009 37.10124 149.2255 1.120254 37.12762 144.2873 0.4830626 16.96233 147.6004 -1.404709 16.98032 149.9024 -0.6319432 31.46245 148.0166 0.3298949 31.82148 145.6785 -0.5611422 31.47873 149.7338 -0.3562166 17.17778 151.2315 -1.555863 17.37516 151.8444 -2.799927 31.45601 150.9763 -1.7939 31.9928 144.2919 -3.148117 17.63589 146.9046 -3.889878 17.76713 149.5312 -5.428772 31.60699 148.9196 -5.710022 31.878 146.0188 -5.505417 17.823 147.8059 -4.73732 33.51359 145.807 -5.504395 33.42177 148.9148 -5.698288 36.50806 143.5512 -2.650299 36.7338 146.0284 -5.631714 41.84484 145.724 -5.343079 38.86596 145.9575 -4.545822 41.56738 148.2249 -4.846573 36.35349 148.6639 -5.749207 36.51155 151.1822 -1.278687 38.85658 148.8248 -4.263153 75.66938 141.6039 4.753408 -57.38797 150.2968 -7.169327 -57.63132 146.2531 -7.061997 -62.15912 148.2796 -7.204148 -62.66147 150.8223 -7.555649 -49.24281 145.6896 -5.982728 -48.28386 149.415 -5.993622 -49.09879 143.3595 -3.222 -56.84364 143.7917 -4.481522 -61.72384 145.5462 -3.323303 -48.82705 143.8978 0.3937985 -56.96127 144.0245 0.766876 -41.89923 143.4112 -2.321518 -41.74808 143.8494 0.5146787 -57.31686 153.6403 -2.592087 -47.6651 152.2411 -2.319519 -48.54684 146.5146 2.62735 -56.72589 146.8568 2.835373 -57.1247 150.7147 2.322311 -47.88548 149.6644 0.5951078 -41.65141 146.5744 2.752945 -41.30012 149.5433 2.160431 -41.27844 151.2109 -1.954605 -62.85593 154.4507 -2.651276 -62.56321 144.4338 0.8167875 -110.8804 147.5111 6.535156 -113.0092 152.0373 6.586029 -110.7852 147.2773 1.719513 -112.9968 152.1879 1.813599 -85.90637 152.831 1.210754 -93.02223 150.2848 0.3572232 -92.71992 149.7798 1.479919 -74.88945 143.6999 8.939115 -69.51722 143.1819 2.756912 -108.8069 146.1084 -11.019 -111.7339 151.9026 -10.61407 -108.7787 146.1647 -6.203873 -112.0926 151.4877 -5.730774 -100.0502 147.2419 -6.322892 -99.33538 147.4838 -10.57033 -79.93162 140.384 9.923388 -84.63034 145.3334 -4.322114 -91.52139 144.9003 -5.409836 -92.42813 151.3126 -6.147461 -92.31732 149.9724 -4.849518 -85.05836 153.3936 -4.27504 -85.80057 149.7725 7.392747 -85.41751 146.8408 10.0085 -78.76392 152.3807 6.262866 -100.8865 147.823 6.702377 -110.3746 145.2669 0.4315642 -101.3796 147.4458 -0.05744951 -111.0685 145.6005 -4.628311 -114.5266 149.8251 -4.422714 -114.5531 149.3341 0.5535735 -101.4396 147.2061 -4.452698 -90.67378 150.828 -12.78201 -90.65277 149.8499 -11.39593 -84.16017 152.9922 -11.42857 -103.1735 145.9088 -18.12129 -108.0356 151.1493 -17.61089 -103.5732 145.3501 -13.83484 -108.0555 150.3273 -12.90704 -96.71752 147.9359 -12.98505 -84.43733 146.4829 -16.11231 -90.22103 146.4771 -17.06387 -90.81483 149.9556 -16.93268 -83.18877 150.048 -16.31258 -78.64785 155.2152 -4.139954 -86.85097 145.564 -12.3631 -81.86429 144.9002 -10.96457 -79.63506 145.2926 -14.44887 -79.01824 150.8471 -14.15611 -72.39826 144.1362 -3.595551 -72.43634 143.0871 -10.04214 -92.63105 144.3829 0.9699705 -89.26968 144.3024 12.50132 -81.21293 144.8184 13.12536 -85.31362 141.5514 15.76212 -84.28473 138.0901 12.52817 -90.88555 138.6703 17.88151 -87.96691 136.4762 14.19152 -69.04163 146.6241 6.264541 -75.6028 148.9148 11.33955 -83.20872 140.1795 7.766212 -88.12544 143.3637 8.099373 -87.92345 141.1823 9.53183 -91.03907 139.1118 11.65586 -93.95738 141.2411 15.32662 -78.60025 154.4253 1.511215 -71.10871 152.7518 3.919891 -70.69657 154.7389 -3.29802 -77.95105 154.0292 -10.40735 -71.98176 149.1709 -13.0704 -71.50605 153.3067 -9.444764 -62.58177 146.462 3.623352 -68.22199 147.0121 -10.18588 -68.11043 151.2981 -8.599259 -67.1427 144.0576 -3.161423 -67.75141 154.6573 -2.731034 -67.16681 151.0741 2.9729 -67.01061 146.351 4.130371 -67.44629 144.0805 0.3120877 -62.4271 151.2194 2.820648 -102.2928 150.7108 -4.028503 -101.643 149.9325 -0.008453547 -94.05865 146.0597 0.5804594 -94.7732 146.184 1.410644 -93.34738 146.6464 -5.068573 -101.7354 150.4113 6.635651 -92.81621 148.7044 6.732239 -92.76504 144.9738 6.921524 -102.0801 150.6912 2.221573 -101.2774 148.2269 1.901581 -101.0776 151.1611 -10.14993 -101.0763 150.9347 -6.053162 -90.38578 147.0498 -11.79202 -93.12937 146.4573 -5.490952 -98.57267 151.5018 -12.63527 -99.05692 151.7522 -16.41271 -96.7149 147.5375 -16.80005 -90.22215 147.2338 -12.8056 -37.21164 146.7027 1.678055 -37.10114 149.2255 1.1203 -37.12753 144.2873 0.4830777 -17.52785 147.4457 -1.010819 -17.53902 149.7403 -0.2415775 -31.46236 148.0166 0.32991 -31.8214 145.6785 -0.5611117 -31.47864 149.7339 -0.3561862 -17.73497 151.071 -1.164917 -17.93265 151.6853 -2.408356 -31.45593 150.9763 -1.793884 -31.84463 144.473 -2.676163 -18.09751 146.9459 -3.015228 -18.33229 149.375 -5.035538 -31.60692 148.9196 -5.710007 -31.87792 146.0189 -5.505387 -18.39098 147.6515 -4.343171 -33.51351 145.807 -5.504364 -33.42169 148.9148 -5.698258 -36.50798 143.5512 -2.650269 -36.73373 146.0284 -5.631684 -41.84477 145.724 -5.343018 -38.86589 145.9575 -4.545777 -41.56731 148.2249 -4.846512 -36.35342 148.6639 -5.749176 -36.51146 151.1822 -1.278641 -38.85651 148.8248 -4.263123 -75.66933 141.604 4.753562 -3.02576 149.4907 10.33537 -2.192278 151.3661 9.022812 -5.455169 151.4862 7.634338 -8.070272 154.7127 1.576004 -4.910715 154.5588 5.613723 -7.289359 153.4595 4.501739 -5.660686 156.6623 1.324401 -4.486872 154.9491 3.71878 8.032367 154.6924 1.560607 4.720652 153.863 4.195098 5.003789 156.0577 2.636459 5.684933 156.6687 1.318618 7.263261 153.4799 4.505508 4.909669 154.5748 5.627288 5.41715 151.5081 7.625549 3.027045 149.4465 10.30597 2.184513 151.357 9.01175 -4.677396 153.8125 4.135269 -1.950478 152.7259 7.037124 -1.03983 150.3709 7.523895 1.901741 152.6992 6.944137 1.456346 151.2816 7.182418 -2.083562 151.7513 9.316529 -3.26089 149.5336 10.95911 -4.184358 153.2106 7.761413 -5.684417 151.6843 8.122605 -8.755851 155.649 -1.440873 -8.171226 155.11 -4.938111 -7.173326 157.1839 -1.405625 -6.427672 156.7524 -4.819993 -8.371806 155.0383 2.08908 -6.95148 156.4654 1.998687 -7.561786 153.8386 4.760528 -5.625103 155.0734 5.363265 8.669932 155.6117 -1.46016 8.301265 155.0064 2.064544 7.485745 153.809 4.713272 5.541003 151.7203 8.042176 5.561541 155.0425 5.318267 4.128839 153.1697 7.685745 6.912233 156.451 1.990631 7.129141 157.1847 -1.385025 8.118764 155.0297 -4.913681 6.392618 156.7105 -4.794342 -1.677378 152.9799 7.103622 -1.665313 152.5488 6.644912 6.461774 153.4776 -7.20105 4.71247 155.2333 -6.757157 -4.696112 155.2622 -6.762177 -6.48917 153.4914 -7.235978 4.257777 152.5501 -8.197159 1.616074 154.8826 -7.378998 1.856114 152.2386 -8.590775 -1.13572 152.1534 -8.660386 -1.263155 154.8283 -7.443345 -3.502445 152.3761 -8.410538 0.2376689 145.6007 10.02835 -0.2951971 148.4914 8.447464 0.8092423 148.7119 8.249039 1.637946 152.7768 6.441055 1.600746 152.9952 7.100357 3.072155 154.4541 6.056243 2.078817 151.7641 9.32985 4.322378 156.0114 3.71138 4.896462 156.966 1.349182 1.381818 151.2709 6.827896 2.899728 153.6233 5.138305 4.023018 155.1299 3.122222 5.177976 157.4637 -1.571518 4.443026 155.8852 0.8432155 4.524965 156.2153 -1.638123 4.49983 156.7994 -4.501526 3.88251 155.5547 -3.999833 3.101057 155.6804 -5.491349 3.118652 154.8328 -4.82779 1.331041 155.1599 -5.995316 1.450182 154.2718 -5.544129 -1.106562 155.1325 -6.009888 -0.8119807 154.249 -5.635621 -3.110838 155.6731 -5.475754 -2.979632 154.7627 -4.930069 -4.46512 156.7876 -4.501526 -3.985793 155.6774 -3.838715 -5.170662 157.4539 -1.564484 -4.549071 156.2459 -1.144226 -4.910511 156.9585 1.348434 -4.362316 155.6982 1.587722 -4.373375 156.0094 3.726211 -3.839755 154.772 3.715911 -3.135719 154.3766 6.033126 -1.602727 152.8243 6.462677 -1.019842 150.4296 7.144226 -2.675496 153.4366 5.390914 3.168676 149.5366 10.90054 -3.025625 149.4906 10.33549 -2.192146 151.366 9.02295 -8.596076 155.4172 -1.228837 -7.836469 154.4903 -4.384644 -5.455029 151.4861 7.634475 -8.070132 154.7125 1.576141 -7.289216 153.4594 4.501892 8.546074 155.3768 -1.237351 8.032478 154.6923 1.56076 7.263372 153.4797 4.505661 5.417265 151.508 7.625686 3.027165 149.4464 10.30609 2.184636 151.3569 9.011887 -1.950346 152.7258 7.037261 -1.039698 150.3708 7.524017 -0.3487349 148.5786 8.908188 0.2643124 145.1634 10.59036 1.822182 152.0614 -8.124253 -1.171663 152.0185 -8.165986 -6.3967 153.2093 -6.843873 4.225604 152.3945 -7.720093 -3.428799 152.2014 -7.937256 6.366332 153.2357 -6.845627 7.988994 154.6432 -4.618149 1.901865 152.6991 6.944259 1.45647 151.2815 7.18254 0.8610208 148.7557 8.655716 -14.82458 90.21575 3.881883 -9.836861 88.83923 4.031803 -9.160734 93.15967 3.217319 -14.30641 94.04472 3.317745 -7.527153 88.00036 0.4612297 -7.372609 92.60711 -0.1646993 -9.694096 89.57984 -4.802738 -10.07066 93.73065 -4.164111 -16.49909 90.73413 -0.5471156 -16.061 94.74079 -0.5523787 -15.32901 83.79583 5.654149 -9.470602 82.85931 6.323631 -15.25184 77.33398 7.665735 -9.22154 76.68178 8.046075 -17.90646 84.58322 0.106181 -18.30021 78.00643 1.375881 -15.59158 70.87705 9.260535 -9.422618 70.3934 9.455809 -18.47958 71.50829 1.625221 -6.07346 70.12578 4.561294 -5.55512 76.18981 3.496912 -6.019351 82.1129 1.923353 -8.206832 70.02958 -3.03775 -8.291119 76.09832 -5.996548 -18.27477 65.05702 2.238284 -15.73454 64.26821 10.50318 -9.503519 64.0677 11.05146 -6.189667 64.01761 5.678128 -8.381476 64.16472 0.1430345 -19.34386 53.13869 -0.7201563 -18.66767 59.02016 0.8237903 -16.49364 59.09154 -3.854994 -17.30302 52.99763 -6.537135 -14.66343 52.12168 7.604621 -14.15985 58.5724 8.569802 -9.595296 58.19137 9.748348 -10.1619 52.51504 7.953497 -6.312103 52.32004 3.435477 -6.224344 58.15534 4.604248 -12.57142 90.4109 -5.391139 -12.07187 94.28829 -4.500658 -13.75086 94.57094 -3.867213 -14.63213 90.56439 -4.378559 -15.57742 83.63544 -5.484607 -13.29439 64.31572 -1.337062 -14.17876 76.22414 -4.989132 -8.917521 82.83731 -6.79937 -12.86794 83.43022 -7.624134 -11.68283 75.98416 -6.530865 -14.06803 70.11228 -3.42211 -11.1946 69.6176 -4.054046 -10.67255 64.27308 -1.090719 -7.704128 59.1602 -1.354734 -12.12003 60.0383 -4.650109 -5.663065 52.82234 -3.30987 -13.18502 27.88914 -6.611018 -15.50376 39.64566 -6.663166 -10.25355 39.59795 -8.124742 -9.856147 27.75086 -6.421567 -16.7901 46.33068 -6.919178 -18.32714 47.86021 -2.406895 -16.1675 28.47377 -2.441085 -18.3373 40.90748 -3.493379 -14.64071 46.06787 6.376867 -13.59942 28.64479 5.787846 -14.39049 40.07725 4.971066 -10.29071 46.70716 6.648046 -9.300938 29.19875 5.23512 -10.21852 40.8896 5.374001 -5.821906 29.08573 1.533384 -5.988242 40.75439 1.119602 -5.989444 46.50659 2.420934 -10.95011 53.17612 -7.38459 -10.43011 46.40784 -8.195515 -15.75406 22.31676 -1.948291 -13.51811 22.6572 5.142903 -8.402577 22.80578 4.901225 -12.52635 21.77476 -7.286933 -9.279076 21.77916 -7.726019 -13.18973 15.82619 -11.90748 -8.977237 15.54479 -12.74674 -17.81093 16.70428 -4.763762 -15.00223 17.04194 3.172246 -5.934126 16.5245 3.215554 -6.147395 22.47723 -2.81685 -5.496361 15.75884 -9.222233 -3.039469 16.46167 -1.242861 -5.015331 22.96602 1.042363 -6.286943 28.39623 -4.350984 -5.935001 10.03792 -14.48936 -13.99197 9.650932 -15.67701 -2.479049 10.34102 -9.1915 -6.761017 13.63261 6.639074 -2.304615 12.65675 0.1830849 -16.90408 14.67111 4.459431 -17.93296 13.33549 6.504077 -7.313823 12.40748 9.364963 -18.7863 12.14682 9.334558 -7.845685 11.89749 12.10747 -20.00746 9.965591 -4.827858 -5.318947 40.08854 -5.130009 -5.150857 46.50951 -4.528434 -1.373867 7.849042 0.2527406 -1.88783 6.470927 -8.716449 -2.468637 3.088251 -0.07736712 -3.274784 3.048235 -3.872523 -24.3839 2.553484 17.43942 -25.44913 6.907134 17.06892 -25.14651 7.393276 7.993353 -23.69044 2.827201 7.299368 -19.43527 10.60253 16.27465 -9.892434 11.32316 18.59513 -6.748517 7.527228 20.57327 -7.094377 1.728533 20.86962 -4.613542 2.163122 11.32552 -4.200069 7.800194 12.03634 -23.14601 9.434248 2.676995 -24.00538 6.118403 2.263775 -20.81981 6.425772 -5.056408 -20.41663 2.626246 -4.543424 -23.57582 2.631906 1.857844 -4.272964 10.4419 7.044232 -2.882734 6.615583 5.790489 -2.792248 2.579867 4.190891 -5.462096 6.963075 -14.9059 -14.77605 5.525172 -15.53036 -5.951214 2.623236 -14.11638 -14.43372 2.008748 -12.77488 14.64054 90.10829 3.644067 14.21961 94.05018 3.127132 9.139133 93.16646 3.201748 9.82419 88.8561 4.036738 16.48003 90.72972 -0.5496792 15.81575 94.72293 -0.4992478 7.550865 87.9776 0.4304144 7.355783 92.60386 -0.1641883 9.692661 89.56514 -4.774113 10.07593 93.72928 -4.137683 12.05693 94.26515 -4.351283 12.56714 90.39375 -5.344982 14.66662 90.57346 -4.344563 13.67997 94.5483 -3.877734 8.916422 82.83753 -6.797799 5.915873 82.16098 1.966985 12.89241 83.39524 -7.617969 17.89915 84.58907 0.1173197 15.58409 83.63682 -5.571865 15.34886 83.80511 5.633435 9.498803 82.87364 6.340026 15.65924 63.99665 10.46585 15.60884 70.84426 9.28068 9.427205 70.3431 9.501656 9.417608 63.81057 11.04005 15.1313 58.01239 9.373479 9.539033 58.01836 9.768747 17.96339 65.06966 2.367428 18.51773 71.48707 1.617853 18.58476 59.00392 0.842745 6.201631 64.01954 5.678246 6.057061 70.13282 4.56184 6.331785 58.24262 4.394717 8.508927 64.92021 -1.516237 8.141661 70.04938 -2.983276 7.200448 59.41279 -1.719668 10.81013 65.03537 -2.747645 11.18166 69.61697 -4.054168 12.11768 60.06955 -4.664554 13.4376 65.08992 -2.9804 14.04275 70.13407 -3.377968 16.49185 59.11068 -3.892306 15.23952 77.3238 7.67328 9.217478 76.68286 8.048746 18.19073 77.99615 1.364863 5.292952 76.2429 3.839433 8.320916 76.10663 -5.956158 11.68158 75.98423 -6.5341 14.17524 76.22495 -4.987828 5.226161 24.81183 -5.27936 5.51129 15.98413 -4.613462 3.029964 16.46265 -1.245344 5.046573 22.86448 -1.29704 2.461933 10.37703 -5.815999 2.315215 12.66661 0.200754 9.405969 24.86443 -7.539704 8.979654 15.65346 -8.110974 5.917756 10.08957 -10.30071 18.55395 16.62465 -6.679733 13.26048 15.91615 -10.44139 12.98613 23.69916 -7.429714 15.92498 23.10124 -4.318864 20.10114 10.00586 -4.828181 13.9826 9.690695 -11.50399 14.99639 17.03722 3.142382 13.50767 22.50159 2.80068 16.90201 14.66724 4.453531 8.425128 22.6926 2.433382 5.898224 16.54989 3.247655 6.789012 13.64809 6.689614 5.330222 40.09437 -5.156311 6.233352 28.34264 -5.196189 5.79359 28.94791 -0.7942096 6.10605 40.77212 1.071938 4.954435 45.15476 -3.492364 6.090074 46.52174 2.336226 11.21809 40.70371 -9.771515 10.38061 30.52272 -8.064873 10.61361 47.52439 -9.294227 16.33547 29.27544 -4.873584 13.38931 30.7445 -7.626833 15.96035 40.46753 -9.109059 18.96189 40.83647 -3.760872 16.98103 47.44587 -8.023071 19.40508 48.02812 -2.820078 13.59439 28.50828 3.452447 13.00376 39.09185 5.785543 13.8637 47.01252 6.036399 9.299236 29.06211 2.897027 9.803698 39.71562 4.786554 10.62893 47.04659 5.437896 6.028331 53.21771 -3.295456 6.156589 52.28802 3.624322 10.98452 53.18521 -7.400235 19.33205 53.13739 -0.7176628 16.97076 52.94322 -6.268074 14.78788 52.10092 7.685007 10.16474 52.51709 7.948064 5.872386 2.711323 -9.890715 5.370882 7.019244 -10.91181 14.7733 5.557282 -11.36546 14.43097 2.052769 -8.607787 1.890397 6.494613 -5.362089 3.266413 3.074898 -3.881373 20.82716 6.418617 -5.065227 20.38053 2.639439 -4.534299 23.25716 2.939511 1.887741 23.98053 6.101367 2.26123 19.44112 10.60018 16.27126 18.78195 12.14313 9.336534 7.832463 11.91621 12.10643 9.897589 11.34275 18.59112 17.96987 13.31475 6.51191 7.317995 12.43676 9.364199 25.10044 7.381285 7.989154 25.44253 6.909395 17.04445 23.12341 9.468509 2.695996 4.03509 8.064897 12.08547 6.70053 7.554374 20.58574 4.242582 10.45018 7.045504 2.881985 6.610125 5.78094 2.485377 3.102443 -0.08742403 1.371596 7.856095 0.2462444 3.051349 2.764486 4.143519 24.36327 2.579171 17.41939 23.73489 2.85458 7.288904 4.643415 2.167366 11.304 7.113301 1.737728 20.8501 23.27499 -0.8148798 20.09095 8.408979 -0.7597647 -8.246467 3.426371 -0.6518415 -5.945589 18.39861 -0.8069628 5.101242 13.54529 -0.8672004 -10.01755 7.670549 -0.809923 10.28431 11.21743 -0.8153954 26.73131 28.83209 0.04350179 13.8901 23.97402 0.05085575 1.929824 23.90151 1.808895 1.997657 28.7005 1.7969 13.74168 21.90813 0.03372186 40.8778 21.80171 1.788933 40.43698 15.09401 1.798531 42.88172 15.1123 0.1056327 43.22344 -1.464953 0.3328689 -2.122468 1.775559 0.01358932 12.59933 1.995503 1.768137 12.53263 -1.300526 2.022693 -1.945396 4.307158 0.1037434 -24.83344 4.381319 1.814853 -24.50588 9.611283 1.707741 -24.90556 9.492976 -0.01044315 -25.29372 27.77174 0.05865854 35.24895 31.38914 0.05416446 25.67258 31.23643 1.793832 25.43238 27.70126 1.796104 34.95279 -0.9281123 0.2470954 -22.26479 -3.857562 0.3045672 -15.38046 -3.655665 2.002772 -15.07896 -0.5974475 1.827666 -22.09764 15.37423 -0.1199395 -21.03516 15.45857 1.621935 -20.60955 19.53372 1.632753 -9.848199 19.5281 -0.1417162 -10.15546 8.115571 0.02029937 40.19647 8.193713 1.744981 39.71364 4.182487 1.789285 27.29699 4.104072 0.03088086 27.60525 20.84721 2.122684 36.86637 14.42741 2.122684 39.23794 26.54858 2.124475 31.80224 13.66265 2.154051 -9.278534 17.97576 2.180744 4.888406 7.696551 2.213169 9.835499 12.93607 2.216547 7.383741 8.580167 2.258477 -7.826277 3.738685 2.364081 -5.473292 11.09696 2.20744 25.58559 17.16135 2.207586 23.11103 22.83382 2.208103 19.17348 17.48265 -0.8153185 24.30423 13.10909 -0.8088986 7.98342 28.91918 3.030639 14.33264 31.48794 2.965595 25.52733 14.05602 2.996342 43.15216 7.728975 3.003278 40.35699 28.98879 2.99131 34.46002 23.6861 2.999077 39.84071 1.646416 2.985731 12.9501 28.5277 8.445818 14.16147 30.75868 8.181868 25.11062 14.09484 8.291089 42.17492 8.229065 8.131816 39.26146 28.4056 8.258095 33.80953 23.42479 8.345761 39.0643 1.738718 8.629649 12.90804 24.12037 8.617325 2.150479 21.28265 13.01978 3.546949 13.72475 13.2107 33.32465 19.99311 8.339329 40.94019 19.50041 13.35313 31.79073 27.60876 12.45492 21.93745 24.7231 13.21613 27.09515 7.112371 13.20865 23.52621 4.084415 8.421198 28.22709 9.198192 12.48164 33.10924 8.669814 14.20658 9.686942 4.735799 12.99801 11.50638 17.44516 14.3506 5.49169 24.74168 13.10381 13.51799 20.73313 14.59219 16.76583 20.16346 2.996975 41.79085 16.34253 14.75741 20.0508 11.69174 14.54764 21.63174 3.655362 3.029813 28.91138 24.26972 2.992295 2.082992 13.03623 14.58704 7.647225 27.66778 1.934406 14.13268 30.24526 2.006013 24.61634 14.02875 2.111618 40.97577 8.37888 2.047021 38.40829 27.81282 2.086582 32.88175 21.3008 2.113007 38.81802 2.352521 3.355898 13.30956 2.476645 8.347302 13.20277 20.85444 12.34806 3.799932 23.59855 8.378144 2.57901 5.131755 12.2743 11.64692 8.790621 13.37488 9.868155 17.26172 13.53993 5.723843 4.770156 1.935084 27.69274 23.74105 3.329402 2.551804 13.03971 13.73781 7.914032 2.968367 2.016082 13.22829 23.21852 1.984668 3.060478 -23.27299 -0.8019544 20.10439 -8.408827 -0.7613076 -8.233204 -3.42614 -0.6522251 -5.932604 -18.39761 -0.8019334 5.11506 -13.5452 -0.8696522 -10.004 -7.669189 -0.8019526 10.2975 -11.21537 -0.8019527 26.74457 -28.83037 0.05420529 13.90381 -23.97327 0.05394071 1.943597 -23.90078 1.812008 2.010574 -28.69882 1.807479 13.7549 -21.90608 0.04695504 40.89104 -21.79967 1.80217 40.45021 -15.09197 1.811768 42.89497 -15.11026 0.1188697 43.23669 1.465317 0.3343799 -2.110188 -1.774088 0.02252882 12.61184 -1.994059 1.777038 12.54437 1.300882 2.024278 -1.933931 -4.308024 0.0940988 -24.82091 -4.38199 1.805377 -24.4941 -9.611849 1.698118 -24.89344 -9.493663 -0.02020043 -25.28081 -27.7697 0.07189553 35.26219 -31.38711 0.06742066 25.68582 -31.2344 1.807079 25.44561 -27.69922 1.809341 34.96603 0.9276313 0.2388886 -22.25244 3.857367 0.2997279 -15.36827 3.655464 1.998061 -15.06759 0.5979809 1.819981 -22.0858 -15.37458 -0.1277568 -21.02187 -15.45892 1.614314 -20.59712 -19.53334 1.607395 -13.19762 -19.52801 -0.1442872 -10.14199 -8.113531 0.0335372 40.20972 -8.191674 1.758219 39.72689 -4.180413 1.802832 27.31002 -4.101994 0.04443854 27.6184 -20.84516 2.135918 36.87961 -14.42537 2.135918 39.25118 -26.54654 2.137711 31.81548 -13.66227 2.129033 -12.62848 -17.97506 2.185738 4.900704 -7.695257 2.220853 9.847369 -12.93492 2.223067 7.395895 -8.588053 2.233809 -11.17949 -3.777136 2.322826 -8.837402 -11.0949 2.220855 25.59865 -17.15932 2.220864 23.12406 -22.83186 2.220856 19.18656 -17.4806 -0.8019647 24.31756 -13.10785 -0.8019618 7.996915 -28.91745 3.041554 14.34555 -31.48591 2.978832 25.54056 -14.05398 3.009579 43.16542 -7.726931 3.016516 40.37024 -28.98675 3.004543 34.47326 -23.68406 3.01231 39.85395 -1.64496 2.994822 12.96129 -28.52608 8.45634 14.17266 -30.75665 8.195116 25.12382 -14.0928 8.304326 42.18816 -8.227021 8.145056 39.2747 -28.40356 8.271332 33.82276 -23.42274 8.358998 39.07754 -1.737369 8.638492 12.91649 -24.11972 8.620487 2.160108 -21.28198 13.02365 3.554266 -13.72271 13.22394 33.33788 -19.99106 8.352566 40.95343 -19.49837 13.36637 31.80396 -27.60676 12.46808 21.95 -24.72107 13.22938 27.10834 -7.11038 13.22206 23.53698 -4.082356 8.434653 28.23994 -9.196151 12.49488 33.12248 -8.668766 14.21362 9.692954 -4.734616 13.006 11.51277 -17.44438 14.35546 5.49813 -24.74026 13.11328 13.52649 -20.7315 14.6034 16.77448 -20.16141 3.010212 41.80408 -16.34068 14.77 20.06055 -11.68983 14.56063 21.64169 -3.653294 3.043275 28.92445 -24.26899 2.995437 2.095359 -13.03531 14.59301 7.653308 -27.66607 1.945245 14.14584 -30.24323 2.019279 24.62957 -14.02671 2.124855 40.98901 -8.37684 2.060263 38.42153 -27.81078 2.099817 32.89499 -21.29876 2.126244 38.83126 -2.351037 3.365239 13.32068 -2.475264 8.356366 13.21149 -20.85374 12.35206 3.807548 -23.59787 8.381516 2.588721 -5.130549 12.28241 11.65374 -8.789547 13.38205 9.874611 -17.26091 13.54491 5.730673 -4.768083 1.948603 27.7058 -23.7403 3.332783 2.563978 -13.03876 13.74394 7.920549 -2.966865 2.025433 13.24004 -23.21772 1.988366 3.073272 -15.88254 111.5046 9.47419 -15.8868 106.3396 9.468163 -18.57226 111.4224 0.7193451 -18.57678 106.2574 0.7397156 -15.17775 107.014 -7.971901 -15.16469 112.179 -7.99276 -8.510899 107.1178 -12.82551 -8.508391 112.2828 -12.82702 -14.47246 106.6412 -7.450851 -15.15814 105.9668 8.978272 -7.736218 106.1325 15.00897 -8.156229 106.5052 15.77986 1.30047e-4 106.2594 18.30972 1.29322e-4 106.6372 19.24399 -15.15815 111.8774 8.978272 -17.69806 111.7952 0.778923 -14.47247 112.5518 -7.450851 -8.161275 112.6556 -12.02042 -8.150959 111.6703 15.78262 1.2287e-4 111.8022 19.24398 1.18315e-4 106.745 -13.92065 1.17267e-4 107.1178 -14.80817 1.21427e-4 112.1699 18.30972 -7.736231 112.043 15.00896 8.210282 106.5052 15.86028 12.38448 106.4447 12.94409 12.38021 111.6097 12.94887 8.205001 111.6703 15.86305 18.42296 111.4224 0.7193375 18.42748 106.2574 0.7396927 15.22676 107.014 -7.809044 15.21369 112.179 -7.82991 8.388229 107.1178 -12.90395 8.385715 112.2828 -12.90544 14.52147 106.6412 -7.287987 15.13377 105.9668 8.84404 15.86244 106.3396 9.333924 11.92878 106.1631 12.22498 11.91872 111.8819 12.21342 7.790269 112.043 15.08939 17.54876 111.7952 0.7789078 8.038598 112.6556 -12.09885 0.2009543 111.6703 20.31877 0.2062364 106.5052 20.31575 -0.2137719 106.1325 19.54485 7.790274 106.1325 15.08939 -0.213777 112.043 19.54486 -3.830476 111.6703 24.03175 -3.825447 106.5052 24.02898 -4.245456 106.1325 23.25809 -4.245458 112.043 23.25808 -17.69805 105.8844 0.778923 1.13152e-4 112.2828 -14.80843 1.12056e-4 112.6555 -13.92065 -8.161267 106.745 -12.02043 8.038599 106.745 -12.09886 14.52147 112.5518 -7.287987 17.54876 105.8844 0.7789002 15.85817 111.5046 9.339966 15.13377 111.8774 8.844048 10.30134 105.9316 15.04902 8.97536 105.9316 15.81457 8.844813 109.2717 15.58845 10.17079 109.2717 14.82291 9.655311 105.7923 13.93006 8.329333 105.7923 14.69561 10.30134 112.3096 15.04902 8.975358 112.3096 15.81457 8.32933 112.4489 14.69562 9.655309 112.4489 13.93005 8.694844 106.2678 15.63033 8.564297 109.2717 15.40421 8.694842 111.9733 15.63033 8.141938 111.9733 14.67267 9.729127 111.9733 13.7563 10.28203 111.9733 14.71396 10.15149 109.2717 14.48785 10.28204 106.2678 14.71396 9.729128 106.2678 13.75631 8.141941 106.2678 14.67267 17.1633 105.9316 7.595161 16.76702 105.9316 9.074105 16.51482 109.2717 9.006524 16.9111 109.2717 7.527588 15.91527 105.7923 7.26075 15.51899 105.7923 8.739686 17.1633 112.3096 7.595161 16.76702 112.3096 9.074097 15.51899 112.4489 8.739686 15.91527 112.4489 7.26075 16.43838 106.2678 9.142159 16.18619 109.2717 9.074585 16.43838 111.9733 9.142167 15.37025 111.9733 8.855965 15.8446 111.9734 7.085686 16.91273 111.9733 7.371887 16.66053 109.2717 7.304314 16.91273 106.2679 7.371887 15.8446 106.2679 7.085686 15.37025 106.2679 8.855957 17.59991 105.9316 -3.633926 18.12358 105.9316 -2.19516 17.87823 109.2717 -2.105858 17.35456 109.2718 -3.544632 16.38577 105.7923 -3.192017 16.90944 105.7923 -1.75325 17.59991 112.3096 -3.633926 18.12358 112.3096 -2.195168 16.90944 112.4489 -1.75325 16.38577 112.4489 -3.192024 17.89342 106.2679 -1.950905 17.64807 109.2717 -1.861603 17.89342 111.9733 -1.950897 16.8543 111.9733 -1.572685 16.22747 111.9733 -3.294884 17.26659 111.9733 -3.673103 17.02124 109.2717 -3.583801 17.26659 106.2678 -3.673103 16.22747 106.2678 -3.294884 16.8543 106.2678 -1.572685 -18.02434 105.9316 -3.392296 -18.54801 105.9316 -1.953522 -18.30267 109.2717 -1.864227 -17.779 109.2717 -3.302994 -16.8102 105.7923 -2.950378 -17.33388 105.7923 -1.51162 -18.02434 112.3096 -3.392288 -18.54802 112.3096 -1.953522 -17.33389 112.4489 -1.511612 -16.81021 112.4489 -2.950394 -18.31786 106.2678 -1.709259 -18.07251 109.2717 -1.619957 -18.31786 111.9733 -1.709267 -17.27874 111.9733 -1.331055 -16.65191 111.9733 -3.053253 -17.69103 111.9733 -3.431465 -17.44568 109.2717 -3.342171 -17.69102 106.2678 -3.431465 -16.6519 106.2678 -3.053253 -17.27873 106.2678 -1.331055 -17.06486 105.9316 7.735077 -16.66858 105.9316 9.214013 -16.41639 109.2717 9.146439 -16.81267 109.2717 7.667496 -15.81683 105.7923 7.400665 -15.42055 105.7923 8.879609 -17.06487 112.3096 7.735077 -16.66859 112.3096 9.214013 -15.42056 112.4489 8.879593 -15.81684 112.4489 7.400665 -16.33994 106.2678 9.28209 -16.08775 109.2717 9.214509 -16.33995 111.9733 9.282082 -15.27182 111.9733 8.995881 -15.74617 111.9733 7.225601 -16.8143 111.9733 7.51181 -16.5621 109.2717 7.444229 -16.81429 106.2678 7.511803 -15.74616 106.2678 7.225601 -15.27181 106.2678 8.995881 -9.91085 105.9316 15.04903 -8.584876 105.9316 15.81458 -8.454334 109.2717 15.58847 -9.78031 109.2717 14.82291 -9.264824 105.7923 13.93008 -7.938844 105.7923 14.69563 -9.91086 112.3096 15.04902 -8.584884 112.3096 15.81458 -7.938858 112.4489 14.69563 -9.264834 112.4489 13.93007 -8.304359 106.2678 15.63033 -8.173818 109.2717 15.40422 -8.304368 111.9733 15.63033 -7.751466 111.9733 14.67268 -9.338653 111.9733 13.75631 -9.891558 111.9733 14.71396 -9.761008 109.2717 14.48785 -9.89155 106.2678 14.71397 -9.338643 106.2678 13.75631 -7.751453 106.2678 14.67268 -20.59227 73.92493 3.418267 -17.73851 74.57073 8.399674 -20.03282 79.76941 3.318241 -17.19667 80.26442 7.823626 -11.87245 75.20019 12.01651 -11.90102 80.27813 11.27645 -5.496062 75.78299 9.660775 -6.705451 80.57517 9.61391 -2.833505 75.69153 2.931826 -2.694176 80.8858 2.992459 -4.776819 75.38243 -3.889729 -4.459025 80.46951 -5.471048 -10.5767 74.24259 -7.679745 -11.04281 80.03914 -8.941438 -18.55918 73.93906 -5.469022 -18.71749 79.6807 -6.010561 -18.69734 101.7789 1.21937 -16.08517 101.3223 7.817996 -9.992161 100.4195 15.33747 -5.206904 96.01847 11.27182 -17.45435 102.1295 -6.576515 -12.32813 100.9557 -11.36441 -5.518118 98.64439 -9.661827 -3.875711 95.91572 -4.367547 -6.485466 102.3719 14.4333 -3.399915 98.27819 12.27045 -1.943932 98.23242 -4.131772 -3.237427 100.999 -10.73693 -3.399484 106.9201 -13.85153 -12.32717 106.9364 -10.36842 -16.62362 106.6415 -5.968498 -17.77888 106.016 1.411102 -15.32421 105.9534 8.381997 -11.25943 106.207 12.29916 -6.9553 106.7316 15.9523 -19.50471 86.47824 2.938474 -16.2405 87.13721 8.053915 -11.92487 84.48014 9.458354 -6.521904 84.21653 7.780292 -18.95451 87.45021 -6.601525 -11.47123 86.35501 -10.18636 -5.828483 85.89627 -6.44997 -2.320917 84.73549 -0.3844487 -19.86319 94.0429 1.900521 -16.64143 94.21221 7.906365 -11.21851 92.85614 11.14664 -5.627213 91.41567 8.154492 -18.95522 95.51716 -6.928775 -12.26162 93.6064 -10.82637 -6.313635 92.34214 -7.95542 -3.935623 90.49438 -2.297867 20.39963 74.05435 3.381539 17.95658 74.52358 8.393494 20.30817 79.72821 3.327579 17.43271 80.22983 7.831812 12.04074 75.25471 11.74536 12.30878 80.4664 11.77867 5.657739 80.76748 10.07328 3.098895 80.5268 3.609646 4.927885 75.34665 -3.949269 4.935547 80.50815 -5.207758 10.82579 74.23586 -7.587285 11.24492 80.08804 -8.603754 18.68527 73.91661 -5.390081 18.91149 79.62844 -6.009577 18.85751 101.7874 1.206843 16.28039 101.3016 7.796908 11.7495 99.37855 12.00329 5.810469 94.77812 8.703793 17.56974 102.0941 -6.511513 12.48876 100.9704 -11.04052 5.643614 98.61547 -9.773161 4.084594 95.70234 -1.775559 6.767075 102.2942 14.55078 3.90353 98.35123 8.279032 0.001036942 103.528 16.56865 0.2119771 98.65146 9.660027 2.531633 98.19637 -1.497684 3.477759 100.9998 -10.73742 3.607717 106.923 -13.74383 0.1252539 98.21465 -3.485863 0.1623218 101.5104 -11.11183 0.1157224 106.95 -14.27883 12.34625 106.8546 -10.03892 16.44053 106.5163 -5.786148 17.67173 105.9862 1.38253 15.57184 105.9558 8.385735 11.55331 106.5688 12.85277 7.119946 106.4316 15.92634 0.1324118 106.9693 18.18938 20.05987 86.4017 2.958082 16.54238 87.14009 8.120083 10.77449 86.10953 11.39647 5.185316 84.01247 6.503741 19.33263 87.49896 -6.616067 11.73272 86.46984 -9.479098 5.842659 85.78203 -6.671672 3.473608 84.44929 -0.4181402 19.4363 94.14748 1.608729 16.74361 94.13427 7.837725 11.42411 92.85244 11.11234 5.340273 89.64379 8.202448 18.72776 95.59671 -6.670109 12.43352 93.55253 -11.03912 6.095571 92.15737 -8.560301 3.974447 90.49443 -2.314301 5.916873 75.94969 10.44442 2.707895 75.99629 2.946787 -10.99388 106.481 -11.83511 -12.24808 106.481 -10.9569 -12.09833 109.8211 -10.74303 -10.84413 109.8211 -11.62124 -10.25278 106.3417 -10.77673 -11.50699 106.3417 -9.898522 -10.99388 112.859 -11.83511 -12.24809 112.859 -10.9569 -11.507 112.9982 -9.898514 -10.25279 112.9982 -10.77673 -12.19965 106.8172 -10.6248 -12.0499 109.8211 -10.41093 -12.19966 112.5227 -10.6248 -11.56539 112.5227 -9.718979 -10.06411 112.5227 -10.77019 -10.69838 112.5227 -11.67602 -10.54862 109.8211 -11.46214 -10.69837 106.8172 -11.67602 -10.0641 106.8172 -10.77019 -11.56538 106.8172 -9.718979 10.79582 106.4737 -12.07277 10.64606 109.8138 -11.8589 11.90027 109.8138 -10.9807 12.05003 106.4737 -11.19456 11.30894 106.3344 -10.13618 10.05473 106.3344 -11.01439 10.79582 112.8517 -12.07277 10.05473 112.991 -11.01439 11.30894 112.991 -10.13618 12.05003 112.8517 -11.19456 12.0016 106.81 -10.86246 11.85184 109.8138 -10.6486 12.0016 112.5154 -10.86246 11.36733 112.5154 -9.956643 9.866048 112.5154 -11.00785 10.50031 112.5154 -11.91368 10.35056 109.8138 -11.6998 10.50031 106.8099 -11.91368 9.866048 106.81 -11.00786 11.36733 106.8099 -9.956643 -0.1842749 106.6128 -15.37254 -0.2296133 109.9529 -15.11541 1.278232 109.9529 -14.84953 1.323571 106.6128 -15.10667 1.099209 106.4735 -13.83424 -0.4086351 106.4735 -14.10011 -0.1842793 112.9908 -15.37254 -0.4086413 113.1301 -14.10011 1.099202 113.1301 -13.83423 1.323567 112.9908 -15.10666 1.420028 106.9491 -14.78522 1.374688 109.9529 -14.52808 1.420023 112.6545 -14.78522 1.228001 112.6545 -13.6962 -0.5768821 112.6545 -14.01445 -0.3848618 112.6545 -15.10346 -0.4301959 109.9529 -14.84634 -0.3848572 106.949 -15.10346 -0.5768766 106.9491 -14.01446 1.228007 106.9491 -13.6962 -3.123505 107.7071 -12.63469 -11.33608 107.7221 -9.430581 -15.28838 107.4508 -5.383087 -16.3511 106.8754 1.405403 -14.09305 106.8179 7.817917 -10.49763 107.3977 12.05999 -6.3945 107.5338 14.78186 3.322417 107.7098 -12.53561 0.1101331 107.7346 -13.02776 11.36099 107.6468 -9.127465 15.12732 107.3356 -5.215347 16.2599 106.8481 1.37912 14.32821 106.8201 7.821373 10.63156 107.384 11.9306 6.553316 107.2578 14.75797 0.1254855 107.7524 16.83973 0.2255129 132.5668 16.17575 0.1489984 132.7636 16.79529 0.06644111 131.8486 17.17342 0.1572915 131.5512 16.5849 -1.605019 132.5833 16.12073 -1.498965 132.7769 16.7419 -0.6436734 133.2293 16.5829 -0.6671036 133.0843 15.94702 -0.7955724 131.3971 17.33441 -0.7917729 131.0516 16.76144 -1.662161 131.5658 16.52591 -1.56966 131.8598 17.11551</float_array>
          <technique_common>
            <accessor source="#mremireh_body-mesh-positions-array" count="2450" stride="3">
              <param name="X" type="float"/>
              <param name="Y" type="float"/>
              <param name="Z" type="float"/>
            </accessor>
          </technique_common>
        </source>
        <source id="mremireh_body-mesh-normals">
          <float_array id="mremireh_body-mesh-normals-array" count="7350">-0.2783337 -0.531814 0.7998151 0.05204856 -0.7474638 0.6622604 -0.4037799 -0.7922366 0.4575183 -0.4684208 -0.5828695 0.6639618 -0.1520289 -0.4933994 0.8564136 0.1948727 -0.618923 0.7608936 0.04467761 -0.3188074 0.946766 0.09487968 -0.3029306 0.948278 -0.1143063 -0.05202168 0.9920825 0.07225769 0.1742187 0.9820524 -0.2510423 0.6959767 0.6727513 -0.3941353 0.4449985 0.8041355 -0.5757237 0.7431115 0.3410685 -0.6447595 0.59587 0.4787737 -0.6919928 -0.6468618 0.3204931 -0.8649516 -0.4332163 0.2533422 -0.8308796 -0.2870748 0.4766834 -0.6313909 -0.4782103 0.6104592 -0.4760808 -0.2549522 0.8416333 -0.3545635 -0.08076673 0.9315372 -0.438091 0.3514255 0.8273915 -0.6074457 0.1018941 0.7877992 -0.7378022 0.05258244 0.6729659 -0.812878 0.006489157 0.582398 -0.7845499 -0.1071919 0.6107303 -0.6789274 -0.2304526 0.6971005 -0.6882805 -0.1210564 0.7152729 -0.6909962 0.3797545 0.6150698 -0.635783 -0.1830652 0.7498449 -0.5222428 -0.169507 0.835781 -0.4333416 0.5447751 0.7179382 -0.6317319 0.5129376 0.5812143 -0.8472608 0.3929085 0.3574522 -0.9270461 0.2294796 0.2965211 -0.9660112 -0.1260787 0.2256695 -0.8152322 -0.4253888 0.3929899 -0.7179098 -0.5056485 0.4784613 -0.6592779 -0.3090323 0.6854573 -0.2055248 -0.1624029 -0.9650829 -0.1510797 -0.4609837 -0.8744536 -0.3078988 -0.4219697 -0.8527251 -0.399515 -0.106702 -0.9104957 -0.6203554 -0.3307318 -0.7111791 -0.6679341 -0.04311579 -0.7429705 -0.1308597 -0.6706918 -0.7301017 -0.2983905 -0.7023179 -0.6463071 -0.5828136 -0.6426394 -0.497336 -0.1844522 0.1625662 -0.9693037 -0.4094343 0.1686168 -0.8966225 -0.2356525 0.6500727 -0.7224081 -0.1925689 0.4384957 -0.8778603 -0.4440831 0.4348302 -0.7833984 -0.5402779 0.5747528 -0.614621 -0.5656259 0.6754463 -0.4731169 -0.2478698 0.8014975 -0.5442081 -0.5610086 0.7723847 -0.2978107 -0.2907368 0.9023227 -0.3182545 -0.5976574 0.8004558 -0.04556727 -0.418042 0.9057782 -0.06933265 -0.6793577 0.1514416 -0.7180102 -0.7122611 0.2769499 -0.6449674 -0.7557796 0.4131574 -0.5080338 -0.6713749 -0.3493456 -0.6536157 -0.6991989 0.04577487 -0.7134604 -0.6729146 -0.6386882 -0.3731802 -0.04112058 -0.5048682 -0.8622165 -0.2220357 -0.7929816 -0.5673451 -0.54391 -0.8369812 -0.06020265 -0.5204309 -0.8277105 -0.2098737 -0.7599797 -0.6292132 -0.1628548 -0.8756306 -0.3938559 -0.2795511 -0.5983991 -0.8003079 0.03776073 -0.5293228 -0.8330515 0.1607574 -0.7341715 -0.6099776 0.2981942 -0.6004436 -0.7614868 0.2441427 -0.8299888 -0.4660158 0.3065093 -0.9837204 -0.1301785 0.1238867 -0.9557088 -0.07169127 0.2854489 -0.9170521 -0.07439231 0.3917668 -0.7846509 -0.239967 -0.5716107 -0.8959878 -0.3912363 0.2100952 -0.4758261 0.2846688 -0.8321979 -0.90136 -0.35239 0.2517368 0.1582375 0.007054388 -0.9873759 0.1281333 0.4584602 -0.8794294 -0.6416141 0.4844385 -0.5946855 -0.8397378 -0.5428605 -0.01195758 -0.9309061 -0.3587381 -0.06870967 -0.9428311 -0.3148481 -0.1092711 -0.04156893 0.6821579 -0.7300224 -0.811866 0.2728443 -0.5161682 -0.8815915 -0.2247257 0.4150841 -0.7415567 -0.05382984 0.6687273 -0.5889375 0.4795022 0.6505615 -0.8446604 -0.01200944 0.5351681 -0.9163011 0.2743268 0.2917826 -0.3388395 0.8705994 0.3567134 -0.05935931 0.935466 -0.3483963 -0.7835491 0.6059446 -0.1374116 -0.9352684 0.2949922 0.1955836 -0.9600955 -0.02372848 0.2786641 -0.913472 0.3530084 0.2023711 -0.8536664 -0.5203286 0.02262902 -0.9479206 -0.3119428 -0.06433075 -0.9240968 -0.3816256 0.02017766 -0.9895085 0.09349071 -0.1101481 -0.4091933 -0.8458017 -0.3423161 -0.49906 -0.8665456 0.006159007 -0.666993 -0.6990319 -0.2578272 -0.600532 -0.7976961 -0.05515712 0.4851076 -0.265759 0.8330923 0.3527615 -0.08473342 0.931869 0.5356293 -0.1770304 0.8256886 0.6190417 -0.2178701 0.7545331 0.6065757 0.08164387 0.7908225 0.432428 0.3427485 0.8339841 0.3122593 -0.5310707 0.7876917 0.4702093 -0.5773851 0.6674801 0.4468265 -0.7375973 0.5062571 -0.02646511 -0.7151999 0.6984188 -0.1958259 -0.6022025 0.7739538 0.2409635 -0.4060323 0.8815182 0.6409458 -0.4566535 0.6169733 0.7002053 -0.6133205 0.3654457 0.7833954 -0.3201584 0.5327196 0.8620041 -0.4130029 0.2939012 0.6019461 0.6646698 0.4425777 0.2590875 0.5471931 0.7958979 0.4458162 0.2436755 0.8613189 0.7143881 0.4082943 0.5682828 -0.06293904 0.08843731 0.9940914 0.07993125 -0.1308491 0.9881749 0.00198543 -0.3268423 0.9450769 -0.1303019 -0.2898072 0.9481737 0.7367976 0.01332724 0.675982 0.8058355 0.01020532 0.5920517 0.7783409 -0.1182319 0.6166091 0.6900329 -0.1382825 0.7104454 0.455125 0.2852181 0.8435117 0.6426427 0.6369599 0.4257847 0.9308541 0.1802435 0.3178411 0.8422969 0.3248121 0.4301546 0.9640929 -0.1269921 0.233234 0.8758114 -0.3484488 0.3339731 0.7656475 -0.4200562 0.4871724 0.7321036 0.02231615 0.6808277 0.9472125 0.233161 0.2200552 0.863159 0.4223093 0.2767879 0.9602852 -0.0233277 0.2780435 0.9344028 0.3558018 0.01722657 0.8497208 0.5254811 0.04294312 0.9476726 0.2475231 0.2016161 0.8674811 0.4813859 -0.1254761 0.8138371 -0.04603642 0.5792667 0.6087943 0.469287 0.63964 0.6133096 0.770066 -0.1756414 0.6055199 0.7181171 -0.3430068 0.3327061 0.8819187 -0.3339552 0.3748032 0.9246731 -0.0670982 0.2236372 -0.7496559 -0.6228986 0.3534489 -0.8454867 -0.4002829 0.6754049 -0.6722742 -0.30311 0.5787454 -0.3865897 -0.7180545 0.6548953 -0.02759724 -0.7552157 0.6377387 0.1894333 -0.7465953 0.7484107 0.245714 -0.6160408 0.6630721 0.01592117 -0.7483863 0.4311714 0.1970742 -0.8804847 0.4474284 -0.07531279 -0.8911432 0.6391173 -0.3288112 -0.6952786 0.6113762 -0.2951113 -0.7342538 0.3246642 -0.4279287 -0.8434869 0.8571156 0.3667262 -0.3617526 0.7095885 0.4013946 -0.5791084 -0.02372539 0.447621 -0.8939087 -0.03728705 -0.03268092 -0.9987701 0.03740161 -0.5016087 -0.8642858 0.05222332 0.9369555 -0.3455247 0.119328 0.6527364 -0.7481284 0.3292061 0.8661499 0.3760423 0.5840067 -0.6081272 -0.5376965 0.6716626 -0.6445735 -0.3652321 0.2541485 -0.7901892 -0.5576823 0.2932133 -0.6716512 -0.6803755 0.5664285 -0.8182359 -0.09822791 0.5160085 -0.8242288 -0.2332001 0.5262147 -0.8417536 0.12062 0.4969188 -0.8661948 -0.05271154 0.7761505 -0.6206533 -0.111265 0.6847082 -0.728252 0.02869969 0.7615957 -0.6141877 0.2067504 0.5902813 -0.8071855 0.004420876 0.6321038 -0.724123 0.2758456 0.838791 -0.471642 0.2719994 0.8969377 -0.201993 0.3933212 0.8268969 -0.05317616 0.5598339 0.91769 0.2468371 0.3113146 0.992981 0.05442166 -0.1050108 0.8086662 0.2153405 -0.5474371 0.5564132 0.1956135 -0.8075518 0.9127376 -0.2893378 -0.2884333 0.8580258 -0.2422023 -0.4529126 0.9451429 -0.3264506 -0.01162779 0.9389824 -0.342827 -0.02796083 0.8776085 -0.4787729 0.02408212 0.9283874 -0.370647 0.02679121 0.9689399 -0.2155316 0.1212505 0.9454203 -0.05057215 0.3219054 0.8897087 -0.4467489 -0.09398829 0.9598811 -0.123456 0.2517678 0.946497 -0.3107656 -0.08699572 0.8423483 -0.5389079 -0.005269229 0.4218147 -0.2288679 0.8773208 0.6246966 0.1241084 0.7709418 -0.5858938 0.186353 0.7886705 -0.1708559 -0.3168013 0.9329766 -0.7012782 0.04323774 0.7115755 -0.7406188 0.05742037 0.6694675 -0.4220592 0.07968169 0.9030598 0.5379348 0.04738479 0.8416537 0.7864831 0.01378345 0.617458 0.7351002 -0.02134871 0.6776223 -0.3037048 0.0361123 0.9520816 0.3026694 0.03963613 0.9522712 -0.122519 0.177423 0.9764785 0.1050145 0.1844611 0.9772135 -0.1621339 0.4484049 0.8790027 0.1494481 0.4569746 0.876835 -0.1764758 0.6073661 0.7745727 0.1266368 0.6057047 0.7855476 -0.1816845 0.8105089 0.5568358 -0.5080174 0.7038343 0.4965237 -0.1176237 0.9696928 0.2141512 -0.4837318 0.848908 0.212976 -0.1113286 0.9868946 -0.1168121 -0.2290669 -0.7565187 -0.6125423 -0.5596418 -0.4135978 -0.718149 0.7868794 -0.1947265 -0.5855787 -0.01989114 -0.08393722 -0.9962725 -0.02748674 -0.32942 -0.9437834 -0.7795962 -0.1334484 -0.6118999 0.003811001 -0.6512095 -0.7588886 0.1517008 -0.6519542 -0.7429283 0.01690977 -0.6783243 -0.7345681 0.1894897 -0.4682108 -0.86306 0.214536 -0.1530269 -0.9646539 0.02453815 -0.4586253 -0.888291 0.2432032 0.1862708 -0.951922 0.006950676 -0.1550145 -0.9878878 0.05881559 0.1873363 -0.9805334 -0.1131875 0.9313164 -0.3461768 0.1058372 0.9878567 -0.1137443 0.09738421 0.927968 -0.3597108 -0.01000428 0.7922276 -0.6101438 0.3076113 0.7418229 -0.595881 -0.2228494 -0.4904917 0.8424702 0.3895006 -0.4320124 0.8134216 -0.8196276 0.4949598 0.2884885 -0.7333947 0.6577368 0.1717982 -0.9795477 -0.1512928 0.1326525 -0.9779713 0.008587718 0.2085632 -0.9391775 0.3213899 0.1210548 -0.987905 0.0881229 0.1275857 -0.7809375 0.09934788 0.6166576 -0.7517789 0.5574739 0.3522093 -0.8040194 0.4392858 0.4007254 -0.4920587 -0.2899433 0.82086 -0.6376834 0.03329491 0.7695788 -0.3872419 -0.1456547 0.9104002 -0.300909 -0.46361 0.8333785 -0.08224624 -0.5022122 0.8608243 -0.1718021 -0.520783 0.8362233 0.7028409 0.0317645 0.7106376 0.4381772 -0.3025936 0.8464265 0.7858984 -0.00832653 0.6182997 0.5452301 0.13928 0.8266349 0.7399292 0.6283475 0.2401753 0.4863656 0.05897837 0.8717628 0.8747705 0.3592581 0.3251311 0.9514003 -0.08293545 0.2965792 0.7860092 0.5716959 0.2352731 0.9696639 0.1756895 0.1699565 0.951007 -0.2176973 0.2195303 0.9963738 -0.007656395 0.08473879 0.8187041 0.4098054 0.4022229 0.115924 -0.2869864 0.9508945 -0.4797039 -0.5221441 0.7051594 -0.4385515 -0.7455009 0.5018973 0.4189909 -0.5091888 0.7517803 0.4860544 -0.8060745 0.3376317 0.2001125 -0.9754165 0.09229224 0.5679575 -0.6459854 0.5100266 0.2555513 -0.9499917 0.1794704 -0.1374593 -0.9104378 0.3901385 -0.4964518 -0.8677489 0.02340239 -0.6690379 -0.553085 0.4964728 0.1978572 -0.09963572 0.9751541 -0.2716181 -0.06184154 0.9604162 -0.2640033 -0.1695395 0.9495044 0.01744234 0.2445539 0.9694789 -0.05264657 -0.2848055 0.9571385 -0.1175296 0.2737581 0.9545906 0.1449841 -0.2230541 0.9639639 -0.02317088 -0.4103887 0.9116163 -0.07513874 -0.296536 0.9520613 -0.1389242 -0.3127594 0.9396178 0.08944535 -0.25515 0.9627555 -0.165894 -0.3418374 0.9250009 -0.08459031 -0.06231325 0.9944655 -0.321316 -0.3962447 0.8600851 -0.2736663 -0.3380349 0.9004662 -0.04401969 -0.2698079 0.9619076 0.2543863 -0.2622786 0.9308586 0.1003336 -0.2960193 0.9498978 -0.4554774 -0.212641 0.8644791 -0.8292192 -0.1868759 0.5267571 -0.2059907 -0.2155135 0.954527 -0.5090234 0.04562348 0.8595427 -0.8934315 0.04468142 0.4469717 0.05120408 -0.3130673 0.9483497 0.4859578 -0.3316619 0.8086072 0.7270281 -0.4316123 0.5339859 0.2205622 -0.2816006 0.933838 0.8129253 -0.2153915 0.5410721 -0.3699899 -0.125023 0.920585 -0.09832763 0.04129886 0.9942969 0.004954993 -0.05522239 0.9984618 0.2143729 -0.2242041 0.9506718 0.3468288 -0.03210997 0.9373788 -0.3381042 -0.4928954 0.8017106 0.6224101 0.01751148 0.7824955 -0.5782228 -0.3371192 0.7429732 -0.3764227 -0.1090612 0.9200064 0.7202944 -0.005194962 0.6936491 0.7956521 0.06091296 0.6026836 0.1942401 0.4440104 0.8747146 0.8239332 0.04991406 0.5644845 0.2523312 0.7260814 0.6396363 0.4032821 0.8822715 0.2428182 0.6943023 0.1025468 0.7123401 0.5510457 0.7387007 0.3881623 0.3438336 0.05428743 0.9374601 0.1517743 0.094365 0.9839004 0.4561123 0.5156155 0.7253291 0.7262932 -0.6493408 0.2255098 0.8623343 -0.44137 0.2481372 0.7302426 -0.6058975 0.3156486 0.8037215 -0.5774358 0.1435266 -0.7886768 -0.4893124 0.3722396 -0.8462244 -0.4649919 0.2601673 -0.7366494 -0.6298392 0.2462728 -0.8253282 -0.550453 0.1258372 -0.7658543 -0.5512924 0.3309741 -0.8274825 -0.3351177 0.4505206 -0.8991837 -0.2099004 0.3839408 -0.8409881 -0.3396847 0.4211336 -0.9173188 -0.2987041 0.2632533 -0.8133201 -0.5780341 -0.06623458 -0.8451244 -0.4447503 -0.2965841 -0.9269221 -0.3632126 0.09429883 -0.9583327 -0.1862655 -0.2165722 -0.9523046 -0.2622874 -0.1559528 0.7671363 -0.5581519 0.3161779 0.7863057 -0.5186529 0.3357415 0.9088803 -0.1799445 0.3762401 0.8581947 -0.4108728 0.3077101 0.9082838 -0.2922455 0.2993546 0.8513904 -0.5226739 -0.04411929 0.7747572 -0.5669749 -0.2798047 0.9055458 -0.3350681 -0.2602238 0.9806605 -0.1943993 -0.02267116 0.9704269 -0.2253904 -0.08643472 0.9269227 -0.3563951 0.11746 0.8684763 -0.3199678 0.3786419 0.9288721 0.1584686 0.3347902 0.9852403 0.03264093 0.1680362 0.9233511 -0.3834709 -0.01930636 0.8164646 -0.4707081 0.3343943 0.6454328 -0.3878852 0.6579983 -0.954421 0.04790729 0.2945938 -0.2732838 0.1373711 0.9520742 -0.474604 0.2640584 0.8396572 -0.4754494 0.1607227 0.864937 -0.234802 0.2177587 0.947338 -0.0684098 0.3313373 0.9410291 -0.1041225 0.09221017 0.9902807 0.01412302 0.06733518 0.9976305 0.1236739 0.4760907 0.8706564 0.2468869 0.4058643 0.8799551 0.5474158 0.09634339 0.8312966 -0.9217721 -0.1774714 0.344732 -0.7650536 -0.1940022 0.6140491 -0.5651336 -0.09866827 0.819078 -0.2632586 -0.07074552 0.9621279 -0.0294786 -0.1321837 0.9907868 0.1545701 -0.2037758 0.9667386 0.378084 -0.4387199 0.8152163 0.6487277 -0.5686309 0.505778 0.7990637 -0.5831928 0.1462305 0.8584151 -0.4583953 -0.2302114 0.995324 -0.07191038 0.0644899 0.9442627 0.09421247 0.3154239 0.8190733 -0.4699639 0.3290184 0.2545342 0.5727055 0.7792438 0.2511202 0.6809176 0.6879608 -0.09466904 0.5366231 0.8384948 -0.2513614 0.7315282 0.6337854 -0.2748622 0.05290091 0.9600273 -0.3631697 -0.1201114 0.9239487 -0.4018511 -0.1289746 0.9065767 -0.9500003 0.1356571 0.2812414 -0.9912109 -0.1280368 0.03328084 -0.8426731 -0.007204592 0.5383774 -0.9045511 -0.3519905 0.2406037 -0.9751013 -0.2216447 0.007148742 -0.9573679 0.09193772 0.2738507 -0.6571412 0.2846011 0.697974 -0.7725047 0.2918006 0.5639937 -0.805967 0.3183203 0.4990887 -0.2395663 0.4721532 0.8483392 -0.3823119 0.6767742 0.6291378 -0.2674655 0.728261 0.6309503 -0.9387752 -0.08269339 0.3344593 0.9842905 -0.08147335 0.1566343 0.9012843 -0.2291015 0.3676944 0.9507143 0.04096752 0.30735 0.9876307 -0.1486145 0.04999536 0.9176381 -0.393939 -0.05246275 0.821206 -0.528197 -0.2159364 -0.766609 -0.6258494 -0.1436089 -0.9853026 -0.08936822 0.1455749 -0.9034343 -0.3419632 0.2585876 -0.6233621 -0.7471783 -0.2305305 -0.9770907 0.2128238 1.03377e-4 -0.6263845 0.0787633 -0.775525 -0.5645842 0.1604723 -0.8096255 -0.9681586 0.2464373 -0.04401981 0.02783906 0.02614772 -0.9992704 0.02697086 -0.001913845 -0.9996344 -0.682864 0.07342261 -0.7268466 0.0131101 0.01008397 -0.9998633 0.7005304 0.06695282 -0.710475 0.608102 0.1752722 -0.7742683 0.7716764 0.03067684 -0.6352752 0.9718394 0.2295852 -0.05309432 0.9697674 0.2434176 0.01729547 -0.9889587 0.1100783 0.09921455 -0.8552214 0.2335238 0.4626695 -0.8780774 0.2387012 0.414731 -0.7619106 0.1871153 0.6200647 -0.7613058 0.2493419 0.5985333 -0.5316026 0.1843996 0.8266775 -0.4295492 0.264901 0.8633163 0.3762173 0.273293 0.8853088 0.4570973 0.1765177 0.8717246 0.7876753 0.225916 0.5731751 0.7651771 0.1696367 0.6210696 0.8950977 0.18945 0.4036198 0.8930211 0.2175214 0.3939516 0.9949584 0.05907475 0.08104467 -0.9443547 -0.3264683 0.04015898 -0.691797 -0.7168748 -0.08664631 -0.8905214 0.1314776 0.4355288 -0.9186267 0.09727811 0.3829647 -0.6857564 -0.1406061 0.7141206 0.6382923 -0.07795661 0.7658367 0.8818246 0.131062 0.4529989 0.9200229 0.1594673 0.35795 0.9347381 -0.3541248 0.02933102 -0.8817553 -0.4150493 0.2241469 -0.7195909 -0.6936461 -0.0323131 -0.817467 -0.5333515 0.2174488 -0.6548796 -0.7518464 -0.07654827 -0.6097653 -0.72894 0.3111796 -0.4520228 -0.891827 0.01788902 0.6288229 -0.6977737 0.343065 0.8865758 -0.3863062 0.2544627 0.9245182 -0.2630778 0.2757831 0.6381347 -0.7696589 -0.02023226 0.2126334 -0.976962 0.01823139 0.7243618 -0.6840512 -0.08587223 0.687413 -0.7255462 -0.03234475 0.6099932 -0.7483041 -0.2606708 -0.1971572 -0.9609384 -0.1942331 -0.02856159 -0.9792764 -0.2005046 -0.1566886 -0.9828146 0.09759223 -0.1185521 -0.6666407 0.7358911 -0.511572 -0.7081493 0.4866403 -0.2391282 -0.9602523 0.1439906 -0.4647613 -0.8376324 -0.2870002 0.309558 -0.9095681 -0.2772357 -0.4708715 -0.868691 -0.1538047 -0.144252 -0.923189 -0.3562494 -0.07228368 -0.9283632 -0.3645777 0.01117604 -0.9792795 -0.2022049 0.1052517 -0.9412381 -0.3209253 -0.6123691 -0.74667 -0.2597848 -0.3148679 -0.8613538 -0.3986576 0.4292932 -0.7528367 -0.4989432 0.257753 -0.8442096 -0.469972 0.09756505 -0.9001077 -0.4246025 0.3280194 -0.8281608 -0.4544811 -0.7288805 -0.611278 -0.3083382 -0.454185 -0.7488677 -0.4826107 -0.467484 -0.7736597 -0.4276788 0.5374506 -0.7077787 -0.4584716 0.5195112 -0.7840497 -0.3396677 -0.8983578 -0.4204816 -0.1270773 -0.5854632 -0.7689829 -0.2567065 -0.6329272 -0.7227976 -0.2774289 -0.1667137 -0.959119 0.2286863 0.005926012 -0.9580329 0.2865972 -0.2302363 -0.9276692 0.2939746 -0.4365469 -0.8416944 0.3177696 -0.4225536 -0.7471429 0.5130555 -0.7297344 -0.6090117 0.3107934 -0.8044624 -0.2210588 0.5513379 -0.5378245 0.0269348 0.8426266 -0.1963928 0.558331 0.8060374 0.1011533 0.7767102 0.6216826 0.3417227 0.8768519 0.3381664 0.5027084 0.8619614 -0.06562709 0.2814275 -0.810064 0.5143882 0.5681709 -0.617807 0.5435959 0.8151741 -0.3112499 0.488482 0.7863472 0.3153684 0.531226 0.5772539 0.7508063 0.3210418 0.3166981 0.9467154 0.05858737 0.2655233 0.940354 -0.2126777 0.2718455 0.9470258 -0.1710034 0.3836492 0.8985905 -0.2129519 0.4470337 0.8926097 -0.05838572 0.5424352 0.8390808 -0.04132425 0.203732 -0.9720261 0.1168696 0.4652698 -0.8456355 0.2615813 -0.0241447 -0.9996986 0.004447221 -0.3493397 -0.9232796 0.1597397 -0.5625636 -0.8099641 0.1657727 -0.6670981 -0.6495932 0.3647036 -0.8195846 -0.101834 0.5638359 -0.6677306 0.3467773 0.6586967 -0.3789113 0.5499826 0.7442751 0.2908318 0.9116541 0.2903511 0.4238712 0.8943792 0.1428954 0.442216 0.8935161 -0.07793635 0.3783464 0.9133877 -0.1502571 0.2922907 0.8930612 -0.3420642 0.4072211 0.8616597 -0.3028429 0.5994645 0.7997186 -0.03305524 0.698402 0.6218121 0.3543789 0.8251918 0.3351884 0.4546508 0.8724417 -0.2008092 0.445557 0.6963689 -0.6182086 0.3645388 -0.080311 0.8282424 0.5545852 0.5851547 0.7845589 0.205089 -0.6238158 -0.7618451 0.1744876 0.1925473 -0.7521586 0.6302247 0.2334455 -0.6980619 0.6769142 -0.006474554 -0.8040103 0.5945801 -0.3012691 -0.725586 0.6186776 -0.3727667 -0.77534 0.5097969 -0.5261465 -0.6479146 0.5507963 -0.7693048 -0.1442306 0.6223888 -0.8425785 0.3609215 0.3997466 -0.5803504 0.7149077 0.3900005 0.09320789 0.9768086 0.1927627 0.2772632 0.9592423 -0.05458408 0.1972299 0.9698359 -0.1432435 0.1787398 0.92822 -0.3262817 0.4686595 0.8730992 -0.1343731 0.7762826 0.5939532 0.2111989 0.7326197 0.5551056 0.3938607 0.6916864 0.3847491 0.6111778 0.6028487 -0.03374952 0.7971414 0.393334 -0.5027913 0.7697333 0.2495831 -0.6421484 0.7248129 0.5257204 -0.4270867 0.7356733 0.1229524 -0.6946837 0.7087295 -0.03604555 -0.7282721 0.6843394 0.2591258 -0.7213649 0.6422512 -0.08441275 -0.7838404 0.6151981 0.05212736 -0.697215 0.7149645 -0.384716 -0.6506825 0.65468 -0.8193024 -0.1962537 0.5387283 -0.8829874 0.3003806 0.3607002 -0.3619615 -0.2521091 0.8974547 -0.8042045 0.1154666 0.5830289 -0.6291709 0.7608115 0.1590911 -0.477971 0.7075738 0.5204644 -0.1218784 0.9919956 -0.03301972 -0.222235 0.9733486 -0.05660581 -0.1830303 0.9758273 -0.1194195 0.1027653 0.9916822 -0.07749629 -0.09649795 0.9905415 0.09754848 0.3773216 0.7857369 0.4901489 0.5767955 0.8168187 0.01068806 0.822192 0.5356898 0.19245 0.8896911 0.2997598 0.3443745 0.6462805 0.7417373 0.1792966 0.8026794 0.3582192 0.4768491 0.8742948 0.1034392 0.4742458 0.7533695 -0.1678744 0.6358088 0.9142725 -0.003554701 0.4050842 0.6044456 -0.2053229 0.7697324 0.6477355 0.6954308 -0.3111507 0.6721186 0.7042154 -0.2287734 0.8331279 0.4576759 -0.3105329 0.5239838 0.7050807 -0.47781 0.05301469 0.6201933 -0.7826555 0.08475768 0.4427072 -0.8926514 0.8331841 0.256617 -0.4898491 0.7204233 0.1459353 -0.6780068 0.4982743 0.196869 -0.8443728 0.1458279 0.2649458 -0.9531726 0.6376366 0.670144 -0.3799035 0.8307222 0.3772097 -0.4094063 0.4274761 0.7376337 -0.5226478 0.2338409 0.6356385 -0.7357189 0.7092511 0.1842554 -0.6804504 0.4239166 0.1058449 -0.8994952 -0.02633357 0.2103756 -0.977266 0.01624107 0.5709388 -0.820832 0.1996573 0.7773168 -0.5965868 -0.0161004 0.7600906 -0.6496178 0.3185871 0.6393968 -0.6997671 0.4014577 0.7569633 -0.5155951 0.4154841 0.7138679 -0.5637071 -0.7105336 0.6137204 -0.3442229 -0.700127 0.7028107 -0.1260142 -0.6444885 0.7433242 0.1791751 -0.8535058 0.4515747 0.2600161 -0.7124799 0.6113193 0.3444724 -0.7984104 0.2271007 -0.5576435 -0.7140203 0.4730177 -0.5161679 -0.5726626 0.7356564 -0.3617558 -0.4515113 0.8733503 -0.182748 -0.9365556 0.2606536 -0.2343573 -0.6996854 0.3624465 -0.615689 -0.9829836 -0.1682099 -0.07381558 -0.9505448 0.2914874 0.1072371 -0.9031348 0.3013417 0.3058445 -0.7330284 0.5444694 0.4077042 -0.5017898 0.856835 0.1184945 -0.6477352 0.6224092 0.43937 -0.5764083 0.8077458 -0.1236946 -0.9055064 0.3171501 0.2819113 -0.7210457 0.6221018 -0.3050941 -0.979676 0.1838662 0.08017635 0.663756 0.7363965 0.1309516 0.7171622 0.5825702 0.3824794 0.4247114 0.5236541 0.7385165 0.07430547 0.8208369 0.5663089 0.1025505 0.9770858 0.1865125 0.4189143 0.8968483 0.1420355 0.3026925 0.8650727 0.4000331 0.3661131 0.7407987 0.563186 0.4367138 0.7587084 0.4833661 0.5799126 0.7361954 0.3488806 0.6237292 0.461672 0.6307306 0.5321535 0.5776484 0.618979 0.3161813 0.5918566 0.7414413 0.3860148 -0.9157649 0.1112076 0.2912635 -0.9138519 0.2829141 -0.03561609 -0.9956414 0.08619725 0.06517171 -0.9945015 -0.08197146 -0.3570932 -0.9258518 -0.1236242 -0.2497843 -0.9245713 -0.2877079 -0.6241907 -0.7151167 -0.3146334 -0.5109985 -0.7166004 -0.4747257 -0.7962716 -0.395497 -0.4577485 -0.6786771 -0.4022904 -0.614459 -0.8471148 -0.01570123 -0.5311781 -0.7272675 -0.02945089 -0.6857221 -0.7690203 0.3664975 -0.5237247 -0.6493884 0.3451495 -0.6776183 -0.5737953 0.6929528 -0.4365494 -0.4569229 0.6644669 -0.5913589 -0.2912817 0.913844 -0.282921 -0.1791101 0.8799063 -0.4400962 0.03559076 0.9956402 -0.08621996 0.1416669 0.9586252 -0.2469176 0.357088 0.9258534 0.1236276 0.4566532 0.8886928 -0.0411455 0.6241946 0.7151152 0.3146291 0.7178841 0.6807128 0.1458511 0.7962764 0.395506 0.4577323 0.8855406 0.3663907 0.2856147 0.8471276 0.0157054 0.5311575 0.9341382 -0.006426274 0.3568537 0.7690155 -0.3664867 0.5237393 0.8562798 -0.3810165 0.3487281 0.5738314 -0.6929177 0.4365577 0.6638031 -0.7003435 0.2624588 0.08065867 -0.8136547 0.5757259 -0.2230141 -0.8919932 0.3932083 -0.5224221 -0.8293821 0.1979916 -0.7719771 -0.6353396 0.01987487 -0.933681 -0.3394368 -0.1141161 -0.9829108 0.01330721 -0.183601 -0.9121832 0.3691446 -0.1779164 -0.7322503 0.6739504 -0.09798163 -0.4705126 0.8812937 0.04404073 -0.1668584 0.9596076 0.226521 0.1325845 0.8969867 0.4217061 0.3821122 0.7029211 0.5999102 0.5438591 0.407051 0.7338438 0.5930866 0.05431562 0.8033046 0.5223249 -0.3015184 0.7976613 0.3423955 -0.6063235 0.7177306 -0.1440026 -0.5984523 0.7881106 -0.3814467 -0.6615591 0.64563 -0.6161952 -0.614366 0.4928064 -0.8125151 -0.4639956 0.3528842 -0.9403957 -0.2334281 0.2473201 -0.9804813 0.04226487 0.1920159 -0.9266315 0.3211889 0.1954272 -0.7870606 0.5607422 0.2571067 -0.5829866 0.7245717 0.3675904 -0.3455517 0.7876532 0.5100949 -0.1107755 0.7404368 0.6629345 0.08551675 0.5901119 0.8027794 0.2133995 0.3595662 0.9083902 0.25352 0.08377754 0.9636954 0.1996342 -0.1951019 0.9602508 0.06006181 -0.434659 0.8985902 -0.3529643 -0.2937736 0.8883205 -0.4888011 -0.331344 0.8070221 -0.623539 -0.3058882 0.7194663 -0.7367661 -0.2210583 0.6389906 -0.8111384 -0.08987355 0.5779078 -0.8354163 0.0676645 0.5454367 -0.8058804 0.2277238 0.5465334 -0.7270061 0.3657754 0.5810944 -0.610822 0.4608956 0.6437949 -0.4749501 0.4985443 0.7251731 -0.340197 0.4730339 0.8127146 -0.2270653 0.3882523 0.8931414 -0.1526668 0.2571002 0.9542497 -0.1283621 0.09941089 0.9867323 -0.157886 -0.06053203 0.9856004 -0.236815 -0.1986358 0.9510324 -0.530202 0.09195166 0.8428705 -0.0721088 -0.9257526 -0.3711908 0.09161567 -0.9588956 -0.2685624 -0.1321595 -0.9899876 0.04958254 -0.291625 -0.9547132 -0.0589714 -0.3358499 -0.870336 0.360167 -0.4910004 -0.8359159 0.2452822 -0.4883528 -0.6181921 0.6159141 -0.639882 -0.5875084 0.4953635 -0.5665153 -0.2719638 0.7778793 -0.7157303 -0.2472016 0.6531628 -0.5584201 0.1156626 0.8214555 -0.7069737 0.133116 0.6945995 -0.4653531 0.4857361 0.7399372 -0.614879 0.495667 0.6133825 -0.3014134 0.7818415 0.5457783 -0.4535041 0.7849995 0.4220307 -0.09160089 0.958898 0.2685595 -0.2473986 0.9573009 0.1495622 0.1321678 0.9899882 -0.04954928 -0.02796822 0.9862815 -0.1626854 0.3358095 0.8703597 -0.3601472 0.1713882 0.8674709 -0.4670338 0.4883193 0.618194 -0.6159388 0.3203009 0.619036 -0.7170787 0.5664991 0.2719506 -0.7778957 0.3962392 0.2787592 -0.8748073 0.5584114 -0.1157035 -0.8214557 0.3874135 -0.101582 -0.9162926 0.4653445 -0.4857487 -0.7399343 0.2953461 -0.4640329 -0.8351313 0.3014271 -0.7818273 -0.545791 0.1339756 -0.7534263 -0.6437388 0.3896309 -0.9198467 -0.04549729 0.1814777 -0.9510619 0.2500947 -0.008447051 -0.8420004 0.5394108 -0.151258 -0.6092875 0.7783893 -0.2252122 -0.2882883 0.9306823 -0.2190328 0.07197701 0.9730591 -0.1336575 0.4167963 0.8991199 0.017888 0.6936406 0.7200992 0.2125093 0.8603839 0.463227 0.4206581 0.8915945 0.1676481 0.6106131 0.7825303 -0.1216473 0.7534203 0.5498057 -0.3606545 0.8273525 0.2288708 -0.5129387 0.8211757 -0.1314182 -0.5553375 0.7357902 -0.4763092 -0.4813961 0.5842769 -0.7531317 -0.3023464 0.6334661 -0.7509112 0.1866904 0.4704836 -0.7771837 0.4178885 0.3213512 -0.6935828 0.6447298 0.2088088 -0.5128226 0.8327136 0.1499058 -0.262417 0.9532395 0.1536887 0.01950019 0.9879269 0.2195361 0.2899934 0.9315083 0.3374589 0.5078762 0.7925801 0.4894382 0.640021 0.5923035 0.6524372 0.666284 0.3610976 0.8015317 0.582684 0.1342623 0.9141002 0.4019139 -0.05372416 0.9729782 0.1514774 -0.1742647 0.9692112 -0.1303375 -0.2089064 0.9033529 -0.40087 -0.152502 0.7854136 -0.6188223 -0.013574 0.7878254 -0.4707816 0.3971095 0.694473 -0.4873633 0.5293244 0.6086842 -0.4409567 0.6595914 0.5435583 -0.3386462 0.7680255 0.5089955 -0.1958526 0.8381918 0.5102617 -0.03455817 0.8593246 0.5471369 0.1208338 0.8282757 0.6140977 0.2466632 0.7496941 0.700846 0.3237812 0.6355947 0.7941679 0.3403278 0.5034626 0.8799512 0.2939597 0.3731939 0.9451187 0.1915607 0.2646791 0.9796781 0.04883879 0.19454 0.9784212 -0.112393 0.1733784 0.9415073 -0.2678506 0.2044993 0.8745847 -0.3936985 0.2830248 0.8189538 -0.08087289 0.5681323 -0.2649187 0.7327715 -0.6267887 0.2342368 0.01843112 -0.9720048 -0.614674 0.09951025 -0.7824792 -0.8438469 0.1285997 0.5209459 -0.1934655 0.01622998 0.9809729 0.0963732 0.3997204 0.9115568 0.06377065 -0.04358595 -0.9970124 -0.3525737 -0.2110233 -0.9116804 -0.5600593 0.02202886 -0.8281596 0.6172064 0.2253482 0.7538398 -0.02240234 0.05874675 0.9980215 0.517638 -0.2390055 0.8215397 0.1698979 -0.4191384 0.8918845 -0.3783509 0.3622154 -0.8518514 -0.9371861 0.2778348 0.2109267 0.2592663 0.3177462 -0.9120408 -0.05866211 -0.1964574 -0.978756 -0.3823221 0.1407742 -0.9132429 0.3009091 0.8355377 0.459707 0.7268787 -0.1222301 -0.6758012 -0.4133659 0.8245044 0.3864209 0.7171757 0.4400458 -0.5403876 -0.4710488 -0.5477385 0.6914446 0.3871766 -0.7576282 0.5254464 -0.1972749 0.06469202 0.9782114 0.8004719 -0.252404 -0.5436331 -0.9571315 -0.164434 0.2384551 -0.444786 0.6584308 0.6071528 0.8618605 -0.2970997 0.4110091 0.8545785 0.30313 0.4216726 0.5175181 -0.3827214 0.7653101 0.3941687 0.08461731 0.9151344 0.3921496 0.4542428 0.7999264 0.5332551 -0.8297415 0.1648277 0.3019579 0.4435771 -0.8438369 0.11098 -0.3316415 0.936855 -0.9870042 0.006790161 -0.1605506 -0.1739453 0.4652078 0.8679429 -0.605148 -0.4921188 -0.6257916 0.01965093 -0.2443584 -0.9694859 -0.715682 0.09078317 0.6925012 -0.7519515 -0.2353711 0.6157674 -0.1804453 -0.2011838 0.9627901 -0.7693425 -0.4048908 0.4941413 -0.1461753 -0.9875392 -0.05830359 0.01022422 -0.1416719 0.9898608 -0.1885794 0.2418055 0.9518235 0.5375507 0.008004486 0.8431935 0.5563179 -0.4465096 -0.7008136 -0.3171486 0.1304361 -0.9393631 0.02791094 -0.5017283 -0.8645749 0.4786192 0.4354457 0.7624373 0.1453173 0.02401256 -0.9890937 -0.659262 0.6589462 0.3621654 0.6319845 0.3130876 -0.7089229 0.3025987 -0.5674609 -0.7657821 -0.09277063 -0.7816521 0.6167768 0.5196068 -0.2208466 -0.82537 0.3283416 0.4216912 -0.8452032 0.8135627 0.5403389 0.2148246 0.4942883 0.4371502 0.7513846 0.3329403 -0.1645793 0.9284743 0.842548 -0.4444807 0.3042203 -0.8827784 0.4695116 -0.01616215 -0.5689275 0.3111661 0.7612472 -0.1339429 0.5875017 0.7980608 -0.04897755 0.9973102 0.05453014 -0.1020582 -0.4410412 0.8916652 0.008809506 -0.9723454 0.2333812 -0.8538084 -0.5154002 0.07330667 -0.6901584 -0.3155364 0.6512435 0.7754914 0.6292384 0.05169409 0.3842617 0.7535575 0.5333802 0.1997764 0.2828492 0.9381289 0.7916969 -0.2112977 0.5732097 -0.8718057 0.3583071 -0.3340224 -0.6698262 0.5788497 0.4650441 -0.2442794 0.869628 0.4290396 -0.05612313 0.9139197 -0.4019963 -0.2257426 -0.008000195 0.9741542 -0.02393043 -0.7671098 0.6410693 -0.8556707 -0.4823313 0.1875746 -0.7744779 -0.03832411 0.6314392 -0.5159752 0.03510111 0.8558841 -0.5219524 -0.02192419 0.8526929 0.4604652 -0.05375337 0.8860489 0.4621794 0.007757484 0.8867525 0.2963455 -0.02698355 -0.9546996 -0.8464503 0.005651414 -0.5324379 -0.8455205 0.05781894 -0.5308032 0.2973446 0.02999997 -0.9542989 0.9914954 0.001009941 -0.1301383 0.9894509 -0.0615803 -0.1311292 0.214497 0.9159426 0.3391762 -0.1078476 0.9289213 0.3542234 -0.3241384 0.9375578 -0.1261737 0.1277138 0.9268437 -0.3530582 0.3998286 0.9156469 -0.04157012 -0.2248932 -0.9253122 0.3053206 0.1597039 -0.9323616 0.3243406 0.3458091 -0.9365888 -0.05672532 0.1246789 -0.9317002 -0.3411598 -0.3092905 -0.9132916 -0.2650243 -0.155982 0.3406187 0.9271723 -0.5557431 0.3597961 0.749464 -0.5712034 -0.3420346 0.7461495 -0.1762091 -0.3467106 0.921272 0.1464267 -0.3490272 0.9256021 0.1661134 0.3220264 0.9320437 0.4089676 -0.3531021 0.8414657 0.4286355 0.3121597 0.8478373 0.1480711 -0.4312354 -0.8900063 -0.0175907 -0.3503511 -0.9364534 0.003126263 0.3610541 -0.9325397 0.1732634 0.4347739 -0.8837147 -0.1663815 -0.4077932 -0.8977873 -0.142641 0.4338543 -0.8896203 -0.04550707 0.3948536 -0.9176164 -0.06869888 -0.3731999 -0.925204 0.03130942 -0.2534208 -0.9668494 -0.7305403 0.5856457 -0.3511836 -0.1733887 0.8321979 -0.5266717 -0.1921084 -0.6910114 -0.6968483 -0.9368253 0.02408325 -0.3489677 0.4572404 -0.001856267 -0.8893412 0.05251854 0.2735608 -0.96042 -0.7638115 -0.537849 -0.3568063 0.8507304 -0.3764854 0.366765 0.8534669 0.3091174 0.419572 -0.1023405 -0.1724128 0.979694 -0.1362178 0.1794337 0.9742938 0.6220237 0.3604028 -0.6951234 0.5561924 -0.3628069 -0.7476772 -0.5635433 0.1702715 -0.8083481 -0.6065015 -0.1359403 -0.7833749 0.1621934 0.7772179 0.6079685 0.2017086 -0.734025 0.648476 0.120347 -0.7945311 0.5951781 0.2418814 0.7095602 0.6618292 0.5153561 -0.3022537 0.8019046 -0.3447955 0.550575 0.7602521 -0.5242683 7.54246e-4 0.8515529 0.8907583 -0.02818465 0.4536028 0.5358797 0.2582985 0.8038127 -0.3825859 -0.5433412 0.7472674 -0.2186531 -0.8089708 -0.5456712 -0.1529722 0.7141134 -0.6831118 -0.126265 0.7713581 0.6237498 -0.06802111 -0.04714649 0.9965694 -0.08134329 0.06868618 0.9943166 -0.1265381 0.8007552 0.5854735 0.04905039 -0.849172 0.5258336 0.1299603 -0.9912573 -0.02279466 0.01981389 -0.9995858 -0.02087301 -0.03566181 -0.7862576 0.616869 0.1247443 -0.4743361 -0.871461 0.02317517 -0.5216401 -0.8528509 -0.4105094 -0.9040654 -0.1189451 -0.4044125 -0.6752585 0.6168279 -0.2528207 -0.4761175 -0.8422554 -0.1416669 0.9810459 -0.1322106 -0.1066761 0.9917786 -0.07067924 -0.2009367 0.8136225 0.5455665 -0.3304439 0.1506863 0.9317191 -0.6379101 -0.2013545 -0.7433217 -0.6133307 -0.4009912 -0.6804643 -0.8285297 -0.4527698 -0.3294511 -0.9082795 -0.1875162 -0.3739869 -0.9294005 -0.3511239 0.113696 -0.9836126 -0.1552026 0.09175229 -0.7759338 -0.356982 0.5200871 -0.8294088 -0.1553739 0.5366005 -0.5560485 -0.302098 0.7743043 -0.5785167 -0.08738017 0.8109768 -0.8405305 0.05362117 0.5391042 -0.57854 0.1026081 0.8091744 -0.997297 0.06194567 0.03951394 -0.9023726 0.1203801 -0.4138023 -0.6206855 0.1003558 -0.7776106 -0.5750048 0.1627387 0.8018015 -0.8378637 0.1344774 0.5290561 -0.9923807 0.1223693 0.01436555 -0.9060124 0.1355707 -0.4009517 -0.6698699 0.1668915 -0.7234788 -0.3538178 0.7758994 0.5222962 -0.4461181 0.3848047 0.8080248 -0.3660512 0.8349334 0.4109656 -0.324475 0.6075025 0.725022 -0.6728163 0.008698999 0.7397584 -0.5167487 0.3130561 0.7968481 -0.2715789 0.4994617 0.8226682 -0.3128063 0.4104251 0.8565649 -0.3436112 0.2134976 -0.9145218 -0.09483766 0.490381 -0.8663327 -0.2477167 0.08556658 -0.9650466 -0.565153 -0.3747726 -0.7349475 -0.5170422 -0.1073472 -0.849202 -0.6026563 -0.00708729 -0.7979695 -0.8957374 -0.02364236 -0.4439545 -0.8426411 -0.4281218 -0.3266006 -0.9191309 -0.1487687 -0.3647825 -0.9986096 0.05169928 0.01030594 -0.9158369 -0.292103 0.2755335 -0.5832394 0.2559287 0.7709295 -0.9242607 0.06805247 0.3756476 -0.5475985 0.2451639 0.8000192 -0.8083105 0.1906671 0.5570281 -0.2993245 0.8451523 0.4428571 -0.2429497 0.6464586 0.7232335 -0.1721986 0.04994481 -0.9837953 -0.3035231 0.08312183 -0.9491916 -0.3036437 0.1625903 -0.9388104 -0.2525536 0.1097254 -0.9613413 -0.3177568 -0.1055839 -0.9422754 -0.3219194 -0.3415095 -0.8830285 -0.1007381 0.9949089 0.002869069 -0.1772828 0.1791958 -0.9677085 -0.03730404 0.007642745 -0.9992747 0.06441569 0.0332756 -0.9973682 -4.72949e-4 0.7245568 -0.6892149 -0.05646091 0.6556482 -0.7529526 -0.0889374 0.6833253 -0.724677 -0.2377937 0.9664661 -0.09694129 -0.2208807 0.6975706 -0.6816208 -0.2404427 0.7769601 -0.5818251 -0.325487 0.9394783 -0.106952 -0.3297696 0.9427857 -0.04906314 -0.2087298 0.7774726 -0.5932692 -0.4859699 0.6537953 -0.5799871 -0.294038 0.9557926 0.001456558 -0.2613915 0.7963705 0.5454068 0.07560968 0.05867826 0.9954096 0.05821555 -0.05755949 0.9966433 0.1256083 0.7646851 0.6320439 0.1289263 0.7911615 0.5978642 0.09937393 0.9949819 0.01165729 0.1074118 0.9922086 -0.06312507 0.0226587 -0.7589276 0.6507807 -0.0427795 -0.8334718 0.5509037 -0.02695667 -0.9995693 0.01160562 -0.1141467 -0.9933368 -0.01589792 -0.01872164 -0.5142956 -0.8574087 0.03709685 0.02520036 -0.9989939 -0.05398815 0.03901535 -0.9977791 -0.1056563 -0.4660431 -0.8784309 0.05460596 0.6590813 -0.7500867 -4.74662e-4 0.7261479 -0.6875385 0.3400384 0.07433229 0.9374693 0.2054226 0.8045104 0.5572832 0.3565764 0.76425 0.5373783 0.491503 0.251025 0.8339134 0.1439661 0.9814919 -0.1262839 0.2330064 0.9681484 -0.09163355 0.5184991 -0.5875108 0.6212809 0.7851915 -0.1920948 0.5887054 0.9023348 -0.4193322 0.09976255 0.6534712 0.1232019 0.7468579 0.08603769 0.6856591 -0.7228204 0.2503911 0.8931343 -0.3736515 0.09430539 -0.5616894 -0.8219559 0.1692945 0.1510387 -0.9739234 0.4889227 0.01702761 -0.8721609 0.1980781 0.6123334 -0.7653841 0.603646 -0.7796398 -0.1666536 0.6985731 -0.2687376 -0.663156 0.5753013 0.2878911 0.7656025 0.8780547 0.1572713 0.4519799 0.9564698 -0.1620361 -0.2427135 0.3932699 0.325402 0.8599141 0.4919174 -0.141618 -0.859047 0.1743159 0.08922624 -0.980639 -0.01069456 0.475526 -0.8796368 0.2240738 0.7902583 -0.5703357 0.3123241 0.9450786 -0.09633344 0.3689203 0.800419 0.4724694 0.3830111 0.4576599 0.8024027 0.3120235 0.3653848 0.8770037 0.5725326 0.2843351 0.7689993 0.7943536 0.2342175 0.560486 0.389015 0.2823774 0.8768868 0.5800406 0.2760424 0.76639 0.407216 0.333783 0.8501554 0.3683481 -0.0873304 0.9255772 0.5479689 -0.1975756 0.812831 0.5686286 0.0987581 0.8166446 0.3654418 0.1705873 0.9150696 0.8284158 -0.2230552 0.5137837 0.4859303 -0.4771396 0.7322633 0.7491962 -0.4335516 0.5007376 0.8773163 0.04161232 0.4781052 0.9518018 -0.2844662 0.1146842 0.9877083 -0.1461282 0.05548888 0.9985688 0.02585166 -0.04682052 0.8537698 -0.4118428 -0.3185318 0.9207708 -0.1473582 -0.3612019 0.8862673 0.1231615 -0.4464994 0.6815245 -0.2359999 -0.6926965 0.6429381 -0.101257 -0.7591953 0.5992559 0.1446923 -0.7873732 0.6456757 0.1121399 -0.7553327 0.8823599 0.09861373 -0.4601265 0.992249 0.1242125 0.003626644 0.8389214 0.2233291 0.4963214 0.9847129 0.1141128 0.1316013 0.9140718 -0.04142004 -0.403432 0.6310247 -0.06674879 -0.7728859 0.3380777 0.9375386 -0.0820052 0.2970868 0.8221422 0.4856147 0.2793352 0.7202881 -0.6349464 0.3243884 0.9450964 0.03956085 0.2759287 0.7920936 0.5444732 0.2520851 0.6732846 0.6950834 0.2395213 0.5085725 0.827033 0.2795807 0.5794523 0.7655519 0.403346 -0.3831489 0.8309687 -0.3925414 -0.3017748 0.8688172 -0.4127564 -0.03726655 0.9100788 -0.4316927 0.1439144 0.8904663 0.01285839 -0.2911347 0.9565957 -0.01399886 -0.00660175 0.9998803 -0.3909426 0.2345834 0.8900194 -0.02256113 0.1725631 0.9847401 -0.3710895 0.3141513 0.8738431 -0.3197197 0.3767085 0.8694078 -0.01066958 0.2917015 0.95645 0.365209 0.3684189 0.854921 0.002730488 0.3446561 0.9387251 0.01306819 0.4643939 0.8855324 -0.228313 0.5241752 0.8204349 -0.2402899 0.5833494 0.7758637 -0.2278622 0.4497839 0.8635817 -0.2163045 0.5512453 0.8058171 -0.2321542 0.4508748 0.861868 0.2584133 0.4262825 0.8668944 0.01400744 0.466236 0.8845494 0.33179 0.002471983 -0.94335 0.3243581 -0.02370607 -0.9456373 0.3135516 0.1405558 -0.939111 0.02666634 -0.06945753 -0.9972285 -0.03088593 -0.2655232 -0.9636097 0.3327412 0.1205234 -0.9352847 0.04395031 0.1470223 -0.9881563 0.174204 0.05927151 -0.9829242 0.2818744 0.03917914 -0.9586511 0.05331742 0.1324273 -0.9897577 7.06126e-4 0.1052447 -0.9944461 -0.01487302 0.1305105 -0.9913354 0.128467 0.3488712 -0.9283239 -0.1244251 0.3942597 -0.9105371 0.9235404 0.07649725 -0.3757947 0.08055007 0.2734128 -0.9585183 -0.006081283 0.3213856 -0.9469289 0.1174242 0.2963146 -0.9478445 0.007481753 0.1077384 -0.9941511 -0.05573308 0.2544267 -0.9654849 -0.1018184 0.297092 -0.9494048 0.2647556 0.5038242 0.8222322 0.2340882 0.4444549 0.8646748 0.08326661 -0.9526064 0.2925884 0.1244558 -0.9307366 0.3438609 -0.06489193 -0.9473162 0.3136576 -0.1014601 -0.9224164 0.372631 0.2182919 -0.943573 0.2490357 -0.1902746 -0.9293389 0.3164251 -0.1227965 0.5310346 -0.8384052 -0.1763945 0.6166131 -0.7672505 -0.1909422 -0.6169117 -0.7635189 0.06510168 -0.4327713 -0.8991501 -0.07689988 -0.4098831 -0.9088907 -0.1496503 0.4919521 -0.8576642 0.1460941 -0.9424518 -0.3007344 -0.01388466 -0.9669432 -0.2546138 0.0454874 -0.9242971 -0.3789538 0.07262653 -0.9161199 0.394271 2.87261e-4 -0.8774797 0.479614 -0.04863244 -0.9617833 -0.2694584 -0.05489248 -0.8494884 0.5247439 -0.1499463 0.987941 -0.03858286 -0.1924526 0.9799874 -0.05085933 -0.1215407 -0.186884 0.9748345 -0.02284103 -0.04480576 0.9987346 -0.1690496 0.5997816 0.7821024 -0.09630644 0.6465689 0.7567522 -0.04708653 -0.2165069 0.9751449 -0.006343007 0.6888871 0.7248409 -0.07599234 0.9888255 -0.1282557 -0.08875173 0.9955641 -0.03123182 -0.07622236 -0.9762107 0.2029848 -0.1176263 0.8288974 0.5468941 0.09984016 -0.8525807 0.51297 0.249175 -0.6894807 0.6800943 0.2668896 0.7628388 0.5889372 0.2359675 -0.685934 -0.6883416 0.08470249 -0.7709407 -0.6312496 -0.09421885 0.888017 -0.4500539 0.2728134 0.7747916 -0.5703253 0.3073433 0.9193286 0.2457132 0.1591851 0.9824666 0.09705352 0.218634 0.9352781 0.2783058 -0.5294296 -0.5395199 0.6546928 -0.3698149 -0.9243746 0.09364038 -0.1058284 -0.9748736 -0.1960152 0.3897729 0.6840408 -0.6165755 0.4010517 0.6061723 0.6868135 0.2232068 -0.6712614 0.7068147 0.2360554 -0.5705357 -0.7866175 -0.01143831 -0.8124234 0.5829557 0.03693419 -0.6882672 -0.7245166 0.06613522 -0.9764987 -0.2051256 0.1249274 -0.9912371 -0.0429219 0.1163523 -0.9837232 -0.1369339 0.1500004 -0.9796087 -0.1336669 0.09545361 0.9794687 0.1775665 0.3215127 0.9464554 -0.02918791 0.3147054 0.9229524 -0.221629 0.08000946 0.847842 0.5241779 0.3863909 0.6692849 0.6346337 0.2522742 0.7253968 0.6404352 -0.008559226 -0.7424542 -0.6698423 0.152833 -0.6303503 -0.7611181 0.06065952 -0.6991637 0.7123837 -0.03645938 -0.8325495 0.5527497 0.4147553 0.6635535 0.6226354 0.4170579 0.7682797 -0.4856018 0.09806114 0.9814118 0.1649698 0.2185329 0.9187278 -0.3289114 0.25144 0.8769632 -0.4095286 0.5538303 0.5739247 -0.6032267 0.5934411 0.2785713 0.7551329 0.2028794 -0.7511211 0.6282173 0.1140702 -0.4921692 -0.8629934 -0.08832472 -0.6110053 -0.7866837 -0.04904252 -0.6325245 0.7729863 -0.0831412 -0.6294568 -0.7725748 -0.08660995 0.5388584 -0.8379323 -0.04627656 0.7101907 -0.7024868 0.06950533 -0.7547417 -0.6523296 0.05245643 0.9634493 0.2627046 0.08023071 0.9964168 -0.02677196 -0.009451627 -0.9860406 -0.1662372 -0.09878915 -0.7210057 -0.6858509 -0.2369695 0.3565757 -0.9037141 -0.2188808 -0.9396402 -0.2629972 -0.1538591 -0.9817332 0.111926 0.2715453 -0.9400057 -0.2065252 -0.1758919 0.31927 0.9311975 -0.3215038 0.2614273 0.9101051 0.4641416 0.8610895 0.2075996 -0.4878541 -0.7720054 0.4074383 -0.4404461 -0.8871629 0.1376572 -0.1055506 -0.9858602 0.1301487 0.2149626 -0.1297634 0.9679632 -0.6792564 -0.03093314 0.7332489 -0.2691545 0.4536892 0.8495423 0.4412972 -0.5705469 0.6926277 0.1243653 -0.9332164 -0.337106 0.4622093 -0.153484 -0.8733873 0.6533744 -0.4214559 -0.6288695 0.8663301 0.3713114 0.3340661 -0.3378974 0.8142216 0.4720895 -0.1473325 0.9890852 0.001926422 -0.06373161 0.8935039 -0.4445102 -0.2668677 0.8437294 -0.4657277 -0.3927965 0.0905109 -0.9151605 -0.1329745 -0.2939956 0.9465118 -0.5066912 -0.5592564 -0.6561222 -0.3600286 0.6575977 -0.6617739 -0.1471974 -0.9403381 -0.3067529 -0.05474358 0.9984477 0.01026654 -0.2524815 0.6772725 0.6910536 -0.4247568 -0.3458196 0.8366543 -0.08516341 0.6206579 0.7794427 0.01359063 0.9010511 -0.4335001 -0.01558548 0.8071807 0.5900989 0.3725224 -0.8369411 0.400945 0.4167844 -0.7627317 -0.4945009 0.2939468 -0.7106503 -0.6391959 0.0124942 0.7298229 0.6835222 0.353415 -0.7701131 0.531059 -0.01528137 0.7666139 -0.6419265 -0.02162259 0.698074 0.7156991 0.3188045 -0.7924214 -0.5200308 0.2234533 -0.882711 0.4133886 -0.02002179 0.6578064 0.752921 -0.0626266 0.8110447 -0.5816223 0.316366 -0.8351273 0.4499722 -0.2286566 -0.1808444 0.9565624 -0.1468455 0.5947886 0.7903562 -0.1858056 -0.7889885 0.5856395 -0.1359443 -0.7072872 0.6937319 -0.1954396 -0.7020655 0.6847681 -0.1263653 -0.07609874 0.9890606 -0.07119023 0.05582028 0.9958997 -0.04926455 0.5870757 0.8080317 0.09332138 0.9326779 -0.3484293 0.02178108 0.7422223 0.6697998 0.0158351 0.9899559 -0.1404874 -0.154434 -0.9868736 -0.04723066 -0.1719132 -0.9838756 -0.04934149 0.05392658 0.5230237 -0.8506106 -0.009166002 0.5720409 -0.820174 -0.07479822 -0.4644186 -0.8824515 -0.09612703 -0.5100587 -0.8547513 0.01744854 0.6787452 -0.7341665 -0.03756976 -0.5684337 -0.8218709 -0.08886265 -0.9827591 -0.1621361 0.19492 -0.4531033 -0.8698871 -0.1412044 -0.4543783 -0.8795464 0.06788444 -0.4788121 -0.875289 -0.1629205 0.5026826 -0.8489801 0.1850645 0.5711324 -0.7997242 0.00170803 0.9990192 0.04424697 0.0945512 0.6271088 -0.7731718 0.1228081 0.5310367 -0.8384022 -0.06510376 -0.4327688 -0.8991512 0.1909402 -0.6169112 -0.7635198 0.176363 0.6166133 -0.7672576 0.0769087 -0.4098731 -0.9088945 0.1496557 0.4919546 -0.8576619 0.01388847 -0.9669431 -0.2546138 -0.1460946 -0.9424518 -0.300734 -0.04548311 -0.9242953 -0.3789586 -2.83137e-4 -0.8774794 0.4796144 -0.07262402 -0.9161205 0.3942705 0.04865282 -0.9617813 -0.2694618 0.05486059 -0.8494612 0.5247915 0.1499451 0.9879413 -0.03858375 0.192451 0.9799878 -0.05085963 0.02283877 -0.04480493 0.9987347 0.1215432 -0.1868891 0.9748332 0.169057 0.5997789 0.782103 0.09630364 0.6465751 0.7567471 0.04703426 -0.2165296 0.9751424 0.006293714 0.6888756 0.7248523 0.07599925 0.988825 -0.1282548 0.08874332 0.9955647 -0.03123438 0.07623279 -0.976211 0.2029795 -0.2491666 -0.6895121 0.6800656 -0.09977042 -0.8523727 0.5133293 0.1176456 0.8288924 0.5468977 -0.2668672 0.7628058 0.58899 0.09424179 0.8880167 -0.4500502 -0.08430564 -0.7712712 -0.6308988 -0.2360345 -0.685934 -0.6883185 -0.2728203 0.774814 -0.5702915 -0.3072299 0.9205102 0.2413936 -0.217437 0.9360584 0.2766148 -0.1593376 0.9824903 0.09656375 0.5294165 -0.5395208 0.6547028 0.09574675 -0.9743093 -0.2038482 0.3698066 -0.9243776 0.09364402 -0.3897722 0.6840485 -0.6165673 -0.2360698 -0.5705254 -0.7866205 -0.2232105 -0.671261 0.7068138 -0.4010466 0.6061649 0.686823 0.009802818 -0.8125082 0.5828674 -0.03658473 -0.6906524 -0.7222609 -0.06367009 -0.9762139 -0.20725 -0.1380457 -0.9819108 -0.1295946 -0.1101887 -0.9856311 -0.1280231 -0.132111 -0.9906939 -0.03274697 -0.09098285 0.9788732 0.1831107 -0.3155244 0.9265741 -0.2047072 -0.3219104 0.946352 -0.02813625 -0.08000737 0.8478533 0.52416 -0.2521142 0.7244373 0.6415832 -0.3861218 0.6695514 0.6345162 0.005366623 -0.7425677 -0.6697496 0.03992509 -0.8322331 0.5529867 -0.0608974 -0.6990416 0.7124834 -0.1526871 -0.6305993 -0.760941 -0.4147239 0.6635242 0.6226876 -0.4170657 0.768281 -0.4855931 -0.09935653 0.984474 0.1447038 -0.2486683 0.8730018 -0.4195618 -0.2416201 0.9236053 -0.2976123 -0.5459812 0.58332 -0.601367 -0.1169874 -0.4822894 -0.8681653 -0.2065256 -0.7450124 0.6342741 -0.5870705 0.2897244 0.7559154 0.09142428 -0.6120283 -0.7855336 0.0474177 -0.6317552 0.7737163 0.07590186 -0.6187274 -0.7819305 -0.06670182 -0.7495665 -0.6585597 0.04821211 0.7064406 -0.7061284 0.111091 0.5196086 -0.8471515 -0.0533927 0.9636784 0.2616741 -0.08029472 0.9964331 -0.0259611 -5.13218e-4 -0.9866455 -0.1628819 0.1211336 -0.6283628 -0.7684316 0.2016806 0.4755771 -0.8562426 0.2231237 -0.9393376 -0.2605009 0.1538151 -0.9817413 0.1119156 -0.2598822 -0.9420589 -0.2120997 -0.4641589 0.861077 0.2076126 0.3215025 0.2614304 0.9101046 0.1759052 0.3192803 0.9311915 0.4404507 -0.8871611 0.1376534 0.4878354 -0.7720115 0.4074494 -0.2149575 -0.1297683 0.9679636 0.1055831 -0.9858488 0.1302088 0.67925 -0.03093451 0.7332548 0.2691447 0.4536963 0.8495416 -0.4381599 -0.5761501 0.689976 -0.1223068 -0.9286924 -0.3501021 -0.4622464 -0.1535266 -0.8733602 -0.6533704 -0.421463 -0.628869 -0.8663329 0.3713153 0.3340546 0.3379076 0.8142235 0.472079 0.1473348 0.9890848 0.001924157 0.06030881 0.9057677 -0.4194613 0.2668657 0.843729 -0.4657297 0.3743299 0.061517 -0.9252529 0.132972 -0.2939958 0.9465121 0.5066921 -0.5592567 -0.6561213 0.3600203 0.6576007 -0.6617754 0.1471905 -0.9403386 -0.3067544 0.05473542 0.9984482 0.01026266 0.2524792 0.6772726 0.6910544 0.4247643 -0.3458173 0.8366515 0.08517676 0.6206551 0.7794436 -0.01389068 0.9015082 -0.4325391 0.0150296 0.8077175 0.5893783 -0.3746687 -0.8318726 0.4094036 -0.4182539 -0.7604057 -0.4968369 -0.2883552 -0.6907596 -0.6631007 -0.01329177 0.7288072 0.6845901 -0.3581621 -0.767577 0.5315501 0.01541709 0.7656066 -0.6431243 0.02134066 0.6970877 0.7166684 -0.3132323 -0.80294 -0.5071222 -0.2319647 -0.8857473 0.40205 0.01974767 0.6566593 0.753929 0.06288319 0.8105175 -0.582329 -0.2931232 -0.8327475 0.4696918 0.2285705 -0.180849 0.9565821 0.1467783 0.5947903 0.7903675 0.1857423 -0.7889754 0.5856772 0.1112774 -0.6683318 0.7354931 0.04694259 0.05299079 0.997491 0.1092257 -0.07292884 0.9913381 0.1807347 -0.6709026 0.7191833 0.03922539 0.5895826 0.8067551 -0.07617664 0.9364181 -0.3425174 -0.004822731 0.9891841 -0.1466007 -0.03212618 0.7379314 0.6741107 0.1787863 -0.9822729 -0.05635035 0.1464695 -0.9879977 -0.0490632 -0.02468848 0.5228155 -0.8520883 0.03698521 0.5686782 -0.8217282 0.1291594 -0.5758845 -0.8072639 0.1096685 -0.6020249 -0.7909101 0.07555389 -0.6122328 -0.7870595 -0.01740866 0.6787474 -0.7341656 0.09740597 -0.9793258 -0.1772934 -0.1948357 -0.4531353 -0.8698894 0.1412502 -0.454401 -0.8795272 -0.06777781 -0.4788382 -0.875283 0.1629773 0.5026817 -0.8489697 -0.1849969 0.5711313 -0.7997408 -0.001724302 0.9990192 0.04424685 -0.09446597 0.6271008 -0.7731887 0.2061572 -0.6521021 -0.7295629 0.2838661 -0.631307 -0.7217143 0.3577728 -0.5675888 -0.7415131 0.1930746 -0.8196693 -0.5393186 0.4640396 -0.6967259 -0.5470287 -0.2008458 -0.523078 0.8282816 0.6100067 -0.7080227 0.3558028 -0.1697446 -0.940085 -0.2956806 -0.5613533 -0.8149177 -0.1441936 -0.4697503 -0.8183805 -0.331041 0.5211353 -0.6614934 0.5392999 0.5203868 0.4336735 0.7356119 -0.5439217 -0.6609825 -0.5169637 -0.1521061 -0.7956532 -0.5863444 -0.1916136 -0.6526899 -0.732994 -0.3578531 -0.5609995 -0.7464722 -0.2843934 -0.6204972 -0.7308239 -0.5675673 0.394146 0.7228529 -0.7281512 -0.677974 0.1007333 -0.7482986 -0.1560956 0.6447352 0.6513999 -0.7544071 -0.08092111 0.7167713 -0.1094463 0.6886656 0.04980617 -0.9947409 0.08949857 0.9548239 -0.2951894 0.03427416 -0.02343767 0.6798173 0.733007 -0.3223314 0.4688682 0.8223535 -0.1491 0.6772928 0.7204468 -0.5611798 0.3765727 0.7370687 -0.829854 -0.5472366 -0.1089705 -0.8215508 -0.5701197 -0.004225671 -0.7867758 0.6168701 -0.02133566 -0.7458817 0.4516066 -0.4896039 -0.4708324 0.8822177 -0.002961933 -0.3627483 0.8098002 -0.4611263 -0.8235897 0.4781847 0.3050237 -0.435757 0.8345614 0.3370802 -0.6860911 -0.7272257 -0.02053809 -0.6992882 0.4569945 0.5496836 -0.3307875 0.7350358 0.5918632 -0.7654685 -0.6421406 -0.0413931 -0.7967351 -0.6033357 0.03463143 0.7870779 0.6163046 -0.02602183 0.8245252 0.4764342 0.3052356 0.7852904 -0.6183102 -0.03180664 0.8911418 -0.4533908 0.01741588 0.8084708 -0.586157 0.05286705 0.6821154 0.4720795 0.558444 0.7634484 -0.6381759 0.09938865 0.5468147 0.4032143 0.7337656 0.3451156 0.7254948 0.5954433 0.1613996 0.676151 0.7188672 0.4493507 0.8252588 0.3420995 0.487114 0.8733273 -0.00440216 0.6837862 0.5324872 -0.4988927 0.3841443 0.7988793 -0.4628446 0.9548737 -0.2630287 0.1379578 0.3948308 0.787171 0.4737831 0.7982737 0.3253628 0.5068514 0.9157552 0.3807209 0.1282344 0.4395551 0.3968061 -0.8058141 0.1736976 0.6276294 -0.7588878 -0.1584115 0.6230018 -0.7660123 -0.4167295 0.3653897 -0.8323624 0.1950905 0.281831 -0.9394206 0.02834653 0.6367571 -0.7705432 0.06326907 0.2567068 -0.9644163 -0.02462625 0.2427741 -0.9697702 -0.02176415 0.6282185 -0.7777326 -0.1721552 0.2783203 -0.9449341 0.0971294 -0.9356514 -0.3392971 -0.04622066 -0.9618568 -0.2696205 -0.6608453 -0.6774686 -0.322986 0.3396182 -0.8983547 -0.2786012 -0.3023474 -0.9050889 -0.298999 0.6787053 -0.6757048 -0.2877188 0.8837866 -0.4338735 -0.1751433 0.9607192 0.2702962 0.06291824 0.05068272 0.7893227 0.6118832 0.02588307 0.7958489 0.6049419 0.9515438 0.3024703 0.05546438 -0.9626688 0.251103 0.1010751 -0.9605336 0.2605831 0.09732341 -0.847065 0.2244881 -0.481753 -0.9318609 -0.3448673 0.112703 -0.407489 0.7642144 0.4999291 -0.3694499 0.8237918 0.4299697 0.038863 0.675755 0.7361012 -0.2555523 0.9037178 0.3434926 -0.2494509 0.9428104 0.2210945 -0.9721267 0.2124805 -0.09910434 -0.9320977 0.3135266 0.1813693 -0.8479226 0.4335122 -0.3051137 -0.9082508 0.4000707 -0.1225722 -0.2513085 0.9679071 8.2789e-5 -0.9128692 0.407796 -0.01929324 -0.8839403 0.4619814 0.07226997 -0.3369531 0.9011098 -0.2728806 -0.8344494 0.4905291 0.2511487 -0.3110707 0.9352279 -0.1690678 -0.5980882 0.4548708 0.6598356 -0.1728482 0.9573557 0.2315026 -0.2519648 0.4110569 0.8760971 0.172176 0.952329 0.2518431 0.1329357 0.4337687 0.8911638 0.3242676 0.9332563 -0.1545422 0.5611931 0.4755713 0.6774173 0.3574754 0.8970329 -0.2598909 0.8486936 0.4823253 0.2169832 0.255324 0.9668498 0.003344357 0.8872703 0.459658 0.03829014 0.2554754 0.9406529 0.2233937 0.9180149 0.3957912 -0.02445316 0.2644309 0.8985462 0.3502728 0.8983915 0.4112066 -0.1542783 0.3748968 0.8273244 0.418314 0.7721391 0.1641513 -0.6138857 0.954867 0.2524078 -0.1565868 0.8159556 0.4804201 -0.321579 -0.9561293 -0.2884374 0.05119323 0.03071278 -0.9889345 0.1451386 0.3238385 0.454455 0.829819 0.4843506 0.1019208 0.8689171 -0.5303833 0.1714611 0.8302377 -0.5347723 0.2526741 0.806334 0.417235 0.2564583 0.8718624 0.9855242 0.1628204 -0.04723984 0.9943695 0.01409405 -0.1050276 0.740057 0.2013891 -0.6416838 0.6458508 0.1783842 -0.7423313 -0.9895787 0.1080785 -0.09514814 -0.978644 0.2004374 -0.04561543 -0.5657182 0.2600877 0.782507 0.3933265 0.3089697 0.8659284 -0.5855051 0.2117 0.7825388 0.4194545 0.2134926 0.8823145 -0.9989003 0.009979367 -0.04581284 -0.9909899 0.13371 -0.007800102 -0.6512867 0.1662847 0.7403884 0.4416577 0.1837896 0.8781571 -0.9937839 -0.01233893 -0.1106416 0.9926984 -0.0407986 0.113514 0.9959329 0.01317387 0.08912938 0.9883511 0.151147 0.01779443 0.8551128 -0.2344759 -0.4623887 0.8285495 -0.1028937 -0.5503807 -0.9953972 -0.05720227 -0.07689148 -0.6938595 -0.1069785 0.7121198 0.4214198 -0.002350568 0.9068627 0.9869758 -0.007934451 0.1606736 0.8919979 -0.04338365 -0.449953 -0.6084966 0.4497689 -0.653789 -0.5696474 0.1973356 -0.7978474 -0.9868232 -0.03725957 0.1574538 -0.9823096 0.1243525 0.1400157 -0.6841171 -0.1063155 0.7215822 -0.6902241 -0.1936264 0.6972085 0.4368827 -0.2457059 0.8653104 0.4278503 -0.2168909 0.8774409 0.9837237 -0.04548966 0.1738346 0.9389225 0.001164913 0.3441266 -0.09550893 0.2560998 -0.9619205 -0.08617389 0.211714 -0.9735252 -0.7233834 0.1879603 -0.66437 -0.773306 0.2121743 -0.597478 -0.8183566 0.0154531 -0.5745031 -0.4801583 0.07333093 -0.8741114 -0.7500268 -0.1629974 -0.6410084 0.7655624 0.108238 -0.6341915 -0.1992207 0.07601261 -0.9770023 -0.13195 -0.2371606 -0.9624677 0.05862659 -0.4089012 -0.9106936 0.3951854 0.01270484 -0.9185136 -0.6137865 -0.2438809 -0.7508584 0.845171 0.3068006 -0.4376749 0.2049333 0.4497218 -0.8693404 0.8941105 0.2599365 -0.364691 0.1583936 -0.05954396 -0.9855791 0.3791039 -0.04936885 -0.9240363 -0.5381112 -0.1024386 -0.8366258 -0.5278686 -0.1183669 -0.8410376 -0.9848257 -0.1275576 0.1176756 -0.5548061 -0.01122444 -0.8319041 -0.9902415 -0.1375344 -0.02249568 -0.9915896 -0.1062346 0.07392239 -0.7292566 -0.1854792 0.6586216 -0.7247903 -0.0620374 0.6861708 -0.7487115 -0.0680775 0.6593911 0.4195341 -0.1818681 0.8893341 0.457961 0.03205639 0.8883942 0.4189289 -0.0624718 0.9058675 0.9168065 -0.01041227 0.3991961 0.9452182 0.02429741 0.3255341 0.9093443 -0.05136293 0.4128617 0.2428048 0.2717059 -0.9312475 0.1892289 0.06317424 -0.9798987 -0.6470472 -0.1028822 0.7554768 -0.9896154 0.1431635 -0.01286888 0.33612 -0.09891575 0.9366104 -0.6037631 0.3866192 -0.697134 0.4647663 0.4931685 -0.7353755 0.2311145 0.5357137 -0.8121559 -0.6054043 0.4795747 -0.6352117 -0.9057806 0.3654021 -0.2145761 -0.5783877 0.3445551 0.7394251 0.4989857 0.2588543 0.8270476 0.7525542 0.4775143 -0.4534779 0.8637044 0.2713521 -0.424715 0.9463986 0.1363099 0.2928298 0.9492285 0.3141563 -0.01646584 0.8592693 -0.091273 -0.5033146 -0.5425558 0.2817429 -0.7913623 0.4475343 0.3415204 -0.8264847 0.9059324 0.283142 -0.3148288 0.9552124 0.2501885 0.1580352 0.33055 0.7626522 0.5559661 -0.5757422 0.7615889 0.2974951 -0.3267435 0.8852658 0.3309731 0.1737729 0.9262232 0.3345351 -0.324382 0.9250454 0.1976547 0.2657855 0.9383838 0.2208941 -0.8672576 0.3826364 -0.3185183 0.8951722 -0.03758108 -0.4441334 0.9086607 0.07680833 -0.4104099 0.9964865 0.03124642 0.07770824 0.9435988 -0.2343372 -0.2338962 0.967496 -0.2527351 -0.008742392 0.8016112 -0.5718085 -0.1745125 -0.9105197 0.413422 -0.00602734 -0.9585778 -0.2728471 -0.08175134 -0.9641261 -0.2596431 -0.05519449 -0.8849244 0.4657122 -0.004574179 -0.3021596 0.9450173 0.1250678 0.26228 0.9531576 0.1506651 0.963678 -0.0853067 0.2530758 0.9303837 0.2344745 0.2817945 0.9264919 0.2642135 0.2679631 0.9673562 -0.04495131 0.249402 -0.7337206 0.6602188 -0.1605158 -0.8509027 -0.1490252 -0.5037421 -0.9548895 -0.08450508 -0.2846841 -0.956101 0.04369139 -0.2897621 -0.8792901 0.02374595 -0.4756945 0.8374554 0.4475866 0.3135838 0.9731084 -0.1075036 0.2037227 0.9681367 0.05197036 0.2449704 0.4871531 -0.05982273 -0.8712652 -0.5561056 -0.212501 -0.8034861 0.483197 -0.3880068 -0.7848384 -0.5811748 -0.5138756 -0.6310054 -0.4705387 0.1000006 0.8766945 -0.4063587 0.2732191 0.8719083 0.5338592 0.2650316 0.8029649 0.5284256 0.1638251 0.8330234 0.9767564 0.213105 -0.02309393 0.9826502 0.1645448 -0.08557826 -0.9945567 0.008423566 -0.1038558 -0.9834208 0.1723696 -0.05632293 -0.63475 0.1868548 -0.7497851 -0.7372019 0.2025859 -0.644587 0.08505833 0.2554029 -0.963086 0.02623981 0.2517745 -0.9674302 0.7728588 0.2170487 -0.5963045 0.7169981 0.2338038 -0.656696 -0.7619508 0.1090039 -0.6383957 -0.9861887 0.1654666 0.007272481 0.1895079 0.07602685 -0.9789314 0.9908596 0.1348428 -0.003838002 0.8195747 0.01446908 -0.5727898 0.5724889 0.269853 0.7742325 -0.3750985 0.3168382 0.8711572 -0.4350508 0.1811057 0.8820043 -0.4291185 0.01815974 0.9030658 0.6908008 -0.01442629 0.7229013 0.6529832 0.1533462 0.7416859 -0.4852429 -0.255743 0.8361429 0.7077913 -0.1923534 0.6797292 0.998276 0.008062005 -0.05813944 0.9931443 -0.03103715 -0.1126992 0.9913358 0.1022936 0.08239805 -0.9921219 -0.04655706 0.1163034 -0.9912348 -0.01126801 0.1316314 -0.9844488 -0.02910238 0.1732447 -0.8698318 -0.1963132 -0.4526079 -0.8990802 -0.02268564 -0.437196 -0.8730551 0.2361469 -0.4266257 -0.06819212 -0.3119562 -0.9476462 -0.3547586 0.01923644 -0.93476 -0.1948928 0.3252309 -0.9253333 0.651639 -0.1928126 -0.7336143 0.5851141 0.1094725 -0.803528 0.6787545 0.3685391 -0.6351938 -0.3956683 0.2075077 0.8946436 0.5878854 0.2151519 0.7798081 0.9988039 0.01435738 -0.04674184 -0.9942439 0.009631574 0.106707 -0.826897 -0.1020323 -0.5530198 0.1273331 -0.2395937 -0.9624871 0.7522639 -0.1656854 -0.6376893 -0.9668635 0.2549744 -0.01276761 -0.8866358 0.2375508 0.3967953 -0.7661123 0.06295031 -0.6396164 -0.7121376 0.2272449 -0.6642437 -0.8635212 0.2947288 -0.4092263 -0.9444448 0.2626087 0.1976378 -0.3510386 0.03212338 -0.9358098 -0.5000854 0.2524568 -0.82836 -0.3956795 0.3986908 -0.8273351 0.4600346 0.2230491 -0.8594286 0.9801729 0.1972587 0.01871687 0.9228426 0.2577925 -0.28619 0.2070446 0.19043 -0.9596192 0.8829588 0.3346807 -0.3292002 0.3595812 0.1822082 -0.9151511 0.6645109 0.06991297 0.7440011 0.5484428 0.4924607 0.6757907 0.5842405 0.7521619 0.3048205 -0.3522316 0.1222192 0.9278984 -0.4545291 0.4352518 0.7771483 -0.3264588 0.7630975 0.5577696 -0.9382548 -0.02086532 0.3453155 -0.9056878 -0.06974297 0.4181693 -0.882072 -0.01212829 -0.4709587 -0.8704299 0.01172947 -0.4921527 -0.8785743 -0.02864354 0.476746 -0.9456683 0.09071499 -0.3122217 -0.308954 -0.0382139 -0.950309 -0.2807436 -0.09552741 -0.9550171 -0.3370069 0.1681162 -0.9263711 0.5997754 -0.0993359 -0.7939785 0.9807496 -0.1317132 0.1441595 0.9772828 -0.2063273 -0.04845094 0.4099215 -0.1836312 -0.893445 0.6003131 0.1308175 -0.7889937 0.9783369 -0.06930726 0.195073 0.6528269 -0.1068767 0.7499296 0.7342795 -0.1619985 0.6592347 0.6997926 -0.1873731 0.6893342 -0.5496834 -0.08898603 0.8306201 -0.4964643 -0.1035211 0.8618623 -0.4246644 -0.1767413 0.8879317 -0.9326508 -0.05368584 0.356764 -0.8903902 0.2130821 -0.4022456 -0.2436994 0.3580416 -0.9013417 0.9813826 -0.01337039 0.1915973 0.5909432 0.2861446 -0.7542597 0.6960734 -0.2664062 0.6667156 -0.4252847 -0.3216256 0.8459847 0.3844256 -0.2664516 -0.8838668 0.3897237 -0.5577479 -0.7328252 -0.3911527 -0.3661751 -0.8443432 -0.4403567 -0.06943702 -0.8951338 -0.8497894 -0.4562466 -0.2640018 -0.9377762 -0.1486871 -0.3137965 0.8154016 -0.005553603 -0.5788692 0.7572537 -0.1777847 -0.628458 0.9563013 0.02135848 -0.2916018 0.9391514 -0.1808779 -0.2920236 -0.2467392 0.9453485 0.2131575 -0.2479648 0.956127 0.1559958 0.3035928 0.9447568 0.1235557 0.3252043 0.9246696 0.1980614 -0.1722604 0.926327 0.3350294 0.3283852 0.8855245 0.328648 0.885552 0.4644481 -0.009257555 0.9088738 0.4170531 -0.003911912 0.7378807 0.6571266 -0.1540023 -0.9322847 0.2289951 0.2800115 -0.9260331 0.2506008 0.2822449 -0.8374866 0.4575267 0.298807 -0.9739989 0.0177623 0.2258557 -0.9657152 -0.2592161 0.01418608 -0.9940253 0.03638273 0.1029081 -0.9686425 -0.1562086 0.193211 0.9647571 -0.2572095 -0.05556118 0.9590856 -0.2698382 -0.08568763 -0.9622639 -0.1147551 0.2467378 -0.967149 -0.05737715 0.2476505 0.05964952 -0.9982187 0.001263022 0.3238435 -0.9408669 -0.0994727 0.3219447 -0.946189 0.03283613 0.1787569 -0.9760438 0.1240345 -0.02864521 -0.9993928 -0.01983952 -0.08963412 -0.9959746 -6.65987e-4 -0.1600834 -0.9790961 -0.1254764 -0.06974226 -0.9855711 -0.1542265 0.03417271 -0.9989845 -0.02936619 0.3790919 -0.9157411 -0.1330708 0.3409745 -0.9315775 -0.1260954 0.06150233 -0.997877 -0.02142661 -0.0438221 -0.9986128 0.02919316 -0.3460336 -0.9346779 0.08147442 -0.3585474 -0.9310966 0.06710481 -0.06617677 -0.9977476 0.01098001 0.2734987 0.9559499 -0.1065748 0.2688192 0.9593398 -0.08604294 0.08845674 -0.9844707 0.151634 0.2807796 0.8547022 0.4366315 -0.02569836 0.837427 0.5459446 -0.005384147 -0.982603 0.1856409 -0.2993142 0.9519897 0.06424057 -0.312732 0.9471352 0.07164931 -0.4390275 -0.8952233 0.07635599 -0.0266714 0.9904329 -0.1353937 0.07766979 0.9809318 -0.1781579 0.03627896 -0.9783656 -0.203678 0.3346543 0.9423397 -0.001612007 0.5338997 0.7750383 0.3380339 -0.3524312 -0.9352277 -0.03378784 -0.2760862 0.9608629 -0.02277886 -0.1132483 0.9865474 -0.117895 0.2716034 0.9468365 -0.1724308 0.3467468 0.927777 -0.1378279 0.2475352 -0.9471409 -0.2040848 -0.3183634 0.927587 0.1955178 -0.2934677 0.953687 0.06601357 -0.1983758 -0.9638529 0.1778616 0.03119355 0.9994525 -0.01103395 0.02857547 0.9995698 -0.006614744 0.01567637 0.9995849 0.0241751 -0.02126622 0.9992671 0.03182965 -0.0316978 0.9994032 0.01373755 -0.01856172 0.9998234 -0.002935826 0.01214939 0.9997414 -0.01923024 0.04210412 0.9987471 -0.02704894 0.04043775 0.9990776 0.01445752 -0.0294817 0.9995259 0.008881688 0.004588961 0.9999887 0.001343309 0.001752078 0.9999936 0.003130197 0.0153976 -0.9995776 0.02465188 -0.002054154 -0.9999946 -0.00258249 0.9539383 -0.1076038 -0.2800415 0.9976672 -0.06631171 0.01621574 0.6326298 -0.7728454 -0.04989749 0.6619992 -0.7142829 -0.2270618 -0.7918211 -0.05157339 0.6085718 -0.4556962 -0.849824 0.26484 -0.04070663 -0.9284124 0.3693148 -0.1083388 -0.1387828 0.9843791 0.8590112 -0.1595391 0.4864639 0.6188721 -0.2586224 0.7416952 0.1833015 -0.936152 0.3000336 0.3986302 -0.8909485 0.2174966 -0.9688084 -0.0917316 0.2302078 -0.9840702 -0.140605 0.108794 -0.6020472 -0.7958575 0.06441986 -0.6287864 -0.7689441 0.1155533 0.9130122 0.3078895 -0.2676062 0.917483 0.3964754 0.03213244 -0.09743416 0.6495463 0.7540533 -0.6792291 0.5022785 0.5351302 0.713879 0.5705443 0.4060248 0.5019221 0.6275488 0.5951949 -0.9076781 0.3606601 0.2145806 -0.9430268 0.3125973 0.113945 0.5867557 0.7631642 -0.2707368 0.5653737 0.8056455 -0.1768842 0.8766482 0.3119958 -0.3662602 -0.04816079 0.9473128 0.3166685 0.2262375 0.6717149 0.7054189 0.1685937 0.944902 0.2806003 0.3610053 0.9125561 0.1921373 0.6280968 0.7777267 -0.02521401 -0.4991503 0.8109001 0.3054345 -0.5671589 0.8131361 0.1309224 -0.5733442 0.8177136 0.05119651 -0.1314712 0.9887432 0.07143062 -0.1855603 0.9819431 -0.03681099 -0.04758781 0.9962573 -0.07215911 0.02288484 0.998476 0.05021917 0.1623278 0.9866633 -0.01206016 0.1333318 0.9823943 -0.1308593 0.3040667 -0.2969036 0.9052027 0.5638926 -0.7942274 -0.2263365 0.9108791 -0.1418011 -0.3875457 -0.6657975 -0.01122212 -0.7460481 -0.6087061 -0.08524823 -0.7888026 -0.480701 -0.03093922 -0.8763386 -0.4716521 -0.1375983 -0.8709828 -0.4079298 -0.2694933 -0.872334 -0.376399 -0.2507648 -0.891875 -0.2281358 -0.298734 -0.9266673 0.2733182 -0.2241559 -0.9354418 0.4368331 0.0262534 -0.8991594 -0.05967789 -0.9982166 0.001532256 -0.1787456 -0.9760435 0.1240531 -0.3219199 -0.9461953 0.0328949 -0.3239139 -0.9408906 -0.09901958 0.02874594 -0.9993904 -0.01981741 0.06970095 -0.9856475 -0.1537557 0.1601602 -0.9791435 -0.1250071 0.08963453 -0.9959748 -1.76402e-4 -0.03411555 -0.999001 -0.0288667 -0.06159275 -0.9978849 -0.02078819 -0.3664963 -0.9221151 -0.1240338 -0.326767 -0.9380342 -0.1153918 0.04380458 -0.9986094 0.02933257 0.06616848 -0.9977433 0.01140844 0.358608 -0.9310488 0.06744217 0.3460268 -0.9346644 0.08165681 -0.2687122 0.9593302 -0.08648484 -0.2716537 0.9578194 -0.09373623 -0.08844619 -0.9844715 0.1516346 0.005265235 -0.982616 0.1855755 0.02569764 0.8374276 0.545944 -0.2807709 0.8547029 0.4366357 0.4390367 -0.8951855 0.07674473 0.2534759 0.9656781 0.05670756 0.299278 0.9520281 0.06383866 0.03526645 0.985847 -0.1638967 -0.0363087 -0.9784582 -0.2032269 -0.09078323 0.9711516 -0.2205066 -0.5338982 0.7750391 0.3380342 -0.3346729 0.9423329 -0.001666486 0.3524464 -0.9352421 -0.03322702 0.1362671 0.9808499 -0.1391574 0.2991775 0.9539739 -0.02065509 -0.3397783 0.9135732 -0.2234609 -0.2475608 -0.9472434 -0.2035771 -0.3335745 0.9289076 -0.1608063 0.318365 0.9275842 0.1955281 0.1983849 -0.9638552 0.1778388 0.2934976 0.9536926 0.06580144 -0.02869498 0.9995647 -0.006865203 -0.03085535 0.999464 -0.01094269 0.02125138 0.9992657 0.03188401 -0.01568049 0.9995848 0.02417635 0.01559579 0.9998614 -0.005848526 0.03053957 0.9994632 0.01186519 -0.04336309 0.9986492 -0.02862948 -0.01085865 0.9997535 -0.019369 -0.04043996 0.9990776 0.01444357 0.02950644 0.9995266 0.008720397 -0.003752946 0.999993 -1.62381e-5 -0.001711606 0.9999942 0.002946436 -0.01543736 -0.9995729 0.02481287 0.002068579 -0.9999957 -0.002094388 -0.9539665 -0.1076661 -0.2799215 -0.6620279 -0.7143905 -0.2266391 -0.6325758 -0.772897 -0.04978048 -0.9976664 -0.06630325 0.01629686 0.791814 -0.05156999 0.6085813 0.1083553 -0.1387831 0.9843772 0.04075103 -0.9284026 0.3693347 0.4557054 -0.8498212 0.2648333 -0.8590106 -0.1595394 0.4864649 -0.3986306 -0.8909482 0.217497 -0.1833008 -0.9361522 0.300033 -0.6188787 -0.2586238 0.7416892 0.9688188 -0.09171622 0.2301703 0.6286984 -0.7690017 0.1156501 0.6019916 -0.7958819 0.06463903 0.9840877 -0.1405209 0.1087449 -0.9174818 0.3964823 0.03207373 -0.9130209 0.3078306 -0.2676439 0.09741848 0.6495473 0.7540543 0.6792312 0.502275 0.5351306 -0.501922 0.6275491 0.5951945 -0.7138745 0.5705446 0.4060322 0.9430537 0.312603 0.1137067 0.9076816 0.3607065 0.2144877 -0.5868008 0.7629969 -0.2711105 -0.8766744 0.3118107 -0.3663552 -0.565369 0.8055734 -0.1772275 0.04813688 0.947337 0.3166 -0.1685748 0.944912 0.2805781 -0.2262377 0.6717151 0.7054186 -0.3609788 0.9125796 0.1920751 -0.6280394 0.7777695 -0.02532601 0.5672317 0.8131216 0.130697 0.4991005 0.8109345 0.3054245 0.5732746 0.8177945 0.05068325 0.1855503 0.981925 -0.03734266 0.1315333 0.9887556 0.0711438 0.04757475 0.9962188 -0.07269686 -0.133359 0.9823213 -0.1313785 -0.1622769 0.9866666 -0.01246708 -0.02294069 0.998491 0.04989701 -0.3040732 -0.2969028 0.9052007 -0.5639356 -0.794348 -0.2258051 -0.9109408 -0.1419357 -0.3873516 0.6657582 -0.01157319 -0.7460778 0.6087605 -0.08531713 -0.7887532 0.4805728 -0.03131926 -0.8763955 0.4716146 -0.1379744 -0.8709436 0.4077687 -0.2698869 -0.8722878 0.3764284 -0.2512484 -0.8917265 0.2279933 -0.2991931 -0.9265542 -0.2734729 -0.2246666 -0.9352741 -0.4369581 0.02583187 -0.8991109 -0.5180155 -0.1382664 0.8441223 -0.5194365 0.1386604 0.8431839 -0.8145837 0.128146 0.565714 -0.8152234 -0.1289139 0.5646166 -0.9903838 -0.1332011 -0.03738301 -0.9917327 0.1207465 -0.04343599 -0.7976172 -0.1254745 -0.5899686 -0.7941185 0.1368468 -0.5921561 -0.4059774 0.1349012 -0.9038717 -0.4058725 -0.1362444 -0.9037173 -0.002727568 0.136456 -0.9906424 -0.004313111 -0.136551 -0.9906237 -0.1534536 -0.9204396 -0.3595039 -0.2827369 -0.9192012 -0.2740969 -0.3869835 -0.9207919 -0.04885023 -0.311684 -0.9204398 0.2358891 -0.1931303 -0.920444 0.3398286 0.2568081 -0.8960599 0.3621138 -0.2595997 -0.123684 0.9577631 -0.2195979 0.9197201 0.3254104 -0.3262601 0.9204635 0.2151775 -0.3934374 0.9190211 0.02464902 -0.3401732 0.9196696 -0.1961886 -0.1657886 0.9204292 -0.3540117 -0.003729581 0.9220174 -0.3871306 -0.2771254 0.1262863 0.9524986 -1.01271e-4 -0.921978 -0.3872423 0.1974693 0.9123485 0.358645 0.6434032 0.147294 0.7512236 0.5117781 0.1542952 0.8451486 0.5112032 -0.1531313 0.8457081 0.6369724 -0.1439557 0.7573263 0.8880732 0.1309629 0.4406524 0.8886302 -0.1263864 0.4408661 0.9908096 -0.1310415 -0.03353434 0.9917741 0.1214148 -0.04053056 0.800431 -0.1256513 -0.5861077 0.7968068 0.1302663 -0.5900253 0.4131461 0.1393746 -0.8999362 0.4109532 -0.1357913 -0.9014866 0.1603828 -0.9202797 -0.3568791 0.2893302 -0.9189098 -0.2681288 0.388361 -0.9203628 -0.04591453 0.3446962 -0.9198557 0.1872162 0.203351 -0.9470779 0.2483784 -0.4661573 0.2511484 -0.8483054 0.221773 0.9502239 0.2188412 0.3604533 0.9182855 0.1637842 0.3943732 0.918753 0.01905268 0.3438392 0.9189962 -0.1929268 0.1691037 0.9204184 -0.3524687 0.5545091 -0.1626859 0.8161208 0.5546729 0.1627024 0.8160061 -0.468144 -0.2518006 -0.8470169 -0.55579 -0.1477779 -0.8180826 -0.5558924 0.1478729 -0.817996 0.5213918 -0.1353721 0.8425111 0.4991285 0.135443 0.8558774 -0.7415725 -0.1693853 -0.649137 -0.7497647 0.1686834 -0.6398428 0.3703652 -0.2857382 0.8838457 0.5806971 -0.2870447 0.7618375 0.6365088 -1.55121e-5 0.7712695 0.349683 -2.66582e-5 0.9368681 -0.3697896 -0.9205381 -0.1259579 0.06213629 -0.9408544 -0.3330649 0.5780423 0.3105044 0.7546219 0.07584774 0.9205683 -0.3831464 -0.3195104 0.9408619 -0.1126589 0.3634352 0.3118034 0.8778916 -0.6170076 -0.08473002 0.7823827 -0.5489763 1.04667e-4 0.835838 -0.6353191 0.09926146 0.7658439 -0.8555333 0.3553017 -0.3765946 0.09487318 0.362264 -0.9272345 0.9845083 0.09114706 -0.1497853 0.9983448 1.05874e-4 -0.0575118 0.9827455 -0.09277206 -0.1600152 0.1016254 -0.3552807 -0.929219 -0.8504265 -0.3622629 -0.3814976 0.8868589 -0.2857308 0.3630966 0.9493145 -0.2870492 0.1280812 0.9954496 -1.45435e-5 0.09529012 0.9097216 -2.64011e-5 0.4152189 -0.3504958 -0.9205645 0.1723766 -0.1915744 -0.9408573 -0.2794402 0.9423377 0.3104994 0.1248596 -0.2173736 0.9205399 -0.3245843 -0.3056307 0.9408576 0.1462081 0.8777502 0.311799 0.3637801 0.1168973 -0.08469837 0.9895258 0.202802 1.50444e-4 0.9792199 0.09226876 0.09925347 0.9907751 -0.8712441 0.3553134 0.3386535 -0.5886157 0.3622555 -0.7227051 0.5902479 0.09114396 -0.80206 0.665272 1.05346e-4 -0.7466012 0.5817576 -0.09276765 -0.8080547 -0.5851932 -0.355301 -0.7289102 -0.8711128 -0.3622509 0.3315672 0.9347325 -0.2857367 -0.2112576 0.8510981 -0.2870507 -0.4395838 0.8700771 -1.69724e-5 -0.4929158 0.9833584 -2.60361e-5 -0.1816763 -0.1882542 -0.9205433 0.3422871 -0.3172049 -0.9408607 -0.1190054 0.8435268 0.3104339 -0.4382845 -0.3641886 0.9205625 -0.1411787 -0.1664925 0.9408597 0.2950651 0.9276655 0.3117956 -0.2054761 0.6633445 -0.08470189 0.743505 0.7277966 1.04387e-4 0.6857931 0.6438922 0.09927409 0.7586484 -0.5194415 0.3553108 0.7771324 -0.8966978 0.3622533 -0.2543728 0.02341938 0.09118562 -0.9955585 0.1167104 1.05599e-4 -0.993166 0.01307916 -0.0927844 -0.9956004 -0.8974519 -0.3553031 -0.2614191 -0.5233861 -0.3622746 0.7712485 -0.934724 -0.2857519 -0.211274 -0.9833431 -0.00416696 -0.1817117 -0.8700819 -1.57505e-5 -0.4929072 -0.851096 -0.2870433 -0.4395929 0.3171814 -0.9408598 -0.1190746 0.1882156 -0.9205436 0.3423074 -0.8435336 0.3105008 -0.4382241 -0.9276625 0.311804 -0.2054766 0.1664906 0.940856 0.2950776 0.3641598 0.9205668 -0.1412252 -0.6633527 -0.08472371 0.7434952 -0.7278242 5.84646e-5 0.6857638 -0.6438779 0.09925216 0.7586634 0.5194413 0.3553187 0.7771289 0.8966959 0.3622472 -0.2543886 -0.02347087 0.0911554 -0.9955601 -0.1167345 1.0491e-4 -0.9931632 -0.01306033 -0.09276747 -0.9956023 0.8974484 -0.3553016 -0.2614328 0.523397 -0.3622549 0.7712503 -0.8868624 -0.2857524 0.3630712 -0.9097264 -0.004166245 0.4151874 -0.9954504 -1.58995e-5 0.09528154 -0.9493148 -0.2870473 0.1280832 0.1915726 -0.9408594 -0.2794346 0.3504638 -0.9205694 0.1724153 -0.942338 0.3104985 0.1248596 -0.8777495 0.3118061 0.3637758 0.3055912 0.9408614 0.1462672 0.2173264 0.9205419 -0.3246105 -0.1169307 -0.08472573 0.9895195 -0.2028257 1.06159e-4 0.9792149 -0.0922721 0.09926027 0.9907742 0.8712387 0.3553255 0.3386545 0.5886167 0.3622419 -0.722711 -0.5902093 0.09118282 -0.8020839 -0.6652611 1.04594e-4 -0.7466109 -0.5817576 -0.0927807 -0.8080531 0.5851963 -0.3553141 -0.7289013 0.8711107 -0.3622598 0.3315632 -0.3703732 -0.2857516 0.8838381 -0.3496906 -0.004166305 0.936856 -0.6365112 -1.60486e-5 0.7712675 -0.5806992 -0.287048 0.7618346 -0.06213843 -0.9408603 -0.3330478 0.3698014 -0.9205394 -0.1259141 -0.5780477 0.3104994 0.7546198 -0.363441 0.3118049 0.8778887 0.3194926 0.9408592 -0.1127321 -0.07585334 0.9205448 -0.383202 0.6170222 -0.08471679 0.7823725 0.548991 5.82966e-5 0.8358283 0.6353471 0.09925299 0.7658217 0.8555248 0.3553179 -0.3765987 -0.09481537 0.3622563 -0.9272434 -0.9845083 0.09116077 -0.1497772 -0.9983448 1.50067e-4 -0.05751246 -0.9827448 -0.09277492 -0.1600173 -0.1016238 -0.3553228 -0.929203 0.8504295 -0.3622468 -0.381506 -0.7077599 0.126711 0.6949967 -0.7063357 0.1018453 0.7005124 -0.9925366 0.07905369 0.09285289 -0.9945084 0.09591776 0.04186749 -0.1423956 0.1467999 0.9788633 -0.1466158 0.1857382 0.9715994 0.6956769 0.1294195 0.7066005 0.5978003 0.2423793 0.7641251 -0.8001459 -0.07243466 -0.5954157 -0.781459 -0.04914057 -0.6220185 0.009411096 -0.1686297 -0.9856346 0.07240366 -0.2044733 -0.9761908 0.7828263 -0.1050201 -0.6133139 0.8456785 -0.1867029 -0.4999701 0.9801523 0.06431406 0.1875245 0.9985791 -0.02732443 0.04575133 -0.6796658 0.007576346 0.7334828 -0.9857258 0.01802122 0.1673918 0.08479225 0.07228922 0.9937729 0.7110519 0.0431323 0.7018154 0.9969225 0.07835364 0.002502083 0.7144625 -0.03175318 -0.6989529 -0.8534404 -0.07220983 -0.516164 -0.02713978 -0.1587239 -0.9869499 -0.7717145 -0.02744543 0.6353768 -0.9885201 0.05010396 0.1425399 -0.8400508 0.1093491 0.5313733 -0.821385 0.2667252 0.5041671 -0.9234004 0.3661084 0.1153105 -0.9767599 0.1854174 0.1075204 -0.6612684 0.1876258 0.7263062 -0.3933435 -0.07610583 0.9162362 -0.06053322 -0.3681275 0.9278028 -0.4410717 -0.06599265 0.8950423 -0.1234409 -0.3325548 0.9349705 0.8132624 -0.1908373 0.5497141 -0.8461377 0.3862844 -0.3671996 -0.8655078 0.2078937 -0.4557155 -0.8692287 0.05800718 -0.4909955 -0.4857124 0.295862 -0.8225261 -0.1247521 -0.1211213 -0.9847673 -0.2969429 -0.05761367 -0.9531556 -0.1486987 -0.1002951 -0.9837834 0.665876 -0.1642966 -0.7277472 0.1543849 -0.6932902 -0.7039276 0.342733 -0.409643 -0.8454152 0.99438 0.07649993 -0.07318723 0.7032999 0.106175 0.7029197 0.9989274 0.01627439 0.04335075 0.9949824 0.03329193 0.09434825 0.7188493 0.0766167 0.6909311 0.7812426 -0.08240431 -0.6187646 0.800272 -0.09488052 -0.5920832 0.9871002 0.04588836 0.1533869 0.6855781 0.04523462 0.7265925 0.848006 -0.04185318 -0.5283317 0.2396177 0.0369122 0.9701654 -0.05068224 0.08381694 0.9951915 -0.04250234 -0.1575203 -0.9866008 -0.8038285 -0.0971589 -0.5868731 -0.716996 -0.1099697 -0.6883484 0.04047274 -0.1803621 -0.9827674 -0.07684183 -0.1667055 -0.983008 0.8392365 0.06005424 0.5404402 0.9807322 0.1616671 0.1096733 0.9109693 0.3998653 0.1012066 0.8456316 0.2599336 0.4661992 0.9882447 0.08880656 0.1244423 0.7773049 0.03406059 0.6282014 0.8287432 0.4343732 -0.3528525 0.8637406 0.201298 -0.4619864 0.8755393 0.08051264 -0.4763914 0.6061632 0.0919761 0.7900042 0.3244051 -0.239254 0.9151606 0.07508313 -0.04676091 0.9960803 0.143158 -0.6070097 0.7816937 -0.3813852 -0.8221254 0.4226762 -0.8002828 -0.1372795 0.5836966 -0.8580548 0.00472474 0.5135366 0.3990269 -0.05934262 0.9150169 -0.9796824 -0.1943773 -0.04939526 -0.4400966 -0.8936958 -0.08730971 -0.9968367 0.03583335 -0.07094269 0.4929104 0.3107397 -0.8126993 0.3195211 -0.02686572 -0.9471983 0.1827093 -0.09458607 -0.9786066 0.159375 -0.09935891 -0.9822054 -0.4442073 -0.3794517 -0.8116011 -0.2219005 -0.7566 -0.6150746 -0.7034602 -0.1539901 -0.6938522 -0.8823465 0.128116 0.4528256 -0.9975939 0.040699 -0.05612516 -0.002552807 -0.0893706 0.9959952 -0.01282137 -0.6599951 0.7511605 0.06621909 -0.9546005 0.2904357 0.5580317 -0.667189 0.4934164 0.4984545 -0.855948 -0.1374634 0.1035054 -0.9806616 -0.1661013 0.005660891 -0.7497051 -0.6617479 0.01403748 -0.3050752 -0.9522249 0.6647026 -0.544471 0.5115876 0.9494779 -0.2923943 -0.1140061 -0.6659644 0.1650958 0.7274854 0.2275174 0.02952146 0.9733265 -0.627053 0.0203346 0.7787112 -0.9897711 0.09365707 0.1076186 -0.8400638 -0.1015127 -0.5329053 -0.9963267 0.08277982 0.02192509 -0.6444969 -0.2857551 -0.7092023 -0.7012885 -0.004169464 -0.7128654 -0.4300063 -1.7181e-5 -0.902826 -0.4450436 -0.2870453 -0.8482578 0.3281099 -0.9408578 0.08444225 -0.04216289 -0.920545 0.3883545 -0.4396293 0.3105087 -0.8427992 -0.6420421 0.3118043 -0.7004001 -0.03292185 0.9408621 0.3371865 0.3793651 0.9205407 0.09320443 -0.9698371 -0.08472585 0.2285554 -0.9895337 1.03934e-4 0.1443024 -0.9625865 0.09924834 0.2521454 -0.0202369 0.3553415 0.9345175 0.8804376 0.3622612 0.3059355 0.5518032 0.0911526 -0.828978 0.4740431 1.06127e-4 -0.8805018 0.5603485 -0.09276652 -0.8230456 0.8850921 -0.35531 0.3006107 -0.01363331 -0.3622576 0.9319784 0.6445154 -0.2857395 -0.7091917 0.4450395 -0.2870464 -0.8482596 0.4299939 -1.61529e-5 -0.9028318 0.7013069 -2.74014e-5 -0.7128595 0.04210501 -0.9205642 0.3883156 -0.3281056 -0.9408585 0.08445227 0.4395853 0.3104372 -0.8428484 -0.3793564 0.9205387 0.09325981 0.03291517 0.9408662 0.3371756 0.6420516 0.3117957 -0.700395 0.9698356 -0.08470922 0.2285678 0.9895337 1.04448e-4 0.1443021 0.9625827 0.09925192 0.2521582 0.02024513 0.3553169 0.9345267 -0.8804298 0.3622676 0.3059506 -0.5518295 0.09115993 -0.8289597 -0.4740618 1.04845e-4 -0.8804916 -0.560338 -0.09278684 -0.8230504 -0.8851 -0.3552992 0.3006006 0.01363563 -0.3622794 0.9319698 0.2844098 -0.2857378 -0.9151312 0.04484432 -0.2870482 -0.9568659 0.008166253 -1.60486e-5 -0.9999667 0.3343377 -2.47098e-5 -0.9424534 0.2022711 -0.9205628 0.3341417 -0.261681 -0.9408568 0.2152011 0.04225462 0.3104972 -0.9496347 -0.3044027 0.9205398 0.2448379 0.1723501 0.9408626 0.2916728 0.2858946 0.3117844 -0.9061207 0.9755641 -0.08470755 -0.20273 0.9578087 5.81234e-5 -0.2874065 0.9789597 0.09925717 -0.1782863 0.4133048 0.3552981 0.8384166 -0.6686509 0.3622556 0.6493665 -0.8504601 0.0911532 -0.518082 -0.8017456 5.72184e-5 -0.5976656 -0.8556798 -0.09278053 -0.5091208 -0.6751368 -0.3552948 0.6464951 0.406235 -0.3622468 0.8388984 -0.4874868 0.8428974 0.2277736 -0.5135296 0.8536899 0.08660876 -0.2953534 0.835413 0.463521 -0.5443623 0.5260485 0.6534086 -0.4597719 0.8736552 -0.1591743 -0.2601769 0.8576424 -0.4435736 -0.1601322 0.8449977 -0.5102319 0.5196187 0.8514915 0.07041847 0.4856897 0.8450002 0.223786 0.4730653 0.8670541 -0.1562899 0.372157 0.8479132 0.377548 0.2500397 0.8435746 0.4752494 0.2848809 0.8543401 -0.4346792 0.1848644 0.8429253 -0.5052743 0.01027804 0.8649226 0.5018002 0.01078027 0.8471422 -0.5312571 0.8772028 0.4787288 -0.03652471 0.6012896 0.5626761 0.5673151 0.4033616 0.09452867 0.9101449 0.8418019 -0.4178633 0.3417015 -0.8531021 0.5215107 -0.01560789 -0.4405995 0.5605109 0.7012131 -0.0144068 0.785912 0.6181706 -0.02325558 0.9754032 -0.2191979 -0.02214109 -0.1346848 0.9906411 -0.01061284 -0.8548524 0.5187627 -0.8816248 -0.3474732 0.3193747 -0.6311357 -0.01243275 0.7755728</float_array>
          <technique_common>
            <accessor source="#mremireh_body-mesh-normals-array" count="2450" stride="3">
              <param name="X" type="float"/>
              <param name="Y" type="float"/>
              <param name="Z" type="float"/>
            </accessor>
          </technique_common>
        </source>
        <source id="mremireh_body-mesh-map-0">
          <float_array id="mremireh_body-mesh-map-0-array" count="26304">0.5710631 0.6477101 0.5725783 0.6375394 0.5630164 0.6326922 0.5630164 0.6326922 0.5605 0.6437332 0.5710631 0.6477101 0.5725783 0.6375394 0.5710631 0.6477101 0.5882886 0.646111 0.5882886 0.646111 0.5797489 0.6343159 0.5725783 0.6375394 0.5797489 0.6343159 0.5882886 0.646111 0.595991 0.6325786 0.595991 0.6325786 0.5811777 0.6264777 0.5797489 0.6343159 0.5804596 0.6172012 0.5811777 0.6264777 0.595991 0.6325786 0.595991 0.6325786 0.5942527 0.6131981 0.5804596 0.6172012 0.5804596 0.6172012 0.5942527 0.6131981 0.5847212 0.6006278 0.5847212 0.6006278 0.5741836 0.6103147 0.5804596 0.6172012 0.5741836 0.6103147 0.5847212 0.6006278 0.5693985 0.5937173 0.5693985 0.5937173 0.56715 0.6067267 0.5741836 0.6103147 0.5548161 0.6255761 0.5510634 0.6176741 0.5388355 0.6192963 0.5388355 0.6192963 0.5447403 0.633493 0.5548161 0.6255761 0.5630164 0.6326922 0.5548161 0.6255761 0.5447403 0.633493 0.5447403 0.633493 0.5605 0.6437332 0.5630164 0.6326922 0.5333875 0.6438804 0.5225762 0.6508663 0.5238103 0.6630164 0.5238103 0.6630164 0.5549799 0.6627669 0.5333875 0.6438804 0.5605 0.6437332 0.5447403 0.633493 0.5333875 0.6438804 0.5333875 0.6438804 0.5549799 0.6627669 0.5605 0.6437332 0.5697204 0.6661502 0.5710631 0.6477101 0.5605 0.6437332 0.5605 0.6437332 0.5549799 0.6627669 0.5697204 0.6661502 0.5710631 0.6477101 0.5697204 0.6661502 0.5964822 0.6601576 0.5964822 0.6601576 0.5882886 0.646111 0.5710631 0.6477101 0.5882886 0.646111 0.5964822 0.6601576 0.6100674 0.6445965 0.6100674 0.6445965 0.595991 0.6325786 0.5882886 0.646111 0.595991 0.6325786 0.6100674 0.6445965 0.6117545 0.61343 0.6117545 0.61343 0.5942527 0.6131981 0.595991 0.6325786 0.5942527 0.6131981 0.6117545 0.61343 0.5961968 0.5888795 0.5961968 0.5888795 0.5847212 0.6006278 0.5942527 0.6131981 0.5847212 0.6006278 0.5961968 0.5888795 0.5708008 0.5780311 0.5708008 0.5780311 0.5693985 0.5937173 0.5847212 0.6006278 0.5447403 0.633493 0.5388355 0.6192963 0.5255774 0.6202321 0.5255774 0.6202321 0.5333875 0.6438804 0.5447403 0.633493 0.5178993 0.6279992 0.5225762 0.6508663 0.5333875 0.6438804 0.5333875 0.6438804 0.5255774 0.6202321 0.5178993 0.6279992 0.5238103 0.6630164 0.5225979 0.6898293 0.5567225 0.6913108 0.5567225 0.6913108 0.5549799 0.6627669 0.5238103 0.6630164 0.5697204 0.6661502 0.5549799 0.6627669 0.5567225 0.6913108 0.5567225 0.6913108 0.5774809 0.6896039 0.5697204 0.6661502 0.5964822 0.6601576 0.5697204 0.6661502 0.5774809 0.6896039 0.5774809 0.6896039 0.612177 0.6815441 0.5964822 0.6601576 0.6100674 0.6445965 0.5964822 0.6601576 0.612177 0.6815441 0.612177 0.6815441 0.6315121 0.6515878 0.6100674 0.6445965 0.6117545 0.61343 0.6100674 0.6445965 0.6315121 0.6515878 0.6315121 0.6515878 0.6336619 0.6088892 0.6117545 0.61343 0.6117545 0.61343 0.6336619 0.6088892 0.6125203 0.5727322 0.6125203 0.5727322 0.5961968 0.5888795 0.6117545 0.61343 0.5686445 0.5604736 0.5708008 0.5780311 0.5961968 0.5888795 0.5961968 0.5888795 0.6125203 0.5727322 0.5686445 0.5604736 0.6606524 0.915819 0.6891164 0.931849 0.7027662 0.9062083 0.7027662 0.9062083 0.669097 0.891165 0.6606524 0.915819 0.7128258 0.8859306 0.6820402 0.8592957 0.669097 0.891165 0.669097 0.891165 0.7027662 0.9062083 0.7128258 0.8859306 0.7027662 0.9062083 0.6891164 0.931849 0.7170026 0.942422 0.7170026 0.942422 0.7301029 0.9186283 0.7027662 0.9062083 0.7128258 0.8859306 0.7027662 0.9062083 0.7301029 0.9186283 0.7301029 0.9186283 0.7426112 0.8970772 0.7128258 0.8859306 0.6286626 0.899603 0.6606524 0.915819 0.669097 0.891165 0.669097 0.891165 0.6410045 0.872838 0.6286626 0.899603 0.5634122 0.8495185 0.5966847 0.878589 0.6133394 0.8529242 0.6133394 0.8529242 0.5848891 0.831586 0.5634122 0.8495185 0.5693723 0.8186105 0.5431641 0.8322864 0.5634122 0.8495185 0.5634122 0.8495185 0.5848891 0.831586 0.5693723 0.8186105 0.5588852 0.8016308 0.5365708 0.8079792 0.5431641 0.8322864 0.5431641 0.8322864 0.5693723 0.8186105 0.5588852 0.8016308 0.5561397 0.7820557 0.5323321 0.7813355 0.5365708 0.8079792 0.5365708 0.8079792 0.5588852 0.8016308 0.5561397 0.7820557 0.6410045 0.872838 0.669097 0.891165 0.6820402 0.8592957 0.6820402 0.8592957 0.6534426 0.850722 0.6410045 0.872838 0.6133394 0.8529242 0.6410045 0.872838 0.6534426 0.850722 0.6534426 0.850722 0.63621 0.8345918 0.6133394 0.8529242 0.6232448 0.8133814 0.5848891 0.831586 0.6133394 0.8529242 0.6133394 0.8529242 0.63621 0.8345918 0.6232448 0.8133814 0.7402117 0.8455839 0.7118279 0.8217334 0.6820402 0.8592957 0.6820402 0.8592957 0.7128258 0.8859306 0.7402117 0.8455839 0.7402117 0.8455839 0.7128258 0.8859306 0.7426112 0.8970772 0.7426112 0.8970772 0.7723366 0.872556 0.7402117 0.8455839 0.7350026 0.6466486 0.7420693 0.6458828 0.7248935 0.6085737 0.7248935 0.6085737 0.7201903 0.6092639 0.7350026 0.6466486 0.7201903 0.6092639 0.7248935 0.6085737 0.6946406 0.5868203 0.7723366 0.872556 0.7426112 0.8970772 0.7776883 0.9049794 0.7776883 0.9049794 0.7961123 0.8912709 0.7723366 0.872556 0.7106674 0.6123305 0.7259015 0.6521509 0.7350026 0.6466486 0.7350026 0.6466486 0.7201903 0.6092639 0.7106674 0.6123305 0.6957916 0.5998824 0.7106674 0.6123305 0.7201903 0.6092639 0.7201903 0.6092639 0.6946406 0.5868203 0.6957916 0.5998824 0.6946406 0.5868203 0.6839123 0.5832 0.6855669 0.6009113 0.6855669 0.6009113 0.6957916 0.5998824 0.6946406 0.5868203 0.6855669 0.6009113 0.6839123 0.5832 0.6736451 0.5893792 0.6736451 0.5893792 0.678893 0.6088194 0.6855669 0.6009113 0.7106674 0.6123305 0.6957916 0.5998824 0.6903073 0.6166405 0.6903073 0.6166405 0.7007755 0.6236782 0.7106674 0.6123305 0.7259015 0.6521509 0.7106674 0.6123305 0.7007755 0.6236782 0.7007755 0.6236782 0.7104418 0.6485875 0.7259015 0.6521509 0.7243131 0.6720971 0.7259015 0.6521509 0.7104418 0.6485875 0.7104418 0.6485875 0.7085389 0.6738294 0.7243131 0.6720971 0.7125888 0.6918191 0.7243131 0.6720971 0.7085389 0.6738294 0.7085389 0.6738294 0.7062709 0.6845597 0.7125888 0.6918191 0.7352239 0.6735368 0.7412298 0.6848549 0.7420693 0.6458828 0.7420693 0.6458828 0.7350026 0.6466486 0.7352239 0.6735368 0.7352239 0.6735368 0.7350026 0.6466486 0.7259015 0.6521509 0.7259015 0.6521509 0.7243131 0.6720971 0.7352239 0.6735368 0.7412298 0.6848549 0.7352239 0.6735368 0.7232806 0.7004392 0.7232806 0.7004392 0.716133 0.7229521 0.7412298 0.6848549 0.7243131 0.6720971 0.7125888 0.6918191 0.7232806 0.7004392 0.7232806 0.7004392 0.7352239 0.6735368 0.7243131 0.6720971 0.7011548 0.6526026 0.6899468 0.6647701 0.6967627 0.6720054 0.7085389 0.6738294 0.7104418 0.6485875 0.7011548 0.6526026 0.7011548 0.6526026 0.6967627 0.6720054 0.7085389 0.6738294 0.7090864 0.7157183 0.7232806 0.7004392 0.7125888 0.6918191 0.7125888 0.6918191 0.7006612 0.7025161 0.7090864 0.7157183 0.7090864 0.7157183 0.716133 0.7229521 0.7232806 0.7004392 0.6665634 0.6778506 0.6590219 0.6745668 0.6612892 0.7043727 0.6612892 0.7043727 0.669706 0.695858 0.6665634 0.6778506 0.6770431 0.706068 0.669706 0.695858 0.6612892 0.7043727 0.6612892 0.7043727 0.6724161 0.724013 0.6770431 0.706068 0.716133 0.7229521 0.7090864 0.7157183 0.6880437 0.7187207 0.6880437 0.7187207 0.6680517 0.7334315 0.716133 0.7229521 0.6880437 0.7187207 0.6724161 0.724013 0.6680517 0.7334315 0.6315121 0.6515878 0.612177 0.6815441 0.6240987 0.6942921 0.6240987 0.6942921 0.6486428 0.681575 0.6315121 0.6515878 0.656235 0.7065476 0.6486428 0.681575 0.6240987 0.6942921 0.6680517 0.7334315 0.6724161 0.724013 0.6612892 0.7043727 0.6612892 0.7043727 0.656235 0.7065476 0.6680517 0.7334315 0.6612892 0.7043727 0.6590219 0.6745668 0.6486428 0.681575 0.6486428 0.681575 0.656235 0.7065476 0.6612892 0.7043727 0.6899468 0.6647701 0.685323 0.6518115 0.6665634 0.6778506 0.6665634 0.6778506 0.681526 0.6856088 0.6899468 0.6647701 0.681526 0.6856088 0.6665634 0.6778506 0.669706 0.695858 0.669706 0.695858 0.6770431 0.706068 0.681526 0.6856088 0.6967627 0.6720054 0.6899468 0.6647701 0.681526 0.6856088 0.681526 0.6856088 0.6954078 0.6878733 0.6967627 0.6720054 0.7062709 0.6845597 0.7085389 0.6738294 0.6967627 0.6720054 0.6967627 0.6720054 0.6954078 0.6878733 0.7062709 0.6845597 0.6770431 0.706068 0.6724161 0.724013 0.6880437 0.7187207 0.6880437 0.7187207 0.6879338 0.7062209 0.6770431 0.706068 0.681526 0.6856088 0.6770431 0.706068 0.6879338 0.7062209 0.6880437 0.7187207 0.7090864 0.7157183 0.7006612 0.7025161 0.7006612 0.7025161 0.6879338 0.7062209 0.6880437 0.7187207 0.6954078 0.6878733 0.681526 0.6856088 0.6879338 0.7062209 0.7006612 0.7025161 0.7125888 0.6918191 0.7062709 0.6845597 0.7062709 0.6845597 0.6954078 0.6878733 0.7006612 0.7025161 0.6879338 0.7062209 0.7006612 0.7025161 0.6954078 0.6878733 0.7426112 0.8970772 0.7301029 0.9186283 0.7620223 0.9298913 0.7620223 0.9298913 0.7776883 0.9049794 0.7426112 0.8970772 0.6946406 0.5868203 0.7085805 0.5795226 0.6946895 0.5639041 0.6946895 0.5639041 0.6839123 0.5832 0.6946406 0.5868203 0.6946895 0.5639041 0.7085805 0.5795226 0.7298098 0.569903 0.7298098 0.569903 0.7301055 0.5472198 0.6946895 0.5639041 0.6711499 0.5527339 0.6736451 0.5893792 0.6839123 0.5832 0.6839123 0.5832 0.6946895 0.5639041 0.6711499 0.5527339 0.4567223 0.6452336 0.4679668 0.6518021 0.4727069 0.6288701 0.4727069 0.6288701 0.4650334 0.6215144 0.4567223 0.6452336 0.4567223 0.6452336 0.4351867 0.6653171 0.4670341 0.664175 0.4670341 0.664175 0.4679668 0.6518021 0.4567223 0.6452336 0.4179161 0.651782 0.4289188 0.6466087 0.4259124 0.6354578 0.4259124 0.6354578 0.4159488 0.6418459 0.4179161 0.651782 0.4159488 0.6418459 0.4085037 0.6397468 0.4003803 0.6518078 0.4003803 0.6518078 0.4179161 0.651782 0.4159488 0.6418459 0.4450709 0.6351327 0.434933 0.6273072 0.4259124 0.6354578 0.4259124 0.6354578 0.4289188 0.6466087 0.4450709 0.6351327 0.4515748 0.6210673 0.440413 0.6183761 0.434933 0.6273072 0.434933 0.6273072 0.4450709 0.6351327 0.4515748 0.6210673 0.4210743 0.5969004 0.4047273 0.6066188 0.4152206 0.615119 0.4152206 0.615119 0.4239214 0.6108727 0.4210743 0.5969004 0.4047273 0.6066188 0.3940568 0.6187552 0.4083066 0.6226842 0.4083066 0.6226842 0.4152206 0.615119 0.4047273 0.6066188 0.3932201 0.6383183 0.4075708 0.6321812 0.4083066 0.6226842 0.4083066 0.6226842 0.3940568 0.6187552 0.3932201 0.6383183 0.3932201 0.6383183 0.4003803 0.6518078 0.4085037 0.6397468 0.4085037 0.6397468 0.4075708 0.6321812 0.3932201 0.6383183 0.4289188 0.6466087 0.4179161 0.651782 0.420258 0.6694615 0.420258 0.6694615 0.4351867 0.6653171 0.4289188 0.6466087 0.4567223 0.6452336 0.4450709 0.6351327 0.4289188 0.6466087 0.4289188 0.6466087 0.4351867 0.6653171 0.4567223 0.6452336 0.4179161 0.651782 0.4003803 0.6518078 0.3925672 0.6687573 0.3925672 0.6687573 0.420258 0.6694615 0.4179161 0.651782 0.4003803 0.6518078 0.3932201 0.6383183 0.3784896 0.6513526 0.3784896 0.6513526 0.3925672 0.6687573 0.4003803 0.6518078 0.3932201 0.6383183 0.3940568 0.6187552 0.3765296 0.6203759 0.3765296 0.6203759 0.3784896 0.6513526 0.3932201 0.6383183 0.3940568 0.6187552 0.4047273 0.6066188 0.3924412 0.5920425 0.3924412 0.5920425 0.3765296 0.6203759 0.3940568 0.6187552 0.4047273 0.6066188 0.4210743 0.5969004 0.4199815 0.5810966 0.4199815 0.5810966 0.3924412 0.5920425 0.4047273 0.6066188 0.4450709 0.6351327 0.4567223 0.6452336 0.4650334 0.6215144 0.4650334 0.6215144 0.4515748 0.6210673 0.4450709 0.6351327 0.3925672 0.6687573 0.3767872 0.6889961 0.4131472 0.6941281 0.4131472 0.6941281 0.420258 0.6694615 0.3925672 0.6687573 0.3784896 0.6513526 0.3564327 0.6585092 0.3767872 0.6889961 0.3767872 0.6889961 0.3925672 0.6687573 0.3784896 0.6513526 0.3765296 0.6203759 0.356183 0.6138139 0.3564327 0.6585092 0.3564327 0.6585092 0.3784896 0.6513526 0.3765296 0.6203759 0.3765296 0.6203759 0.3924412 0.5920425 0.3830226 0.5824065 0.3830226 0.5824065 0.356183 0.6138139 0.3765296 0.6203759 0.4199815 0.5810966 0.427778 0.5672614 0.3830226 0.5824065 0.3830226 0.5824065 0.3924412 0.5920425 0.4199815 0.5810966 0.3767872 0.6889961 0.3648362 0.7028088 0.4052621 0.720785 0.4052621 0.720785 0.4131472 0.6941281 0.3767872 0.6889961 0.3564327 0.6585092 0.3382459 0.6893884 0.3648362 0.7028088 0.3648362 0.7028088 0.3767872 0.6889961 0.3564327 0.6585092 0.4052621 0.720785 0.3648362 0.7028088 0.3589923 0.7494221 0.3589923 0.7494221 0.3992458 0.7573962 0.4052621 0.720785 0.3648362 0.7028088 0.3382459 0.6893884 0.3298423 0.7165485 0.3298423 0.7165485 0.3301551 0.7527064 0.3589923 0.7494221 0.3589923 0.7494221 0.3648362 0.7028088 0.3298423 0.7165485 0.3382459 0.6893884 0.327648 0.6796573 0.3226749 0.710098 0.3226749 0.710098 0.3298423 0.7165485 0.3382459 0.6893884 0.4408321 0.7852805 0.4395747 0.8044047 0.4626815 0.8091738 0.4626815 0.8091738 0.465426 0.7829685 0.4408321 0.7852805 0.2400291 0.5587854 0.2630859 0.5628774 0.2650535 0.5405654 0.2650535 0.5405654 0.247204 0.5418379 0.2400291 0.5587854 0.3248472 0.8769306 0.35182 0.8645268 0.3387556 0.8320169 0.3387556 0.8320169 0.2923911 0.8412696 0.3248472 0.8769306 0.3662877 0.8846381 0.35182 0.8645268 0.3248472 0.8769306 0.3248472 0.8769306 0.3407904 0.9059683 0.3662877 0.8846381 0.3248472 0.8769306 0.2923911 0.8412696 0.2666133 0.8674543 0.2666133 0.8674543 0.2976251 0.9045297 0.3248472 0.8769306 0.2976251 0.9045297 0.3091757 0.9238879 0.3407904 0.9059683 0.3407904 0.9059683 0.3248472 0.8769306 0.2976251 0.9045297 0.3387556 0.8320169 0.3426738 0.7770222 0.3163968 0.8020083 0.3163968 0.8020083 0.2923911 0.8412696 0.3387556 0.8320169 0.2490458 0.672013 0.2632461 0.7102441 0.2624089 0.6885646 0.2624089 0.6885646 0.2567856 0.6620743 0.2490458 0.672013 0.2567856 0.6620743 0.2553606 0.6380166 0.2483702 0.6370225 0.2483702 0.6370225 0.2490458 0.672013 0.2567856 0.6620743 0.3426738 0.7770222 0.3589923 0.7494221 0.3301551 0.7527064 0.3301551 0.7527064 0.3163968 0.8020083 0.3426738 0.7770222 0.2632461 0.7102441 0.3015679 0.7261285 0.2896537 0.7106209 0.2896537 0.7106209 0.2713584 0.7047951 0.2632461 0.7102441 0.2632461 0.7102441 0.2713584 0.7047951 0.2624089 0.6885646 0.3015679 0.7261285 0.3020923 0.7182127 0.2896537 0.7106209 0.3226749 0.710098 0.3020923 0.7182127 0.3015679 0.7261285 0.3015679 0.7261285 0.3298423 0.7165485 0.3226749 0.710098 0.2688684 0.9186073 0.2976251 0.9045297 0.2666133 0.8674543 0.2666133 0.8674543 0.2370415 0.8968994 0.2688684 0.9186073 0.2553606 0.6380166 0.2719019 0.6044381 0.2673885 0.6033203 0.2673885 0.6033203 0.2483702 0.6370225 0.2553606 0.6380166 0.2976251 0.9045297 0.2688684 0.9186073 0.2835064 0.9386466 0.2835064 0.9386466 0.3091757 0.9238879 0.2976251 0.9045297 0.2370415 0.8968994 0.2150587 0.9173577 0.2419055 0.9374766 0.2419055 0.9374766 0.2688684 0.9186073 0.2370415 0.8968994 0.2688684 0.9186073 0.2419055 0.9374766 0.2526506 0.952724 0.2526506 0.952724 0.2835064 0.9386466 0.2688684 0.9186073 0.2719019 0.6044381 0.298128 0.5848894 0.2673885 0.6033203 0.298128 0.5848894 0.3089623 0.5809765 0.2905397 0.5491758 0.2905397 0.5491758 0.2745356 0.571222 0.298128 0.5848894 0.2905397 0.5491758 0.2650535 0.5405654 0.2630859 0.5628774 0.2630859 0.5628774 0.2745356 0.571222 0.2905397 0.5491758 0.2719019 0.6044381 0.2809785 0.6086072 0.2968654 0.5976831 0.2968654 0.5976831 0.298128 0.5848894 0.2719019 0.6044381 0.3058962 0.6003119 0.3089623 0.5809765 0.298128 0.5848894 0.298128 0.5848894 0.2968654 0.5976831 0.3058962 0.6003119 0.3224893 0.5534155 0.2905397 0.5491758 0.3089623 0.5809765 0.3089623 0.5809765 0.3182184 0.5896915 0.3224893 0.5534155 0.3058962 0.6003119 0.312146 0.6091191 0.3182184 0.5896915 0.3182184 0.5896915 0.3089623 0.5809765 0.3058962 0.6003119 0.3201646 0.6818112 0.3148031 0.6986823 0.3226749 0.710098 0.3226749 0.710098 0.327648 0.6796573 0.3201646 0.6818112 0.304412 0.7034509 0.2931547 0.7007569 0.2896537 0.7106209 0.2896537 0.7106209 0.3020923 0.7182127 0.304412 0.7034509 0.3226749 0.710098 0.3148031 0.6986823 0.304412 0.7034509 0.304412 0.7034509 0.3020923 0.7182127 0.3226749 0.710098 0.2713584 0.7047951 0.2844026 0.6971327 0.2724143 0.6839144 0.2724143 0.6839144 0.2624089 0.6885646 0.2713584 0.7047951 0.2896537 0.7106209 0.2931547 0.7007569 0.2844026 0.6971327 0.2844026 0.6971327 0.2713584 0.7047951 0.2896537 0.7106209 0.2635241 0.6435701 0.2553606 0.6380166 0.2567856 0.6620743 0.2567856 0.6620743 0.2608114 0.6623172 0.2635241 0.6435701 0.2624089 0.6885646 0.2724143 0.6839144 0.2608114 0.6623172 0.2608114 0.6623172 0.2567856 0.6620743 0.2624089 0.6885646 0.2809785 0.6086072 0.2719019 0.6044381 0.2553606 0.6380166 0.2553606 0.6380166 0.2635241 0.6435701 0.2809785 0.6086072 0.3036907 0.6845759 0.304412 0.7034509 0.3148031 0.6986823 0.3148031 0.6986823 0.3201646 0.6818112 0.3036907 0.6845759 0.2965588 0.6630581 0.3036907 0.6845759 0.3201646 0.6818112 0.3201646 0.6818112 0.3025401 0.6513171 0.2965588 0.6630581 0.304412 0.7034509 0.3036907 0.6845759 0.2931547 0.7007569 0.2881631 0.6834436 0.2771185 0.67925 0.2724143 0.6839144 0.2724143 0.6839144 0.2844026 0.6971327 0.2881631 0.6834436 0.2931547 0.7007569 0.2881631 0.6834436 0.2844026 0.6971327 0.277908 0.644173 0.2635241 0.6435701 0.2608114 0.6623172 0.2608114 0.6623172 0.2749347 0.6688034 0.277908 0.644173 0.2724143 0.6839144 0.2771185 0.67925 0.2749347 0.6688034 0.2749347 0.6688034 0.2608114 0.6623172 0.2724143 0.6839144 0.2900954 0.6210639 0.2809785 0.6086072 0.2635241 0.6435701 0.2635241 0.6435701 0.277908 0.644173 0.2900954 0.6210639 0.2881638 0.6687426 0.2881631 0.6834436 0.3036907 0.6845759 0.3036907 0.6845759 0.2965588 0.6630581 0.2881638 0.6687426 0.3036907 0.6845759 0.2881631 0.6834436 0.2931547 0.7007569 0.2881638 0.6687426 0.2749347 0.6688034 0.2771185 0.67925 0.2771185 0.67925 0.2881631 0.6834436 0.2881638 0.6687426 0.2864885 0.6496292 0.277908 0.644173 0.2749347 0.6688034 0.2749347 0.6688034 0.2881638 0.6687426 0.2864885 0.6496292 0.2881638 0.6687426 0.2965588 0.6630581 0.2864885 0.6496292 0.4908775 0.6027291 0.4906286 0.6082708 0.4996603 0.6090993 0.4996603 0.6090993 0.498766 0.6014109 0.4908775 0.6027291 0.5162497 0.6101309 0.5122467 0.5944967 0.4996603 0.6090993 0.4996603 0.6090993 0.4980623 0.6209222 0.5162497 0.6101309 0.4996603 0.6090993 0.4906286 0.6082708 0.4904319 0.6206576 0.4904319 0.6206576 0.4980623 0.6209222 0.4996603 0.6090993 0.4906286 0.6082708 0.4793439 0.5950726 0.4747675 0.6108958 0.4747675 0.6108958 0.4904319 0.6206576 0.4906286 0.6082708 0.5178993 0.6279992 0.5162497 0.6101309 0.4980623 0.6209222 0.4980623 0.6209222 0.5028216 0.6368652 0.5178993 0.6279992 0.4980623 0.6209222 0.4904319 0.6206576 0.4871798 0.6377308 0.4871798 0.6377308 0.5028216 0.6368652 0.4980623 0.6209222 0.4904319 0.6206576 0.4747675 0.6108958 0.4727069 0.6288701 0.4727069 0.6288701 0.4871798 0.6377308 0.4904319 0.6206576 0.5225762 0.6508663 0.5178993 0.6279992 0.5028216 0.6368652 0.5028216 0.6368652 0.5025767 0.6513463 0.5225762 0.6508663 0.5025767 0.6513463 0.5028216 0.6368652 0.4871798 0.6377308 0.4871798 0.6377308 0.4879144 0.6522556 0.5025767 0.6513463 0.4871798 0.6377308 0.4727069 0.6288701 0.4679668 0.6518021 0.4679668 0.6518021 0.4879144 0.6522556 0.4871798 0.6377308 0.5238103 0.6630164 0.5225762 0.6508663 0.5025767 0.6513463 0.5025767 0.6513463 0.5032348 0.6706541 0.5238103 0.6630164 0.5032348 0.6706541 0.5025767 0.6513463 0.4879144 0.6522556 0.4879144 0.6522556 0.4880534 0.6721007 0.5032348 0.6706541 0.4879144 0.6522556 0.4679668 0.6518021 0.4670341 0.664175 0.4670341 0.664175 0.4880534 0.6721007 0.4879144 0.6522556 0.5225979 0.6898293 0.5238103 0.6630164 0.5032348 0.6706541 0.5032348 0.6706541 0.5035036 0.6912768 0.5225979 0.6898293 0.5035036 0.6912768 0.5032348 0.6706541 0.4880534 0.6721007 0.4880534 0.6721007 0.4890565 0.6915486 0.5035036 0.6912768 0.5225979 0.6898293 0.5035036 0.6912768 0.5049097 0.7173693 0.5049097 0.7173693 0.5276483 0.7178179 0.5225979 0.6898293 0.5276483 0.7178179 0.5049097 0.7173693 0.5085966 0.7545832 0.5085966 0.7545832 0.5277968 0.7521243 0.5276483 0.7178179 0.5111553 0.7857483 0.5323321 0.7813355 0.5277968 0.7521243 0.5277968 0.7521243 0.5085966 0.7545832 0.5111553 0.7857483 0.7534517 0.5682489 0.7479305 0.5506051 0.7301055 0.5472198 0.7301055 0.5472198 0.7298098 0.569903 0.7534517 0.5682489 0.7301029 0.9186283 0.7170026 0.942422 0.7459773 0.9530048 0.7459773 0.9530048 0.7620223 0.9298913 0.7301029 0.9186283 0.247204 0.5418379 0.2485086 0.5182893 0.2285798 0.5236134 0.2285798 0.5236134 0.2253793 0.5392712 0.247204 0.5418379 0.7498806 0.527352 0.7479305 0.5506051 0.7695135 0.5508659 0.7695135 0.5508659 0.7694078 0.5353286 0.7498806 0.527352 0.2400291 0.5587854 0.247204 0.5418379 0.2253793 0.5392712 0.2253793 0.5392712 0.2174473 0.5530701 0.2400291 0.5587854 0.7695135 0.5508659 0.7479305 0.5506051 0.7534517 0.5682489 0.7534517 0.5682489 0.7755369 0.5651153 0.7695135 0.5508659 0.2835064 0.9386466 0.2526506 0.952724 0.2704188 0.9740819 0.2704188 0.9740819 0.2985637 0.9611087 0.2835064 0.9386466 0.7370198 0.9738067 0.7459773 0.9530048 0.7170026 0.942422 0.7170026 0.942422 0.7064773 0.9646337 0.7370198 0.9738067 0.3091757 0.9238879 0.2835064 0.9386466 0.2985637 0.9611087 0.2985637 0.9611087 0.3251957 0.9481086 0.3091757 0.9238879 0.2985637 0.9611087 0.2704188 0.9740819 0.2814779 0.9950116 0.2814779 0.9950116 0.3099629 0.9805289 0.2985637 0.9611087 0.3091757 0.9238879 0.3251957 0.9481086 0.3517028 0.9294931 0.3517028 0.9294931 0.3407904 0.9059683 0.3091757 0.9238879 0.7064773 0.9646337 0.7170026 0.942422 0.6891164 0.931849 0.6891164 0.931849 0.6780979 0.9516789 0.7064773 0.9646337 0.3251957 0.9481086 0.2985637 0.9611087 0.3099629 0.9805289 0.3099629 0.9805289 0.3381976 0.9671589 0.3251957 0.9481086 0.3407904 0.9059683 0.3517028 0.9294931 0.3815267 0.9098179 0.3815267 0.9098179 0.3662877 0.8846381 0.3407904 0.9059683 0.6780979 0.9516789 0.6891164 0.931849 0.6606524 0.915819 0.6606524 0.915819 0.6499351 0.9393091 0.6780979 0.9516789 0.3251957 0.9481086 0.3381976 0.9671589 0.3649324 0.9510693 0.3649324 0.9510693 0.3517028 0.9294931 0.3251957 0.9481086 0.6165272 0.9214457 0.6499351 0.9393091 0.6606524 0.915819 0.6606524 0.915819 0.6286626 0.899603 0.6165272 0.9214457 0.3815267 0.9098179 0.3517028 0.9294931 0.3649324 0.9510693 0.3649324 0.9510693 0.3970309 0.9302071 0.3815267 0.9098179 0.5365708 0.8079792 0.5323321 0.7813355 0.5111553 0.7857483 0.5111553 0.7857483 0.5074619 0.8190036 0.5365708 0.8079792 0.5074619 0.8190036 0.5111553 0.7857483 0.4869639 0.7877009 0.4869639 0.7877009 0.4928375 0.8188661 0.5074619 0.8190036 0.5074619 0.8190036 0.50228 0.8495643 0.5431641 0.8322864 0.5431641 0.8322864 0.5365708 0.8079792 0.5074619 0.8190036 0.4928375 0.8188661 0.50228 0.8495643 0.5074619 0.8190036 0.4869639 0.7877009 0.465426 0.7829685 0.4626815 0.8091738 0.4626815 0.8091738 0.4928375 0.8188661 0.4869639 0.7877009 0.4928375 0.8188661 0.4626815 0.8091738 0.4587838 0.8328064 0.4587838 0.8328064 0.50228 0.8495643 0.4928375 0.8188661 0.498766 0.6014109 0.4996603 0.6090993 0.5122467 0.5944967 0.5122467 0.5944967 0.5054729 0.5878581 0.498766 0.6014109 0.498766 0.6014109 0.5054729 0.5878581 0.4823182 0.5896126 0.4823182 0.5896126 0.4908775 0.6027291 0.498766 0.6014109 0.4793439 0.5950726 0.4906286 0.6082708 0.4908775 0.6027291 0.4908775 0.6027291 0.4823182 0.5896126 0.4793439 0.5950726 0.5582162 0.6060976 0.56715 0.6067267 0.5693985 0.5937173 0.5693985 0.5937173 0.552362 0.5913277 0.5582162 0.6060976 0.5388355 0.6192963 0.5510634 0.6176741 0.5518812 0.6096907 0.5518812 0.6096907 0.5375565 0.6003068 0.5388355 0.6192963 0.5582162 0.6060976 0.552362 0.5913277 0.5448436 0.5966812 0.5448436 0.5966812 0.5547046 0.6076484 0.5582162 0.6060976 0.5518812 0.6096907 0.5547046 0.6076484 0.5448436 0.5966812 0.5448436 0.5966812 0.5375565 0.6003068 0.5518812 0.6096907 0.5162497 0.6101309 0.5178993 0.6279992 0.5255774 0.6202321 0.5255774 0.6202321 0.5289645 0.5981406 0.5162497 0.6101309 0.552362 0.5913277 0.5693985 0.5937173 0.5708008 0.5780311 0.5708008 0.5780311 0.5435197 0.5796223 0.552362 0.5913277 0.5388355 0.6192963 0.5375565 0.6003068 0.5289645 0.5981406 0.5289645 0.5981406 0.5255774 0.6202321 0.5388355 0.6192963 0.552362 0.5913277 0.5435197 0.5796223 0.5361282 0.585149 0.5361282 0.585149 0.5448436 0.5966812 0.552362 0.5913277 0.5375565 0.6003068 0.5448436 0.5966812 0.5361282 0.585149 0.5361282 0.585149 0.5289645 0.5981406 0.5375565 0.6003068 0.5708008 0.5780311 0.5686445 0.5604736 0.5413687 0.5731505 0.5413687 0.5731505 0.5435197 0.5796223 0.5708008 0.5780311 0.5122467 0.5944967 0.5162497 0.6101309 0.5289645 0.5981406 0.5289645 0.5981406 0.5230779 0.5896809 0.5122467 0.5944967 0.5230779 0.5896809 0.5289645 0.5981406 0.5361282 0.585149 0.5361282 0.585149 0.5329238 0.5796324 0.5230779 0.5896809 0.5329238 0.5796324 0.5361282 0.585149 0.5435197 0.5796223 0.5435197 0.5796223 0.5413687 0.5731505 0.5329238 0.5796324 0.5054729 0.5878581 0.5122467 0.5944967 0.5230779 0.5896809 0.5230779 0.5896809 0.5174413 0.5794837 0.5054729 0.5878581 0.5235419 0.5699015 0.5329238 0.5796324 0.5413687 0.5731505 0.5413687 0.5731505 0.5373148 0.5616971 0.5235419 0.5699015 0.4687197 0.5902849 0.4793439 0.5950726 0.4823182 0.5896126 0.4823182 0.5896126 0.4736859 0.5809255 0.4687197 0.5902849 0.4793439 0.5950726 0.4687197 0.5902849 0.4622347 0.6000671 0.4622347 0.6000671 0.4747675 0.6108958 0.4793439 0.5950726 0.4489955 0.5757485 0.427778 0.5672614 0.4199815 0.5810966 0.4199815 0.5810966 0.4499962 0.5801088 0.4489955 0.5757485 0.4650334 0.6215144 0.4727069 0.6288701 0.4747675 0.6108958 0.4747675 0.6108958 0.4622347 0.6000671 0.4650334 0.6215144 0.4593532 0.5825551 0.4489955 0.5757485 0.4499962 0.5801088 0.4499962 0.5801088 0.455029 0.5868101 0.4593532 0.5825551 0.4687197 0.5902849 0.4593532 0.5825551 0.455029 0.5868101 0.455029 0.5868101 0.4622347 0.6000671 0.4687197 0.5902849 0.4515748 0.6210673 0.4650334 0.6215144 0.4622347 0.6000671 0.4622347 0.6000671 0.4551939 0.6020037 0.4515748 0.6210673 0.4199815 0.5810966 0.4210743 0.5969004 0.4410827 0.5929676 0.4410827 0.5929676 0.4499962 0.5801088 0.4199815 0.5810966 0.455029 0.5868101 0.4499962 0.5801088 0.4410827 0.5929676 0.4410827 0.5929676 0.4465808 0.5961865 0.455029 0.5868101 0.4551939 0.6020037 0.4622347 0.6000671 0.455029 0.5868101 0.455029 0.5868101 0.4465808 0.5961865 0.4551939 0.6020037 0.4433675 0.6105219 0.440413 0.6183761 0.4515748 0.6210673 0.4515748 0.6210673 0.4551939 0.6020037 0.4433675 0.6105219 0.4465808 0.5961865 0.4388067 0.6104725 0.4433675 0.6105219 0.4433675 0.6105219 0.4551939 0.6020037 0.4465808 0.5961865 0.4410827 0.5929676 0.4210743 0.5969004 0.4239214 0.6108727 0.4239214 0.6108727 0.4344943 0.6109957 0.4410827 0.5929676 0.4465808 0.5961865 0.4410827 0.5929676 0.4344943 0.6109957 0.4344943 0.6109957 0.4388067 0.6104725 0.4465808 0.5961865 0.5174413 0.5794837 0.5230779 0.5896809 0.5329238 0.5796324 0.5329238 0.5796324 0.5235419 0.5699015 0.5174413 0.5794837 0.4593532 0.5825551 0.4687197 0.5902849 0.4736859 0.5809255 0.4736859 0.5809255 0.4710553 0.5724771 0.4593532 0.5825551 0.479843 0.5757418 0.4710553 0.5724771 0.4736859 0.5809255 0.4736859 0.5809255 0.4817786 0.579461 0.479843 0.5757418 0.5174413 0.5794837 0.5235419 0.5699015 0.5119957 0.5732321 0.5119957 0.5732321 0.5092933 0.5785469 0.5174413 0.5794837 0.5054729 0.5878581 0.5174413 0.5794837 0.5092933 0.5785469 0.5092933 0.5785469 0.4999316 0.581862 0.5054729 0.5878581 0.01840531 0.8607327 0.02511942 0.8438743 0.03884959 0.8577353 0.03884959 0.8577353 0.03709942 0.8640146 0.01840531 0.8607327 0.5054729 0.5878581 0.4999316 0.581862 0.4895395 0.583825 0.4895395 0.583825 0.4823182 0.5896126 0.5054729 0.5878581 0.4817786 0.579461 0.4736859 0.5809255 0.4823182 0.5896126 0.4823182 0.5896126 0.4895395 0.583825 0.4817786 0.579461 0.02197891 0.878571 0.01840531 0.8607327 0.03709942 0.8640146 0.03709942 0.8640146 0.03779995 0.8667912 0.02197891 0.878571 0.04198753 0.8708888 0.0369755 0.891141 0.02197891 0.878571 0.02197891 0.878571 0.03779995 0.8667912 0.04198753 0.8708888 0.03709942 0.8640146 0.03884959 0.8577353 0.04198753 0.8708888 0.04198753 0.8708888 0.03779995 0.8667912 0.03709942 0.8640146 0.03884959 0.8577353 0.02511942 0.8438743 0.04171091 0.8361116 0.04171091 0.8361116 0.04697495 0.8566429 0.03884959 0.8577353 0.03884959 0.8577353 0.04697495 0.8566429 0.04882037 0.8684966 0.04882037 0.8684966 0.04198753 0.8708888 0.03884959 0.8577353 0.05088162 0.8889396 0.0369755 0.891141 0.04198753 0.8708888 0.04198753 0.8708888 0.04882037 0.8684966 0.05088162 0.8889396 0.0618686 0.8797508 0.05088162 0.8889396 0.04882037 0.8684966 0.04882037 0.8684966 0.05639481 0.8671118 0.0618686 0.8797508 0.06487339 0.8578505 0.0618686 0.8797508 0.05639481 0.8671118 0.05639481 0.8671118 0.05397695 0.8567317 0.06487339 0.8578505 0.05397695 0.8567317 0.05656665 0.8408321 0.06487339 0.8578505 0.04697495 0.8566429 0.04171091 0.8361116 0.05656665 0.8408321 0.05656665 0.8408321 0.05397695 0.8567317 0.04697495 0.8566429 0.04882037 0.8684966 0.04697495 0.8566429 0.05397695 0.8567317 0.05397695 0.8567317 0.05639481 0.8671118 0.04882037 0.8684966 0.5119957 0.5732321 0.5235419 0.5699015 0.5137766 0.5629923 0.5137766 0.5629923 0.5070115 0.5698914 0.5119957 0.5732321 0.4979746 0.5626578 0.4973686 0.5707586 0.5070115 0.5698914 0.5070115 0.5698914 0.5137766 0.5629923 0.4979746 0.5626578 0.4856611 0.5716667 0.4973686 0.5707586 0.4979746 0.5626578 0.4979746 0.5626578 0.4832466 0.5633957 0.4856611 0.5716667 0.4710553 0.5724771 0.479843 0.5757418 0.4856611 0.5716667 0.4856611 0.5716667 0.4832466 0.5633957 0.4710553 0.5724771 0.4489955 0.5757485 0.4593532 0.5825551 0.4710553 0.5724771 0.4710553 0.5724771 0.4564839 0.5628602 0.4489955 0.5757485 0.5137766 0.5629923 0.5221871 0.549506 0.4977514 0.5473323 0.4977514 0.5473323 0.4979746 0.5626578 0.5137766 0.5629923 0.5137766 0.5629923 0.5235419 0.5699015 0.5373148 0.5616971 0.5373148 0.5616971 0.5221871 0.549506 0.5137766 0.5629923 0.5373148 0.5616971 0.5413687 0.5731505 0.5686445 0.5604736 0.5686445 0.5604736 0.5558248 0.55122 0.5373148 0.5616971 0.5373148 0.5616971 0.5558248 0.55122 0.5537236 0.5454592 0.5537236 0.5454592 0.5221871 0.549506 0.5373148 0.5616971 0.4832466 0.5633957 0.4979746 0.5626578 0.4977514 0.5473323 0.4977514 0.5473323 0.4783291 0.5502806 0.4832466 0.5633957 0.4564839 0.5628602 0.4710553 0.5724771 0.4832466 0.5633957 0.4832466 0.5633957 0.4783291 0.5502806 0.4564839 0.5628602 0.4489955 0.5757485 0.4564839 0.5628602 0.4432706 0.5571097 0.4432706 0.5571097 0.427778 0.5672614 0.4489955 0.5757485 0.4564839 0.5628602 0.4783291 0.5502806 0.4570412 0.5453189 0.4570412 0.5453189 0.4432706 0.5571097 0.4564839 0.5628602 0.5724717 0.547146 0.5558248 0.55122 0.5686445 0.5604736 0.5686445 0.5604736 0.5815964 0.5498798 0.5724717 0.547146 0.5676102 0.5432528 0.5537236 0.5454592 0.5558248 0.55122 0.5558248 0.55122 0.5724717 0.547146 0.5676102 0.5432528 0.5836525 0.5315867 0.5676102 0.5432528 0.5724717 0.547146 0.5724717 0.547146 0.5879455 0.5319162 0.5836525 0.5315867 0.4432706 0.5571097 0.4570412 0.5453189 0.4425788 0.5429642 0.4425788 0.5429642 0.4322854 0.5490735 0.4432706 0.5571097 0.427778 0.5672614 0.4432706 0.5571097 0.4322854 0.5490735 0.4322854 0.5490735 0.404626 0.5566108 0.427778 0.5672614 0.4322854 0.5490735 0.4425788 0.5429642 0.4245904 0.5364433 0.4245904 0.5364433 0.4190604 0.5395006 0.4322854 0.5490735 0.5221871 0.549506 0.5254221 0.5425103 0.5000234 0.5406772 0.5000234 0.5406772 0.4977514 0.5473323 0.5221871 0.549506 0.4977514 0.5473323 0.5000234 0.5406772 0.480037 0.5419291 0.480037 0.5419291 0.4783291 0.5502806 0.4977514 0.5473323 0.4783291 0.5502806 0.480037 0.5419291 0.4625932 0.5394313 0.4625932 0.5394313 0.4570412 0.5453189 0.4783291 0.5502806 0.4570412 0.5453189 0.4625932 0.5394313 0.4455683 0.536958 0.4455683 0.536958 0.4425788 0.5429642 0.4570412 0.5453189 0.4245904 0.5364433 0.4425788 0.5429642 0.4455683 0.536958 0.4455683 0.536958 0.4281451 0.5309986 0.4245904 0.5364433 0.4126072 0.5217026 0.4245904 0.5364433 0.4281451 0.5309986 0.4281451 0.5309986 0.4195179 0.5205714 0.4126072 0.5217026 0.4126072 0.5217026 0.4195179 0.5205714 0.4148299 0.508331 0.4148299 0.508331 0.4090933 0.5088315 0.4126072 0.5217026 0.4120325 0.4972096 0.4090933 0.5088315 0.4148299 0.508331 0.4148299 0.508331 0.4201279 0.500072 0.4120325 0.4972096 0.4307223 0.4888122 0.4120325 0.4972096 0.4201279 0.500072 0.4201279 0.500072 0.4342353 0.4940139 0.4307223 0.4888122 0.4307223 0.4888122 0.4342353 0.4940139 0.4477453 0.4954773 0.4477453 0.4954773 0.4520885 0.4889295 0.4307223 0.4888122 0.4520885 0.4889295 0.4477453 0.4954773 0.4634575 0.4972414 0.4634575 0.4972414 0.4667716 0.4915965 0.4520885 0.4889295 0.482513 0.5000059 0.4667716 0.4915965 0.4634575 0.4972414 0.4634575 0.4972414 0.4806237 0.5049399 0.482513 0.5000059 0.3830226 0.5824065 0.427778 0.5672614 0.404626 0.5566108 0.404626 0.5566108 0.3757524 0.5719329 0.3830226 0.5824065 0.3564327 0.6585092 0.356183 0.6138139 0.3448572 0.6105622 0.3448572 0.6105622 0.3382459 0.6893884 0.3564327 0.6585092 0.356183 0.6138139 0.3830226 0.5824065 0.3757524 0.5719329 0.3757524 0.5719329 0.3448572 0.6105622 0.356183 0.6138139 0.3224893 0.5534155 0.3182184 0.5896915 0.3284454 0.5880509 0.3284454 0.5880509 0.3490339 0.5554587 0.3224893 0.5534155 0.5815964 0.5498798 0.5686445 0.5604736 0.6125203 0.5727322 0.6125203 0.5727322 0.6188145 0.5634269 0.5815964 0.5498798 0.6125203 0.5727322 0.6336619 0.6088892 0.6453856 0.6066329 0.6453856 0.6066329 0.6188145 0.5634269 0.6125203 0.5727322 0.6315121 0.6515878 0.6486428 0.681575 0.6453856 0.6066329 0.6453856 0.6066329 0.6336619 0.6088892 0.6315121 0.6515878 0.6634921 0.5861149 0.6736451 0.5893792 0.6711499 0.5527339 0.6711499 0.5527339 0.6436806 0.5523827 0.6634921 0.5861149 0.6188145 0.5634269 0.6453856 0.6066329 0.6556468 0.5938246 0.6556468 0.5938246 0.6324452 0.5535298 0.6188145 0.5634269 0.6436806 0.5523827 0.6324452 0.5535298 0.6556468 0.5938246 0.6556468 0.5938246 0.6634921 0.5861149 0.6436806 0.5523827 0.6651063 0.6465435 0.6590219 0.6745668 0.6665634 0.6778506 0.6651063 0.6465435 0.6453856 0.6066329 0.6486428 0.681575 0.6486428 0.681575 0.6590219 0.6745668 0.6651063 0.6465435 0.678893 0.6088194 0.6736451 0.5893792 0.6634921 0.5861149 0.6634921 0.5861149 0.6708522 0.6253079 0.678893 0.6088194 0.6453856 0.6066329 0.6651063 0.6465435 0.6685588 0.6353842 0.6685588 0.6353842 0.6556468 0.5938246 0.6453856 0.6066329 0.6708522 0.6253079 0.6634921 0.5861149 0.6556468 0.5938246 0.6556468 0.5938246 0.6685588 0.6353842 0.6708522 0.6253079 0.6651063 0.6465435 0.6665634 0.6778506 0.685323 0.6518115 0.685323 0.6518115 0.6812022 0.6403633 0.6651063 0.6465435 0.6685588 0.6353842 0.6651063 0.6465435 0.6812022 0.6403633 0.6812022 0.6403633 0.6780629 0.6277559 0.6685588 0.6353842 0.685323 0.6518115 0.6899468 0.6647701 0.7011548 0.6526026 0.7011548 0.6526026 0.6933947 0.6367436 0.685323 0.6518115 0.6708522 0.6253079 0.6685588 0.6353842 0.6780629 0.6277559 0.6780629 0.6277559 0.6823186 0.6191116 0.6708522 0.6253079 0.7104418 0.6485875 0.7007755 0.6236782 0.6933947 0.6367436 0.6933947 0.6367436 0.7011548 0.6526026 0.7104418 0.6485875 0.6870704 0.6277532 0.6933947 0.6367436 0.7007755 0.6236782 0.7007755 0.6236782 0.6903073 0.6166405 0.6870704 0.6277532 0.6903073 0.6166405 0.6957916 0.5998824 0.6855669 0.6009113 0.6855669 0.6009113 0.678893 0.6088194 0.6903073 0.6166405 0.678893 0.6088194 0.6708522 0.6253079 0.6823186 0.6191116 0.6823186 0.6191116 0.6903073 0.6166405 0.678893 0.6088194 0.6903073 0.6166405 0.6823186 0.6191116 0.6870704 0.6277532 0.6812022 0.6403633 0.685323 0.6518115 0.6933947 0.6367436 0.6933947 0.6367436 0.6870704 0.6277532 0.6812022 0.6403633 0.6780629 0.6277559 0.6812022 0.6403633 0.6870704 0.6277532 0.6870704 0.6277532 0.6823186 0.6191116 0.6780629 0.6277559 0.3370919 0.59626 0.3448572 0.6105622 0.3757524 0.5719329 0.3757524 0.5719329 0.3613287 0.5592113 0.3370919 0.59626 0.3370919 0.59626 0.3613287 0.5592113 0.3490339 0.5554587 0.3490339 0.5554587 0.3284454 0.5880509 0.3370919 0.59626 0.3201646 0.6818112 0.327648 0.6796573 0.3234969 0.6499135 0.3382459 0.6893884 0.3448572 0.6105622 0.3234969 0.6499135 0.3234969 0.6499135 0.327648 0.6796573 0.3382459 0.6893884 0.3284454 0.5880509 0.3182184 0.5896915 0.312146 0.6091191 0.312146 0.6091191 0.319073 0.6270197 0.3284454 0.5880509 0.3225383 0.6335821 0.3234969 0.6499135 0.3448572 0.6105622 0.3448572 0.6105622 0.3370919 0.59626 0.3225383 0.6335821 0.3370919 0.59626 0.3284454 0.5880509 0.319073 0.6270197 0.319073 0.6270197 0.3225383 0.6335821 0.3370919 0.59626 0.3071251 0.6423605 0.3234969 0.6499135 0.3225383 0.6335821 0.3225383 0.6335821 0.3096002 0.6346693 0.3071251 0.6423605 0.3096002 0.6346693 0.3225383 0.6335821 0.319073 0.6270197 0.319073 0.6270197 0.3106894 0.6227772 0.3096002 0.6346693 0.3059156 0.6174074 0.312146 0.6091191 0.3058962 0.6003119 0.3058962 0.6003119 0.2968654 0.5976831 0.3059156 0.6174074 0.2999273 0.6308411 0.3106894 0.6227772 0.3059156 0.6174074 0.3106894 0.6227772 0.319073 0.6270197 0.312146 0.6091191 0.312146 0.6091191 0.3059156 0.6174074 0.3106894 0.6227772 0.2968654 0.5976831 0.2809785 0.6086072 0.2900954 0.6210639 0.2900954 0.6210639 0.3059156 0.6174074 0.2968654 0.5976831 0.3096002 0.6346693 0.3106894 0.6227772 0.2999273 0.6308411 0.3025401 0.6513171 0.3201646 0.6818112 0.3234969 0.6499135 0.3234969 0.6499135 0.3071251 0.6423605 0.3025401 0.6513171 0.2960213 0.6351547 0.3025401 0.6513171 0.3071251 0.6423605 0.3096002 0.6346693 0.2999273 0.6308411 0.2960213 0.6351547 0.2960213 0.6351547 0.3071251 0.6423605 0.3096002 0.6346693 0.2960213 0.6351547 0.2900954 0.6210639 0.277908 0.644173 0.277908 0.644173 0.2864885 0.6496292 0.2960213 0.6351547 0.2999273 0.6308411 0.3059156 0.6174074 0.2900954 0.6210639 0.2900954 0.6210639 0.2960213 0.6351547 0.2999273 0.6308411 0.2864885 0.6496292 0.2965588 0.6630581 0.3025401 0.6513171 0.3025401 0.6513171 0.2960213 0.6351547 0.2864885 0.6496292 0.404626 0.5566108 0.4322854 0.5490735 0.4190604 0.5395006 0.4190604 0.5395006 0.3987695 0.544518 0.404626 0.5566108 0.4245904 0.5364433 0.4126072 0.5217026 0.4033644 0.5277268 0.4033644 0.5277268 0.4190604 0.5395006 0.4245904 0.5364433 0.4033644 0.5277268 0.4126072 0.5217026 0.4090933 0.5088315 0.4090933 0.5088315 0.3966252 0.5097031 0.4033644 0.5277268 0.3966252 0.5097031 0.4090933 0.5088315 0.4120325 0.4972096 0.4120325 0.4972096 0.4062683 0.4939855 0.3966252 0.5097031 0.4062683 0.4939855 0.4120325 0.4972096 0.4307223 0.4888122 0.4307223 0.4888122 0.4328601 0.482535 0.4062683 0.4939855 0.4328601 0.482535 0.4307223 0.4888122 0.4520885 0.4889295 0.4520885 0.4889295 0.4532033 0.4796819 0.4328601 0.482535 0.5879455 0.5319162 0.5724717 0.547146 0.5815964 0.5498798 0.5815964 0.5498798 0.5976132 0.5323624 0.5879455 0.5319162 0.5362301 0.5124343 0.5493254 0.5124593 0.5479117 0.5018777 0.5479117 0.5018777 0.5367391 0.5006762 0.5362301 0.5124343 0.5362301 0.5124343 0.5367391 0.5006762 0.5223352 0.5003693 0.5223352 0.5003693 0.5194511 0.5106698 0.5362301 0.5124343 0.4981932 0.5052813 0.5194511 0.5106698 0.5223352 0.5003693 0.5223352 0.5003693 0.5005755 0.4958342 0.4981932 0.5052813 0.482513 0.5000059 0.4981932 0.5052813 0.5005755 0.4958342 0.5005755 0.4958342 0.4852581 0.4890992 0.482513 0.5000059 0.4667716 0.4915965 0.482513 0.5000059 0.4852581 0.4890992 0.4852581 0.4890992 0.4694923 0.4832485 0.4667716 0.4915965 0.4667716 0.4915965 0.4694923 0.4832485 0.4532033 0.4796819 0.4532033 0.4796819 0.4520885 0.4889295 0.4667716 0.4915965 0.5815964 0.5498798 0.6188145 0.5634269 0.6094067 0.5417984 0.6094067 0.5417984 0.5976132 0.5323624 0.5815964 0.5498798 0.5367391 0.5006762 0.5479117 0.5018777 0.5485162 0.4890149 0.5485162 0.4890149 0.5366603 0.4861324 0.5367391 0.5006762 0.5223352 0.5003693 0.5367391 0.5006762 0.5366603 0.4861324 0.5366603 0.4861324 0.5224583 0.4861485 0.5223352 0.5003693 0.5005755 0.4958342 0.5223352 0.5003693 0.5224583 0.4861485 0.5224583 0.4861485 0.5037277 0.4840779 0.5005755 0.4958342 0.5005755 0.4958342 0.5037277 0.4840779 0.4880827 0.4814251 0.4880827 0.4814251 0.4852581 0.4890992 0.5005755 0.4958342 0.4694923 0.4832485 0.4852581 0.4890992 0.4880827 0.4814251 0.4880827 0.4814251 0.4750072 0.4749495 0.4694923 0.4832485 0.4558195 0.4740843 0.4532033 0.4796819 0.4694923 0.4832485 0.4694923 0.4832485 0.4750072 0.4749495 0.4558195 0.4740843 0.4324017 0.477212 0.4328601 0.482535 0.4532033 0.4796819 0.4532033 0.4796819 0.4558195 0.4740843 0.4324017 0.477212 0.4062683 0.4939855 0.4328601 0.482535 0.4324017 0.477212 0.4324017 0.477212 0.393472 0.4904952 0.4062683 0.4939855 0.3966252 0.5097031 0.4062683 0.4939855 0.393472 0.4904952 0.393472 0.4904952 0.3852738 0.5126175 0.3966252 0.5097031 0.391463 0.5308989 0.4033644 0.5277268 0.3966252 0.5097031 0.3966252 0.5097031 0.3852738 0.5126175 0.391463 0.5308989 0.3987695 0.544518 0.4190604 0.5395006 0.4033644 0.5277268 0.4033644 0.5277268 0.391463 0.5308989 0.3987695 0.544518 0.3849491 0.5467529 0.3757524 0.5719329 0.404626 0.5566108 0.404626 0.5566108 0.3987695 0.544518 0.3849491 0.5467529 0.4981932 0.5052813 0.482513 0.5000059 0.4806237 0.5049399 0.4806237 0.5049399 0.4969473 0.5107215 0.4981932 0.5052813 0.5166988 0.5143496 0.5194511 0.5106698 0.4981932 0.5052813 0.4981932 0.5052813 0.4969473 0.5107215 0.5166988 0.5143496 0.5323478 0.5159556 0.5362301 0.5124343 0.5194511 0.5106698 0.5194511 0.5106698 0.5166988 0.5143496 0.5323478 0.5159556 0.5483562 0.5178143 0.5493254 0.5124593 0.5362301 0.5124343 0.5362301 0.5124343 0.5323478 0.5159556 0.5483562 0.5178143 0.5836525 0.5315867 0.5801164 0.5307575 0.5661308 0.5406452 0.5661308 0.5406452 0.5676102 0.5432528 0.5836525 0.5315867 0.5537236 0.5454592 0.5676102 0.5432528 0.5661308 0.5406452 0.5661308 0.5406452 0.5496061 0.5421761 0.5537236 0.5454592 0.5254221 0.5425103 0.5221871 0.549506 0.5537236 0.5454592 0.5537236 0.5454592 0.5496061 0.5421761 0.5254221 0.5425103 0.5905018 0.5198758 0.5879455 0.5319162 0.5976132 0.5323624 0.5976132 0.5323624 0.6001079 0.5168552 0.5905018 0.5198758 0.5485162 0.4890149 0.5479117 0.5018777 0.5690807 0.5031725 0.5690807 0.5031725 0.5720445 0.4895827 0.5485162 0.4890149 0.5905018 0.5198758 0.6001079 0.5168552 0.5883294 0.5027833 0.5883294 0.5027833 0.580832 0.5087305 0.5905018 0.5198758 0.5883294 0.5027833 0.5720445 0.4895827 0.5690807 0.5031725 0.5690807 0.5031725 0.580832 0.5087305 0.5883294 0.5027833 0.5479117 0.5018777 0.5493254 0.5124593 0.5673272 0.5123816 0.5673272 0.5123816 0.5690807 0.5031725 0.5479117 0.5018777 0.583076 0.5223044 0.5836525 0.5315867 0.5879455 0.5319162 0.5879455 0.5319162 0.5905018 0.5198758 0.583076 0.5223044 0.5761238 0.5163577 0.583076 0.5223044 0.5905018 0.5198758 0.5905018 0.5198758 0.580832 0.5087305 0.5761238 0.5163577 0.580832 0.5087305 0.5690807 0.5031725 0.5673272 0.5123816 0.5673272 0.5123816 0.5761238 0.5163577 0.580832 0.5087305 0.579961 0.5237958 0.5801164 0.5307575 0.5836525 0.5315867 0.5836525 0.5315867 0.583076 0.5223044 0.579961 0.5237958 0.56624 0.5166918 0.5673272 0.5123816 0.5493254 0.5124593 0.5493254 0.5124593 0.5483562 0.5178143 0.56624 0.5166918 0.5740838 0.5198111 0.579961 0.5237958 0.583076 0.5223044 0.583076 0.5223044 0.5761238 0.5163577 0.5740838 0.5198111 0.5761238 0.5163577 0.5673272 0.5123816 0.56624 0.5166918 0.56624 0.5166918 0.5740838 0.5198111 0.5761238 0.5163577 0.6094067 0.5417984 0.6188145 0.5634269 0.6324452 0.5535298 0.6324452 0.5535298 0.6276913 0.5388697 0.6094067 0.5417984 0.3849491 0.5467529 0.3987695 0.544518 0.391463 0.5308989 0.391463 0.5308989 0.3802924 0.5376317 0.3849491 0.5467529 0.3613287 0.5592113 0.3757524 0.5719329 0.3849491 0.5467529 0.3849491 0.5467529 0.3742712 0.5428176 0.3613287 0.5592113 0.3742712 0.5428176 0.3849491 0.5467529 0.3802924 0.5376317 0.3802924 0.5376317 0.375194 0.5358814 0.3742712 0.5428176 0.391463 0.5308989 0.3852738 0.5126175 0.3748275 0.5155756 0.3748275 0.5155756 0.3802924 0.5376317 0.391463 0.5308989 0.3490339 0.5554587 0.3613287 0.5592113 0.3742712 0.5428176 0.3742712 0.5428176 0.3605957 0.5299513 0.3490339 0.5554587 0.3605957 0.5299513 0.3742712 0.5428176 0.375194 0.5358814 0.375194 0.5358814 0.3663993 0.5150367 0.3605957 0.5299513 0.6276913 0.5388697 0.6324452 0.5535298 0.6436806 0.5523827 0.6436806 0.5523827 0.63837 0.5296527 0.6276913 0.5388697 0.5976132 0.5323624 0.6094067 0.5417984 0.6118858 0.5318442 0.6118858 0.5318442 0.6001079 0.5168552 0.5976132 0.5323624 0.6118858 0.5318442 0.6094067 0.5417984 0.6276913 0.5388697 0.6276913 0.5388697 0.6239215 0.5288106 0.6118858 0.5318442 0.63837 0.5296527 0.6436806 0.5523827 0.6711499 0.5527339 0.6711499 0.5527339 0.6696651 0.5286464 0.63837 0.5296527 0.7654355 0.4887176 0.7776524 0.5029193 0.8016299 0.4872021 0.8016299 0.4872021 0.7934307 0.4701403 0.7654355 0.4887176 0.8153284 0.5028088 0.8016299 0.4872021 0.7776524 0.5029193 0.7776524 0.5029193 0.7920177 0.5207058 0.8153284 0.5028088 0.7920177 0.5207058 0.7776524 0.5029193 0.7627729 0.5135965 0.7627729 0.5135965 0.7795274 0.5287553 0.7920177 0.5207058 0.7627729 0.5135965 0.7498806 0.527352 0.7694078 0.5353286 0.7694078 0.5353286 0.7795274 0.5287553 0.7627729 0.5135965 0.1876651 0.4897903 0.210694 0.5068495 0.2237017 0.4916191 0.2237017 0.4916191 0.2014579 0.4756856 0.1876651 0.4897903 0.210694 0.5068495 0.220854 0.5158257 0.2376664 0.5031414 0.2376664 0.5031414 0.2237017 0.4916191 0.210694 0.5068495 0.2285798 0.5236134 0.2485086 0.5182893 0.2376664 0.5031414 0.2376664 0.5031414 0.220854 0.5158257 0.2285798 0.5236134 0.2014579 0.4756856 0.2237017 0.4916191 0.2349524 0.4779151 0.2349524 0.4779151 0.2081429 0.4593992 0.2014579 0.4756856 0.7513129 0.5049008 0.7627729 0.5135965 0.7776524 0.5029193 0.7776524 0.5029193 0.7654355 0.4887176 0.7513129 0.5049008 0.7514151 0.4707384 0.7654355 0.4887176 0.7934307 0.4701403 0.7934307 0.4701403 0.7874777 0.4526237 0.7514151 0.4707384 0.7437914 0.4603367 0.7514151 0.4707384 0.7874777 0.4526237 0.7874777 0.4526237 0.7806705 0.4357061 0.7437914 0.4603367 0.7383645 0.4473699 0.7437914 0.4603367 0.7806705 0.4357061 0.7806705 0.4357061 0.7763969 0.4190077 0.7383645 0.4473699 0.7763969 0.4190077 0.7679299 0.4058743 0.7334741 0.4401871 0.7334741 0.4401871 0.7383645 0.4473699 0.7763969 0.4190077 0.2636979 0.4370937 0.2280289 0.4034246 0.2190415 0.4227033 0.2190415 0.4227033 0.2545381 0.4489111 0.2636979 0.4370937 0.2545381 0.4489111 0.2190415 0.4227033 0.2113804 0.439516 0.2113804 0.439516 0.2474682 0.4604588 0.2545381 0.4489111 0.2081429 0.4593992 0.2349524 0.4779151 0.2474682 0.4604588 0.2474682 0.4604588 0.2113804 0.439516 0.2081429 0.4593992 0.2237017 0.4916191 0.2376664 0.5031414 0.2502045 0.4941725 0.2502045 0.4941725 0.2349524 0.4779151 0.2237017 0.4916191 0.7498806 0.527352 0.7627729 0.5135965 0.7513129 0.5049008 0.7513129 0.5049008 0.7327317 0.5181626 0.7498806 0.527352 0.7301055 0.5472198 0.7479305 0.5506051 0.7498806 0.527352 0.7498806 0.527352 0.7327317 0.5181626 0.7301055 0.5472198 0.7022313 0.5306664 0.6946895 0.5639041 0.7301055 0.5472198 0.7301055 0.5472198 0.7327317 0.5181626 0.7022313 0.5306664 0.7346673 0.4884924 0.7513129 0.5049008 0.7654355 0.4887176 0.7654355 0.4887176 0.7514151 0.4707384 0.7346673 0.4884924 0.7346673 0.4884924 0.7514151 0.4707384 0.7437914 0.4603367 0.7437914 0.4603367 0.7242408 0.4779213 0.7346673 0.4884924 0.717179 0.4692775 0.7242408 0.4779213 0.7437914 0.4603367 0.7437914 0.4603367 0.7383645 0.4473699 0.717179 0.4692775 0.7133613 0.4622027 0.717179 0.4692775 0.7383645 0.4473699 0.7383645 0.4473699 0.7334741 0.4401871 0.7133613 0.4622027 0.284993 0.4607427 0.2636979 0.4370937 0.2545381 0.4489111 0.2545381 0.4489111 0.2741551 0.4727813 0.284993 0.4607427 0.2741551 0.4727813 0.2545381 0.4489111 0.2474682 0.4604588 0.2474682 0.4604588 0.2638312 0.481858 0.2741551 0.4727813 0.2638312 0.481858 0.2474682 0.4604588 0.2349524 0.4779151 0.2349524 0.4779151 0.2502045 0.4941725 0.2638312 0.481858 0.2485086 0.5182893 0.247204 0.5418379 0.2650535 0.5405654 0.2650535 0.5405654 0.2643671 0.5111542 0.2485086 0.5182893 0.2502045 0.4941725 0.2376664 0.5031414 0.2485086 0.5182893 0.2485086 0.5182893 0.2643671 0.5111542 0.2502045 0.4941725 0.7022313 0.5306664 0.7327317 0.5181626 0.7228433 0.5001556 0.7228433 0.5001556 0.693187 0.5072523 0.7022313 0.5306664 0.7513129 0.5049008 0.7346673 0.4884924 0.7228433 0.5001556 0.7228433 0.5001556 0.7327317 0.5181626 0.7513129 0.5049008 0.693187 0.5072523 0.7228433 0.5001556 0.7137246 0.4879098 0.7137246 0.4879098 0.692853 0.4919133 0.693187 0.5072523 0.7228433 0.5001556 0.7346673 0.4884924 0.7242408 0.4779213 0.7242408 0.4779213 0.7137246 0.4879098 0.7228433 0.5001556 0.692853 0.4919133 0.7137246 0.4879098 0.7067368 0.4766096 0.7067368 0.4766096 0.6947924 0.4815015 0.692853 0.4919133 0.7137246 0.4879098 0.7242408 0.4779213 0.717179 0.4692775 0.717179 0.4692775 0.7067368 0.4766096 0.7137246 0.4879098 0.7043161 0.4696307 0.7067368 0.4766096 0.717179 0.4692775 0.717179 0.4692775 0.7133613 0.4622027 0.7043161 0.4696307 0.2836959 0.4817153 0.2958608 0.47109 0.284993 0.4607427 0.284993 0.4607427 0.2741551 0.4727813 0.2836959 0.4817153 0.2836959 0.4817153 0.2741551 0.4727813 0.2638312 0.481858 0.2638312 0.481858 0.2713397 0.4945838 0.2836959 0.4817153 0.2713397 0.4945838 0.2638312 0.481858 0.2502045 0.4941725 0.2502045 0.4941725 0.2643671 0.5111542 0.2713397 0.4945838 0.294366 0.5267044 0.2643671 0.5111542 0.2650535 0.5405654 0.2650535 0.5405654 0.2905397 0.5491758 0.294366 0.5267044 0.6976034 0.4748966 0.6947924 0.4815015 0.7067368 0.4766096 0.7067368 0.4766096 0.7043161 0.4696307 0.6976034 0.4748966 0.3054066 0.4860966 0.3075691 0.4737619 0.2958608 0.47109 0.2958608 0.47109 0.2836959 0.4817153 0.3054066 0.4860966 0.2973355 0.5092009 0.3054066 0.4860966 0.2836959 0.4817153 0.2836959 0.4817153 0.2713397 0.4945838 0.2973355 0.5092009 0.2973355 0.5092009 0.2713397 0.4945838 0.2643671 0.5111542 0.2643671 0.5111542 0.294366 0.5267044 0.2973355 0.5092009 0.3298572 0.5308823 0.3224893 0.5534155 0.3490339 0.5554587 0.3490339 0.5554587 0.3605957 0.5299513 0.3298572 0.5308823 0.6741105 0.4650491 0.6947924 0.4815015 0.6976034 0.4748966 0.6976034 0.4748966 0.6879711 0.459016 0.6741105 0.4650491 0.4880827 0.4814251 0.5037277 0.4840779 0.5018673 0.4618599 0.5018673 0.4618599 0.4882411 0.4630469 0.4880827 0.4814251 0.5224583 0.4861485 0.5366603 0.4861324 0.5382977 0.4684055 0.5382977 0.4684055 0.5227481 0.463765 0.5224583 0.4861485 0.5037277 0.4840779 0.5224583 0.4861485 0.5227481 0.463765 0.5227481 0.463765 0.5018673 0.4618599 0.5037277 0.4840779 0.6633271 0.4766834 0.692853 0.4919133 0.6947924 0.4815015 0.6947924 0.4815015 0.6741105 0.4650491 0.6633271 0.4766834 0.3317661 0.4730925 0.3243058 0.464352 0.3075691 0.4737619 0.3075691 0.4737619 0.3054066 0.4860966 0.3317661 0.4730925 0.5382977 0.4684055 0.5366603 0.4861324 0.5485162 0.4890149 0.5485162 0.4890149 0.5523893 0.4714397 0.5382977 0.4684055 0.6618855 0.4154962 0.6493991 0.4189594 0.6418657 0.4290978 0.6418657 0.4290978 0.6671276 0.4412822 0.6618855 0.4154962 0.6671276 0.4412822 0.6827777 0.4383229 0.6786529 0.412555 0.6786529 0.412555 0.6618855 0.4154962 0.6671276 0.4412822 0.3371818 0.4139836 0.3270245 0.4127987 0.3158469 0.4136704 0.3158469 0.4136704 0.3209764 0.441352 0.3371818 0.4139836 0.4750072 0.4749495 0.4880827 0.4814251 0.4882411 0.4630469 0.4882411 0.4630469 0.4751374 0.4642667 0.4750072 0.4749495 0.6741105 0.4650491 0.6879711 0.459016 0.6827777 0.4383229 0.6827777 0.4383229 0.6671276 0.4412822 0.6741105 0.4650491 0.4558195 0.4740843 0.4750072 0.4749495 0.4751374 0.4642667 0.4751374 0.4642667 0.452993 0.4683689 0.4558195 0.4740843 0.5523893 0.4714397 0.5485162 0.4890149 0.5720445 0.4895827 0.5720445 0.4895827 0.5752248 0.4804844 0.5523893 0.4714397 0.6741105 0.4650491 0.6671276 0.4412822 0.650184 0.4619528 0.650184 0.4619528 0.6633271 0.4766834 0.6741105 0.4650491 0.3852738 0.5126175 0.393472 0.4904952 0.3882719 0.4893 0.3882719 0.4893 0.3748275 0.5155756 0.3852738 0.5126175 0.4324017 0.477212 0.4558195 0.4740843 0.452993 0.4683689 0.452993 0.4683689 0.4315338 0.4743081 0.4324017 0.477212 0.3633171 0.4391996 0.3512605 0.4255729 0.341888 0.4515667 0.393472 0.4904952 0.4324017 0.477212 0.4315338 0.4743081 0.4315338 0.4743081 0.3882719 0.4893 0.393472 0.4904952 0.341888 0.4515667 0.3563811 0.4809939 0.3696901 0.4754701 0.3696901 0.4754701 0.3633171 0.4391996 0.341888 0.4515667 0.341888 0.4515667 0.3209764 0.441352 0.3243058 0.464352 0.3243058 0.464352 0.3317661 0.4730925 0.341888 0.4515667 0.3512605 0.4255729 0.3371818 0.4139836 0.3209764 0.441352 0.3209764 0.441352 0.341888 0.4515667 0.3512605 0.4255729 0.6001079 0.5168552 0.6118858 0.5318442 0.6008051 0.4911904 0.6008051 0.4911904 0.5883294 0.5027833 0.6001079 0.5168552 0.6008051 0.4911904 0.5752248 0.4804844 0.5720445 0.4895827 0.5720445 0.4895827 0.5883294 0.5027833 0.6008051 0.4911904 0.650184 0.4619528 0.6317861 0.448014 0.6299787 0.4724094 0.6299787 0.4724094 0.6326889 0.4973579 0.6442113 0.4987258 0.6442113 0.4987258 0.650184 0.4619528 0.6299787 0.4724094 0.650184 0.4619528 0.6671276 0.4412822 0.6418657 0.4290978 0.6418657 0.4290978 0.6317861 0.448014 0.650184 0.4619528 0.3644589 0.4992396 0.3696901 0.4754701 0.3563811 0.4809939 0.3563811 0.4809939 0.3333511 0.4902051 0.3644589 0.4992396 0.3333511 0.4902051 0.3317661 0.4730925 0.3054066 0.4860966 0.3054066 0.4860966 0.2973355 0.5092009 0.3333511 0.4902051 0.3563811 0.4809939 0.341888 0.4515667 0.3317661 0.4730925 0.3317661 0.4730925 0.3333511 0.4902051 0.3563811 0.4809939 0.6008051 0.4911904 0.6118858 0.5318442 0.6321313 0.509886 0.6321313 0.509886 0.6236147 0.5041121 0.6008051 0.4911904 0.6442113 0.4987258 0.6326889 0.4973579 0.6321313 0.509886 0.6321313 0.509886 0.6622845 0.5076973 0.6442113 0.4987258 0.6622845 0.5076973 0.693187 0.5072523 0.692853 0.4919133 0.692853 0.4919133 0.6633271 0.4766834 0.6622845 0.5076973 0.6633271 0.4766834 0.650184 0.4619528 0.6442113 0.4987258 0.6442113 0.4987258 0.6622845 0.5076973 0.6633271 0.4766834 0.6711499 0.5527339 0.6946895 0.5639041 0.7022313 0.5306664 0.7022313 0.5306664 0.6696651 0.5286464 0.6711499 0.5527339 0.6696651 0.5286464 0.7022313 0.5306664 0.693187 0.5072523 0.693187 0.5072523 0.6622845 0.5076973 0.6696651 0.5286464 0.6376852 0.5173878 0.63837 0.5296527 0.6696651 0.5286464 0.6622845 0.5076973 0.6321313 0.509886 0.6376852 0.5173878 0.6376852 0.5173878 0.6696651 0.5286464 0.6622845 0.5076973 0.6239215 0.5288106 0.6276913 0.5388697 0.63837 0.5296527 0.63837 0.5296527 0.6376852 0.5173878 0.6239215 0.5288106 0.6321313 0.509886 0.6118858 0.5318442 0.6239215 0.5288106 0.6239215 0.5288106 0.6376852 0.5173878 0.6321313 0.509886 0.294366 0.5267044 0.2905397 0.5491758 0.3224893 0.5534155 0.3224893 0.5534155 0.3298572 0.5308823 0.294366 0.5267044 0.2973355 0.5092009 0.294366 0.5267044 0.3298572 0.5308823 0.3298572 0.5308823 0.3333511 0.4902051 0.2973355 0.5092009 0.3298572 0.5308823 0.3605957 0.5299513 0.3663993 0.5150367 0.3644589 0.4992396 0.3333511 0.4902051 0.3298572 0.5308823 0.3298572 0.5308823 0.3663993 0.5150367 0.3644589 0.4992396 0.375194 0.5358814 0.3802924 0.5376317 0.3748275 0.5155756 0.3748275 0.5155756 0.3663993 0.5150367 0.375194 0.5358814 0.3748275 0.5155756 0.3882719 0.4893 0.3644589 0.4992396 0.3644589 0.4992396 0.3663993 0.5150367 0.3748275 0.5155756 0.5014822 0.532854 0.5000234 0.5406772 0.5254221 0.5425103 0.5254221 0.5425103 0.5264968 0.5347037 0.5014822 0.532854 0.480037 0.5419291 0.5000234 0.5406772 0.5014822 0.532854 0.5014822 0.532854 0.4769266 0.533053 0.480037 0.5419291 0.4625932 0.5394313 0.480037 0.5419291 0.4769266 0.533053 0.4769266 0.533053 0.465393 0.5321762 0.4625932 0.5394313 0.4455683 0.536958 0.4625932 0.5394313 0.465393 0.5321762 0.465393 0.5321762 0.446893 0.5295876 0.4455683 0.536958 0.4281451 0.5309986 0.4455683 0.536958 0.446893 0.5295876 0.446893 0.5295876 0.4314224 0.5257818 0.4281451 0.5309986 0.4281451 0.5309986 0.4314224 0.5257818 0.4230008 0.5189375 0.4230008 0.5189375 0.4195179 0.5205714 0.4281451 0.5309986 0.4195179 0.5205714 0.4230008 0.5189375 0.4227545 0.5119993 0.4227545 0.5119993 0.4148299 0.508331 0.4195179 0.5205714 0.4148299 0.508331 0.4227545 0.5119993 0.4260038 0.5062239 0.4260038 0.5062239 0.4201279 0.500072 0.4148299 0.508331 0.4201279 0.500072 0.4260038 0.5062239 0.4367888 0.5020076 0.4367888 0.5020076 0.4342353 0.4940139 0.4201279 0.500072 0.4477453 0.4954773 0.4342353 0.4940139 0.4367888 0.5020076 0.4367888 0.5020076 0.4489514 0.5019464 0.4477453 0.4954773 0.4477453 0.4954773 0.4489514 0.5019464 0.4593925 0.5049674 0.4593925 0.5049674 0.4634575 0.4972414 0.4477453 0.4954773 0.5264968 0.5347037 0.5254221 0.5425103 0.5496061 0.5421761 0.5496061 0.5421761 0.5514705 0.5355213 0.5264968 0.5347037 0.5514705 0.5355213 0.5496061 0.5421761 0.5661308 0.5406452 0.5661308 0.5406452 0.5648866 0.5339317 0.5514705 0.5355213 0.5648866 0.5339317 0.5661308 0.5406452 0.5801164 0.5307575 0.5801164 0.5307575 0.5764592 0.5289384 0.5648866 0.5339317 0.5801164 0.5307575 0.579961 0.5237958 0.5762081 0.5262129 0.5762081 0.5262129 0.5764592 0.5289384 0.5801164 0.5307575 0.579961 0.5237958 0.5740838 0.5198111 0.5714799 0.5240751 0.5714799 0.5240751 0.5762081 0.5262129 0.579961 0.5237958 0.5740838 0.5198111 0.56624 0.5166918 0.5647037 0.5226203 0.5647037 0.5226203 0.5714799 0.5240751 0.5740838 0.5198111 0.5647037 0.5226203 0.56624 0.5166918 0.5483562 0.5178143 0.5483562 0.5178143 0.5501219 0.5217553 0.5647037 0.5226203 0.5483562 0.5178143 0.5323478 0.5159556 0.5324125 0.520434 0.5324125 0.520434 0.5501219 0.5217553 0.5483562 0.5178143 0.5324125 0.520434 0.5323478 0.5159556 0.5166988 0.5143496 0.5166988 0.5143496 0.5160415 0.5197765 0.5324125 0.520434 0.5166988 0.5143496 0.4969473 0.5107215 0.4971064 0.5149381 0.4971064 0.5149381 0.5160415 0.5197765 0.5166988 0.5143496 0.4969473 0.5107215 0.4806237 0.5049399 0.4796407 0.5091155 0.4796407 0.5091155 0.4971064 0.5149381 0.4969473 0.5107215 0.4806237 0.5049399 0.4634575 0.4972414 0.4593925 0.5049674 0.4593925 0.5049674 0.4796407 0.5091155 0.4806237 0.5049399 0.4314813 0.9316745 0.4230902 0.9391034 0.435563 0.9497066 0.435563 0.9497066 0.4428328 0.938625 0.4314813 0.9316745 0.4242383 0.9231033 0.4111353 0.9293262 0.4230902 0.9391034 0.4230902 0.9391034 0.4314813 0.9316745 0.4242383 0.9231033 0.6319407 0.9429048 0.6223758 0.9317373 0.6112642 0.939325 0.6112642 0.939325 0.6215659 0.9549377 0.6319407 0.9429048 0.5879793 0.967672 0.6058081 0.9695709 0.5983787 0.9518749 0.5983787 0.9518749 0.5874713 0.9516798 0.5879793 0.967672 0.5879793 0.967672 0.5874713 0.9516798 0.5692134 0.953386 0.5692134 0.953386 0.5727518 0.9732767 0.5879793 0.967672 0.5727518 0.9732767 0.5692134 0.953386 0.5570768 0.959349 0.5570768 0.959349 0.5624042 0.9757408 0.5727518 0.9732767 0.5624042 0.9757408 0.5570768 0.959349 0.5480077 0.9664549 0.5480077 0.9664549 0.5547809 0.9812838 0.5624042 0.9757408 0.543026 0.9926578 0.5391431 0.9758526 0.532647 0.9811583 0.532647 0.9811583 0.5368688 0.9936763 0.543026 0.9926578 0.5258516 0.9823172 0.5246952 0.9965156 0.5368688 0.9936763 0.5368688 0.9936763 0.532647 0.9811583 0.5258516 0.9823172 0.5137698 0.9933415 0.5246952 0.9965156 0.5258516 0.9823172 0.5258516 0.9823172 0.5176061 0.9799336 0.5137698 0.9933415 0.5009648 0.9879917 0.5137698 0.9933415 0.5176061 0.9799336 0.5176061 0.9799336 0.5031412 0.9727945 0.5009648 0.9879917 0.4890866 0.9876812 0.5009648 0.9879917 0.5031412 0.9727945 0.5031412 0.9727945 0.4909536 0.9664795 0.4890866 0.9876812 0.4791124 0.980409 0.4890866 0.9876812 0.4909536 0.9664795 0.4909536 0.9664795 0.48497 0.9627948 0.4791124 0.980409 0.4641999 0.9638027 0.4683389 0.9683889 0.4736548 0.9579078 0.4736548 0.9579078 0.468423 0.9526851 0.4641999 0.9638027 0.4572086 0.9606751 0.4641999 0.9638027 0.468423 0.9526851 0.468423 0.9526851 0.4637408 0.9489161 0.4572086 0.9606751 0.4527706 0.9430455 0.4448577 0.9545161 0.4572086 0.9606751 0.4572086 0.9606751 0.4637408 0.9489161 0.4527706 0.9430455 0.4428328 0.938625 0.435563 0.9497066 0.4448577 0.9545161 0.4448577 0.9545161 0.4527706 0.9430455 0.4428328 0.938625 0.5391431 0.9758526 0.543026 0.9926578 0.5491043 0.9887748 0.5491043 0.9887748 0.5428023 0.971503 0.5391431 0.9758526 0.5547809 0.9812838 0.5480077 0.9664549 0.5428023 0.971503 0.5428023 0.971503 0.5491043 0.9887748 0.5547809 0.9812838 0.471655 0.972798 0.4791124 0.980409 0.48497 0.9627948 0.48497 0.9627948 0.4787727 0.9612669 0.471655 0.972798 0.4787727 0.9612669 0.4736548 0.9579078 0.4683389 0.9683889 0.4683389 0.9683889 0.471655 0.972798 0.4787727 0.9612669 0.5983787 0.9518749 0.6058081 0.9695709 0.6146984 0.9583936 0.6146984 0.9583936 0.6080327 0.9474695 0.5983787 0.9518749 0.6215659 0.9549377 0.6112642 0.939325 0.6080327 0.9474695 0.6080327 0.9474695 0.6146984 0.9583936 0.6215659 0.9549377 0.4440723 0.9243859 0.4314813 0.9316745 0.4428328 0.938625 0.4428328 0.938625 0.4505435 0.9317227 0.4440723 0.9243859 0.4314813 0.9316745 0.4440723 0.9243859 0.4416735 0.9172973 0.4416735 0.9172973 0.4242383 0.9231033 0.4314813 0.9316745 0.6112642 0.939325 0.6223758 0.9317373 0.6081905 0.9211346 0.6081905 0.9211346 0.6011384 0.9312323 0.6112642 0.939325 0.6080327 0.9474695 0.6112642 0.939325 0.6011384 0.9312323 0.5914458 0.9399047 0.5983787 0.9518749 0.6080327 0.9474695 0.6080327 0.9474695 0.6011384 0.9312323 0.5914458 0.9399047 0.5874713 0.9516798 0.5983787 0.9518749 0.5914458 0.9399047 0.5914458 0.9399047 0.578934 0.9410338 0.5874713 0.9516798 0.5692134 0.953386 0.5874713 0.9516798 0.578934 0.9410338 0.578934 0.9410338 0.5685457 0.941585 0.5692134 0.953386 0.5692134 0.953386 0.5685457 0.941585 0.5538092 0.9493586 0.5538092 0.9493586 0.5570768 0.959349 0.5692134 0.953386 0.5570768 0.959349 0.5538092 0.9493586 0.542259 0.9583322 0.542259 0.9583322 0.5480077 0.9664549 0.5570768 0.959349 0.5428023 0.971503 0.5480077 0.9664549 0.542259 0.9583322 0.5358427 0.9646812 0.5391431 0.9758526 0.5428023 0.971503 0.5428023 0.971503 0.542259 0.9583322 0.5358427 0.9646812 0.5391431 0.9758526 0.5358427 0.9646812 0.5278194 0.9692814 0.5278194 0.9692814 0.532647 0.9811583 0.5391431 0.9758526 0.5258516 0.9823172 0.532647 0.9811583 0.5278194 0.9692814 0.5182409 0.9719994 0.5176061 0.9799336 0.5258516 0.9823172 0.5258516 0.9823172 0.5278194 0.9692814 0.5182409 0.9719994 0.5031412 0.9727945 0.5176061 0.9799336 0.5182409 0.9719994 0.5182409 0.9719994 0.5059869 0.963303 0.5031412 0.9727945 0.4909536 0.9664795 0.5031412 0.9727945 0.5059869 0.963303 0.5059869 0.963303 0.497811 0.954235 0.4909536 0.9664795 0.4909536 0.9664795 0.497811 0.954235 0.4907088 0.9520731 0.4907088 0.9520731 0.48497 0.9627948 0.4909536 0.9664795 0.48497 0.9627948 0.4907088 0.9520731 0.4805338 0.9509835 0.4805338 0.9509835 0.4787727 0.9612669 0.48497 0.9627948 0.4805338 0.9509835 0.4736548 0.9579078 0.4787727 0.9612669 0.468423 0.9526851 0.4736548 0.9579078 0.4805338 0.9509835 0.4805338 0.9509835 0.4732943 0.9432851 0.468423 0.9526851 0.4637408 0.9489161 0.468423 0.9526851 0.4732943 0.9432851 0.4732943 0.9432851 0.4682119 0.9399951 0.4637408 0.9489161 0.4637408 0.9489161 0.4682119 0.9399951 0.461164 0.9358183 0.461164 0.9358183 0.4527706 0.9430455 0.4637408 0.9489161 0.4505435 0.9317227 0.4428328 0.938625 0.4527706 0.9430455 0.4527706 0.9430455 0.461164 0.9358183 0.4505435 0.9317227 0.4689205 0.9219458 0.4505435 0.9317227 0.461164 0.9358183 0.461164 0.9358183 0.4715456 0.9254133 0.4689205 0.9219458 0.4416735 0.9172973 0.4440723 0.9243859 0.46667 0.9157294 0.46667 0.9157294 0.4440723 0.9243859 0.4505435 0.9317227 0.4505435 0.9317227 0.4689205 0.9219458 0.46667 0.9157294 0.6081905 0.9211346 0.5882095 0.9109182 0.5835886 0.9197087 0.5835886 0.9197087 0.6011384 0.9312323 0.6081905 0.9211346 0.5835886 0.9197087 0.5882095 0.9109182 0.5566368 0.8977674 0.5914458 0.9399047 0.6011384 0.9312323 0.5835886 0.9197087 0.5835886 0.9197087 0.5796313 0.9265984 0.5914458 0.9399047 0.5566368 0.8977674 0.5508385 0.9021375 0.5796313 0.9265984 0.5796313 0.9265984 0.5835886 0.9197087 0.5566368 0.8977674 0.578934 0.9410338 0.5914458 0.9399047 0.5796313 0.9265984 0.5796313 0.9265984 0.5724359 0.9320418 0.578934 0.9410338 0.5685457 0.941585 0.578934 0.9410338 0.5724359 0.9320418 0.5724359 0.9320418 0.5623893 0.9360905 0.5685457 0.941585 0.5538092 0.9493586 0.5685457 0.941585 0.5623893 0.9360905 0.5623893 0.9360905 0.5502348 0.9386662 0.5538092 0.9493586 0.5724359 0.9320418 0.5796313 0.9265984 0.5508385 0.9021375 0.5508385 0.9021375 0.5461584 0.9069322 0.5724359 0.9320418 0.5623893 0.9360905 0.5724359 0.9320418 0.5461584 0.9069322 0.5502348 0.9386662 0.5623893 0.9360905 0.5461584 0.9069322 0.5461584 0.9069322 0.5390723 0.9086177 0.5502348 0.9386662 0.5538092 0.9493586 0.5502348 0.9386662 0.5388667 0.9474828 0.5388667 0.9474828 0.542259 0.9583322 0.5538092 0.9493586 0.5502348 0.9386662 0.5390723 0.9086177 0.533153 0.9136539 0.533153 0.9136539 0.5388667 0.9474828 0.5502348 0.9386662 0.542259 0.9583322 0.5388667 0.9474828 0.5335148 0.9545964 0.5335148 0.9545964 0.5358427 0.9646812 0.542259 0.9583322 0.5358427 0.9646812 0.5335148 0.9545964 0.5292854 0.9579624 0.5292854 0.9579624 0.5278194 0.9692814 0.5358427 0.9646812 0.5278194 0.9692814 0.5292854 0.9579624 0.5249104 0.9538634 0.5249104 0.9538634 0.5182409 0.9719994 0.5278194 0.9692814 0.5182409 0.9719994 0.5249104 0.9538634 0.5148676 0.945721 0.5249104 0.9538634 0.5292854 0.9579624 0.5268808 0.9159155 0.5388667 0.9474828 0.533153 0.9136539 0.5268808 0.9159155 0.5268808 0.9159155 0.5335148 0.9545964 0.5388667 0.9474828 0.5292854 0.9579624 0.5335148 0.9545964 0.5268808 0.9159155 0.5148676 0.945721 0.5249104 0.9538634 0.5268808 0.9159155 0.5268808 0.9159155 0.5197606 0.9162648 0.5148676 0.945721 0.5059869 0.963303 0.5182409 0.9719994 0.5148676 0.945721 0.5148676 0.945721 0.5077131 0.9448421 0.5059869 0.963303 0.497811 0.954235 0.5059869 0.963303 0.5077131 0.9448421 0.497811 0.954235 0.5077131 0.9448421 0.4972779 0.9393792 0.4972779 0.9393792 0.4907088 0.9520731 0.497811 0.954235 0.4907088 0.9520731 0.4972779 0.9393792 0.4897128 0.936469 0.4897128 0.936469 0.4805338 0.9509835 0.4907088 0.9520731 0.5077131 0.9448421 0.5148676 0.945721 0.5197606 0.9162648 0.5197606 0.9162648 0.5136305 0.9146452 0.5077131 0.9448421 0.4972779 0.9393792 0.5077131 0.9448421 0.5136305 0.9146452 0.5085774 0.9134845 0.4897128 0.936469 0.4972779 0.9393792 0.4972779 0.9393792 0.5136305 0.9146452 0.5085774 0.9134845 0.4732943 0.9432851 0.4805338 0.9509835 0.4897128 0.936469 0.4897128 0.936469 0.4822768 0.9319402 0.4732943 0.9432851 0.4715456 0.9254133 0.461164 0.9358183 0.4682119 0.9399951 0.4682119 0.9399951 0.4758782 0.9289836 0.4715456 0.9254133 0.4732943 0.9432851 0.4822768 0.9319402 0.4758782 0.9289836 0.4758782 0.9289836 0.4682119 0.9399951 0.4732943 0.9432851 0.4897128 0.936469 0.5085774 0.9134845 0.5038864 0.9110391 0.5038864 0.9110391 0.4822768 0.9319402 0.4897128 0.936469 0.5004021 0.9087476 0.4715456 0.9254133 0.4758782 0.9289836 0.4758782 0.9289836 0.5038864 0.9110391 0.5004021 0.9087476 0.4689205 0.9219458 0.4715456 0.9254133 0.5004021 0.9087476 0.46667 0.9157294 0.4689205 0.9219458 0.5004021 0.9087476 0.5004021 0.9087476 0.500038 0.9036974 0.46667 0.9157294 0.4758782 0.9289836 0.4822768 0.9319402 0.5038864 0.9110391 0.4039669 0.8068174 0.4039646 0.7780954 0.3863028 0.7916633 0.4395747 0.8044047 0.4039646 0.7780954 0.4039669 0.8068174 0.4039669 0.8068174 0.4314693 0.8213539 0.4395747 0.8044047 0.4587838 0.8328064 0.4626815 0.8091738 0.4395747 0.8044047 0.4395747 0.8044047 0.4314693 0.8213539 0.4587838 0.8328064 0.5431641 0.8322864 0.50228 0.8495643 0.5363991 0.8729079 0.5363991 0.8729079 0.5634122 0.8495185 0.5431641 0.8322864 0.584222 0.9024145 0.6165272 0.9214457 0.6286626 0.899603 0.6286626 0.899603 0.5966847 0.878589 0.584222 0.9024145 0.5966847 0.878589 0.6286626 0.899603 0.6410045 0.872838 0.6410045 0.872838 0.6133394 0.8529242 0.5966847 0.878589 0.3589923 0.7494221 0.3426738 0.7770222 0.3863028 0.7916633 0.3863028 0.7916633 0.3992458 0.7573962 0.3589923 0.7494221 0.3426738 0.7770222 0.3387556 0.8320169 0.3788768 0.8225426 0.3788768 0.8225426 0.3863028 0.7916633 0.3426738 0.7770222 0.3387556 0.8320169 0.35182 0.8645268 0.3747232 0.84663 0.3747232 0.84663 0.3788768 0.8225426 0.3387556 0.8320169 0.35182 0.8645268 0.3662877 0.8846381 0.3761103 0.8688605 0.3761103 0.8688605 0.3747232 0.84663 0.35182 0.8645268 0.3662877 0.8846381 0.3815267 0.9098179 0.4052956 0.8888404 0.4052956 0.8888404 0.3761103 0.8688605 0.3662877 0.8846381 0.4052956 0.8888404 0.3815267 0.9098179 0.3970309 0.9302071 0.3970309 0.9302071 0.428698 0.9084056 0.4052956 0.8888404 0.4011648 0.8156083 0.3863028 0.7916633 0.3897985 0.8254069 0.4039669 0.8068174 0.3863028 0.7916633 0.4011648 0.8156083 0.4011648 0.8156083 0.4178363 0.8264819 0.4039669 0.8068174 0.4314693 0.8213539 0.4039669 0.8068174 0.4178363 0.8264819 0.4723913 0.8764798 0.50228 0.8495643 0.4587838 0.8328064 0.4587838 0.8328064 0.4375233 0.8501423 0.4723913 0.8764798 0.4375233 0.8501423 0.4587838 0.8328064 0.4314693 0.8213539 0.4314693 0.8213539 0.4178363 0.8264819 0.4375233 0.8501423 0.3897985 0.8254069 0.3863028 0.7916633 0.3788768 0.8225426 0.3899779 0.8450273 0.3897985 0.8254069 0.3788768 0.8225426 0.3788768 0.8225426 0.3747232 0.84663 0.3899779 0.8450273 0.3942515 0.8632745 0.3899779 0.8450273 0.3747232 0.84663 0.3747232 0.84663 0.3761103 0.8688605 0.3942515 0.8632745 0.3942515 0.8632745 0.3761103 0.8688605 0.4052956 0.8888404 0.4052956 0.8888404 0.4123083 0.8801906 0.3942515 0.8632745 0.4568315 0.8973231 0.4052956 0.8888404 0.428698 0.9084056 0.5634122 0.8495185 0.5363991 0.8729079 0.5646193 0.8825295 0.5646193 0.8825295 0.5966847 0.878589 0.5634122 0.8495185 0.4568315 0.8973231 0.4723913 0.8764798 0.4375233 0.8501423 0.4123083 0.8801906 0.4052956 0.8888404 0.4568315 0.8973231 0.5646193 0.8825295 0.584222 0.9024145 0.5966847 0.878589 0.4568315 0.8973231 0.4375233 0.8501423 0.4261824 0.8533334 0.4264254 0.8737433 0.4123083 0.8801906 0.4568315 0.8973231 0.4264254 0.8737433 0.4568315 0.8973231 0.4261824 0.8533334 0.411749 0.860423 0.4264254 0.8737433 0.4261824 0.8533334 0.411749 0.860423 0.3942515 0.8632745 0.4123083 0.8801906 0.4123083 0.8801906 0.4264254 0.8737433 0.411749 0.860423 0.4178363 0.8264819 0.4011648 0.8156083 0.4099357 0.8317902 0.4099357 0.8317902 0.4011648 0.8156083 0.3897985 0.8254069 0.3897985 0.8254069 0.4005212 0.8369563 0.4099357 0.8317902 0.4375233 0.8501423 0.4178363 0.8264819 0.4099357 0.8317902 0.4099357 0.8317902 0.4261824 0.8533334 0.4375233 0.8501423 0.4005212 0.8369563 0.411749 0.860423 0.4261824 0.8533334 0.4261824 0.8533334 0.4099357 0.8317902 0.4005212 0.8369563 0.4005212 0.8369563 0.3897985 0.8254069 0.3899779 0.8450273 0.3899779 0.8450273 0.3942515 0.8632745 0.411749 0.860423 0.411749 0.860423 0.4005212 0.8369563 0.3899779 0.8450273 0.5848891 0.831586 0.6232448 0.8133814 0.6017578 0.7899444 0.6017578 0.7899444 0.5693723 0.8186105 0.5848891 0.831586 0.6017578 0.7899444 0.5739454 0.7815043 0.5588852 0.8016308 0.5588852 0.8016308 0.5693723 0.8186105 0.6017578 0.7899444 0.557434 0.7505268 0.5277968 0.7521243 0.5323321 0.7813355 0.5323321 0.7813355 0.5561397 0.7820557 0.557434 0.7505268 0.5561397 0.7820557 0.5588852 0.8016308 0.5739454 0.7815043 0.5739454 0.7815043 0.557434 0.7505268 0.5561397 0.7820557 0.612177 0.6815441 0.5774809 0.6896039 0.5866617 0.7158597 0.5866617 0.7158597 0.6240987 0.6942921 0.612177 0.6815441 0.5277968 0.7521243 0.557434 0.7505268 0.5598507 0.7164269 0.5598507 0.7164269 0.5276483 0.7178179 0.5277968 0.7521243 0.5567225 0.6913108 0.5225979 0.6898293 0.5276483 0.7178179 0.5276483 0.7178179 0.5598507 0.7164269 0.5567225 0.6913108 0.5774809 0.6896039 0.5567225 0.6913108 0.5598507 0.7164269 0.5598507 0.7164269 0.5866617 0.7158597 0.5774809 0.6896039 0.63621 0.8345918 0.6534426 0.850722 0.670557 0.8100815 0.670557 0.8100815 0.6232448 0.8133814 0.63621 0.8345918 0.6219342 0.7882496 0.6017578 0.7899444 0.6232448 0.8133814 0.6232448 0.8133814 0.670557 0.8100815 0.6219342 0.7882496 0.5997876 0.7781135 0.6017578 0.7899444 0.6219342 0.7882496 0.5739454 0.7815043 0.6017578 0.7899444 0.5997876 0.7781135 0.5997876 0.7781135 0.5792284 0.769145 0.5739454 0.7815043 0.670557 0.8100815 0.6534426 0.850722 0.6820402 0.8592957 0.6820402 0.8592957 0.7118279 0.8217334 0.670557 0.8100815 0.670557 0.8100815 0.7118279 0.8217334 0.685321 0.7828563 0.685321 0.7828563 0.6525754 0.7665217 0.670557 0.8100815 0.6219342 0.7882496 0.670557 0.8100815 0.6353752 0.779461 0.670557 0.8100815 0.6525754 0.7665217 0.6463164 0.7746182 0.6353752 0.779461 0.670557 0.8100815 0.6463164 0.7746182 0.6525754 0.7665217 0.685321 0.7828563 0.6680517 0.7334315 0.6680517 0.7334315 0.6342813 0.739473 0.6525754 0.7665217 0.6342813 0.739473 0.6680517 0.7334315 0.656235 0.7065476 0.656235 0.7065476 0.6240987 0.6942921 0.6342813 0.739473 0.597558 0.7318537 0.6342813 0.739473 0.6240987 0.6942921 0.6240987 0.6942921 0.5866617 0.7158597 0.597558 0.7318537 0.5652933 0.7351176 0.597558 0.7318537 0.5866617 0.7158597 0.5866617 0.7158597 0.5598507 0.7164269 0.5652933 0.7351176 0.557434 0.7505268 0.5739454 0.7815043 0.5792284 0.769145 0.5792284 0.769145 0.5634078 0.7451594 0.557434 0.7505268 0.5652933 0.7351176 0.5598507 0.7164269 0.557434 0.7505268 0.557434 0.7505268 0.5634078 0.7451594 0.5652933 0.7351176 0.5710272 0.7424165 0.5652933 0.7351176 0.5634078 0.7451594 0.5634078 0.7451594 0.5792284 0.769145 0.5868245 0.7610056 0.5710272 0.7424165 0.5634078 0.7451594 0.5868245 0.7610056 0.5868245 0.7610056 0.5957265 0.7478637 0.5710272 0.7424165 0.597558 0.7318537 0.5652933 0.7351176 0.5710272 0.7424165 0.5710272 0.7424165 0.5957265 0.7478637 0.597558 0.7318537 0.6219342 0.7882496 0.6353752 0.779461 0.6097641 0.7693995 0.6097641 0.7693995 0.5997876 0.7781135 0.6219342 0.7882496 0.6353752 0.779461 0.6463164 0.7746182 0.6232025 0.7561005 0.6232025 0.7561005 0.6097641 0.7693995 0.6353752 0.779461 0.5868245 0.7610056 0.5792284 0.769145 0.5997876 0.7781135 0.5997876 0.7781135 0.6097641 0.7693995 0.5868245 0.7610056 0.5957265 0.7478637 0.5868245 0.7610056 0.6097641 0.7693995 0.6097641 0.7693995 0.6232025 0.7561005 0.5957265 0.7478637 0.6232025 0.7561005 0.6463164 0.7746182 0.6525754 0.7665217 0.6525754 0.7665217 0.6342813 0.739473 0.6232025 0.7561005 0.6232025 0.7561005 0.6342813 0.739473 0.597558 0.7318537 0.597558 0.7318537 0.5957265 0.7478637 0.6232025 0.7561005 0.4052621 0.720785 0.3992458 0.7573962 0.4346124 0.7556664 0.4346124 0.7556664 0.4324112 0.7180359 0.4052621 0.720785 0.4695265 0.6909639 0.4890565 0.6915486 0.4880534 0.6721007 0.4880534 0.6721007 0.4670341 0.664175 0.4695265 0.6909639 0.5085966 0.7545832 0.5049097 0.7173693 0.48911 0.7180058 0.48911 0.7180058 0.4859305 0.7544543 0.5085966 0.7545832 0.4679346 0.7536411 0.465426 0.7829685 0.4869639 0.7877009 0.4869639 0.7877009 0.4859305 0.7544543 0.4679346 0.7536411 0.4869639 0.7877009 0.5111553 0.7857483 0.5085966 0.7545832 0.5085966 0.7545832 0.4859305 0.7544543 0.4869639 0.7877009 0.4713895 0.7305181 0.4679346 0.7536411 0.4859305 0.7544543 0.4768835 0.7177935 0.4686969 0.716463 0.4713895 0.7305181 0.465426 0.7829685 0.4679346 0.7536411 0.4346124 0.7556664 0.4346124 0.7556664 0.4408321 0.7852805 0.465426 0.7829685 0.4679346 0.7536411 0.4713895 0.7305181 0.4578326 0.7290223 0.4578326 0.7290223 0.4346124 0.7556664 0.4679346 0.7536411 0.3992458 0.7573962 0.3863028 0.7916633 0.4039646 0.7780954 0.4039646 0.7780954 0.4346124 0.7556664 0.3992458 0.7573962 0.4039646 0.7780954 0.4395747 0.8044047 0.4408321 0.7852805 0.4408321 0.7852805 0.4346124 0.7556664 0.4039646 0.7780954 0.4578326 0.7290223 0.4713895 0.7305181 0.4686969 0.716463 0.4670341 0.664175 0.4351867 0.6653171 0.4347631 0.6943826 0.4347631 0.6943826 0.4695265 0.6909639 0.4670341 0.664175 0.4347631 0.6943826 0.4351867 0.6653171 0.420258 0.6694615 0.420258 0.6694615 0.4131472 0.6941281 0.4347631 0.6943826 0.4131472 0.6941281 0.4052621 0.720785 0.4324112 0.7180359 0.4324112 0.7180359 0.4347631 0.6943826 0.4131472 0.6941281 0.4347631 0.6943826 0.4324112 0.7180359 0.4604668 0.7141961 0.4578326 0.7290223 0.4686969 0.716463 0.4604668 0.7141961 0.4324112 0.7180359 0.4346124 0.7556664 0.4578326 0.7290223 0.4578326 0.7290223 0.4604668 0.7141961 0.4324112 0.7180359 0.4713895 0.7305181 0.4859305 0.7544543 0.48911 0.7180058 0.48911 0.7180058 0.4768835 0.7177935 0.4713895 0.7305181 0.4890565 0.6915486 0.4695265 0.6909639 0.4702216 0.709993 0.4702216 0.709993 0.48911 0.7180058 0.4890565 0.6915486 0.5049097 0.7173693 0.5035036 0.6912768 0.4890565 0.6915486 0.4890565 0.6915486 0.48911 0.7180058 0.5049097 0.7173693 0.4702216 0.709993 0.4768835 0.7177935 0.48911 0.7180058 0.4695265 0.6909639 0.4347631 0.6943826 0.4604668 0.7141961 0.4604668 0.7141961 0.4702216 0.709993 0.4695265 0.6909639 0.4702216 0.709993 0.4604668 0.7141961 0.4686969 0.716463 0.4702216 0.709993 0.4686969 0.716463 0.4768835 0.7177935 0.7688719 0.6068941 0.7811763 0.6137155 0.7914857 0.6031488 0.7914857 0.6031488 0.7775092 0.5957741 0.7688719 0.6068941 0.8386811 0.6001151 0.8241201 0.6054337 0.8324543 0.6167326 0.8324543 0.6167326 0.8453415 0.6116654 0.8386811 0.6001151 0.8453415 0.6116654 0.8324543 0.6167326 0.841138 0.6290325 0.841138 0.6290325 0.8534029 0.6248786 0.8453415 0.6116654 0.8534029 0.6248786 0.841138 0.6290325 0.8468464 0.6429188 0.8468464 0.6429188 0.8593631 0.6407435 0.8534029 0.6248786 0.8593631 0.6407435 0.8468464 0.6429188 0.8483238 0.6577545 0.8483238 0.6577545 0.8610237 0.6582542 0.8593631 0.6407435 0.8610237 0.6582542 0.8483238 0.6577545 0.8452785 0.6723169 0.8452785 0.6723169 0.8577378 0.6755741 0.8610237 0.6582542 0.8577378 0.6755741 0.8452785 0.6723169 0.8381892 0.6854506 0.8381892 0.6854506 0.8502539 0.6909515 0.8577378 0.6755741 0.8502539 0.6909515 0.8381892 0.6854506 0.8282929 0.6967114 0.8282929 0.6967114 0.8405976 0.7035328 0.8502539 0.6909515 0.8405976 0.7035328 0.8282929 0.6967114 0.8179813 0.707279 0.8179813 0.707279 0.8319582 0.7146537 0.8405976 0.7035328 0.7707861 0.7103122 0.7853464 0.7049919 0.777015 0.6936945 0.777015 0.6936945 0.7641253 0.69876 0.7707861 0.7103122 0.7641253 0.69876 0.777015 0.6936945 0.7683293 0.6813949 0.7683293 0.6813949 0.7560659 0.6855467 0.7641253 0.69876 0.7560659 0.6855467 0.7683293 0.6813949 0.7626209 0.6675088 0.7626209 0.6675088 0.7501036 0.6696823 0.7560659 0.6855467 0.7501036 0.6696823 0.7626209 0.6675088 0.7611433 0.6526728 0.7611433 0.6526728 0.7484434 0.6521736 0.7501036 0.6696823 0.7484434 0.6521736 0.7611433 0.6526728 0.7641907 0.6381103 0.7641907 0.6381103 0.7517316 0.6348527 0.7484434 0.6521736 0.7517316 0.6348527 0.7641907 0.6381103 0.7712783 0.6249791 0.7712783 0.6249791 0.7592132 0.6194761 0.7517316 0.6348527 0.7592132 0.6194761 0.7712783 0.6249791 0.7811763 0.6137155 0.7811763 0.6137155 0.7688719 0.6068941 0.7592132 0.6194761 0.7811763 0.6137155 0.7926852 0.6211517 0.8068299 0.6147341 0.8068299 0.6147341 0.7914857 0.6031488 0.7811763 0.6137155 0.8241201 0.6054337 0.8068299 0.6147341 0.820723 0.6230072 0.820723 0.6230072 0.8324543 0.6167326 0.8241201 0.6054337 0.8324543 0.6167326 0.820723 0.6230072 0.8299493 0.6333411 0.8299493 0.6333411 0.841138 0.6290325 0.8324543 0.6167326 0.841138 0.6290325 0.8299493 0.6333411 0.8352256 0.6449903 0.8352256 0.6449903 0.8468464 0.6429188 0.841138 0.6290325 0.8468464 0.6429188 0.8352256 0.6449903 0.8364872 0.6572502 0.8364872 0.6572502 0.8483238 0.6577545 0.8468464 0.6429188 0.8483238 0.6577545 0.8364872 0.6572502 0.8337041 0.6692381 0.8337041 0.6692381 0.8452785 0.6723169 0.8483238 0.6577545 0.8452785 0.6723169 0.8337041 0.6692381 0.8270627 0.6801256 0.8270627 0.6801256 0.8381892 0.6854506 0.8452785 0.6723169 0.8381892 0.6854506 0.8270627 0.6801256 0.8167819 0.6892759 0.8167819 0.6892759 0.8282929 0.6967114 0.8381892 0.6854506 0.8282929 0.6967114 0.8167819 0.6892759 0.8026393 0.6956929 0.8026393 0.6956929 0.8179813 0.707279 0.8282929 0.6967114 0.7853464 0.7049919 0.8026393 0.6956929 0.7887461 0.6874201 0.7887461 0.6874201 0.777015 0.6936945 0.7853464 0.7049919 0.777015 0.6936945 0.7887461 0.6874201 0.7795182 0.6770865 0.7795182 0.6770865 0.7683293 0.6813949 0.777015 0.6936945 0.7683293 0.6813949 0.7795182 0.6770865 0.7742413 0.6654372 0.7742413 0.6654372 0.7626209 0.6675088 0.7683293 0.6813949 0.7626209 0.6675088 0.7742413 0.6654372 0.7729796 0.6531776 0.7729796 0.6531776 0.7611433 0.6526728 0.7626209 0.6675088 0.7611433 0.6526728 0.7729796 0.6531776 0.7757629 0.6411895 0.7757629 0.6411895 0.7641907 0.6381103 0.7611433 0.6526728 0.7641907 0.6381103 0.7757629 0.6411895 0.7824067 0.6303012 0.7824067 0.6303012 0.7712783 0.6249791 0.7641907 0.6381103 0.7712783 0.6249791 0.7824067 0.6303012 0.7926852 0.6211517 0.7926852 0.6211517 0.7811763 0.6137155 0.7712783 0.6249791 0.7926852 0.6211517 0.7979798 0.631461 0.8063424 0.6291339 0.8063424 0.6291339 0.8068299 0.6147341 0.7926852 0.6211517 0.8068299 0.6147341 0.8063424 0.6291339 0.8144347 0.6330196 0.8144347 0.6330196 0.820723 0.6230072 0.8068299 0.6147341 0.820723 0.6230072 0.8144347 0.6330196 0.8207033 0.6396524 0.8207033 0.6396524 0.8299493 0.6333411 0.820723 0.6230072 0.8299493 0.6333411 0.8207033 0.6396524 0.8244856 0.6478449 0.8244856 0.6478449 0.8352256 0.6449903 0.8299493 0.6333411 0.8352256 0.6449903 0.8244856 0.6478449 0.8253967 0.6567119 0.8253967 0.6567119 0.8364872 0.6572502 0.8352256 0.6449903 0.8364872 0.6572502 0.8253967 0.6567119 0.8233472 0.6654064 0.8233472 0.6654064 0.8337041 0.6692381 0.8364872 0.6572502 0.8337041 0.6692381 0.8233472 0.6654064 0.8185549 0.6731204 0.8185549 0.6731204 0.8270627 0.6801256 0.8337041 0.6692381 0.8270627 0.6801256 0.8185549 0.6731204 0.8114895 0.6789661 0.8114895 0.6789661 0.8167819 0.6892759 0.8270627 0.6801256 0.8167819 0.6892759 0.8114895 0.6789661 0.803125 0.6812935 0.803125 0.6812935 0.8026393 0.6956929 0.8167819 0.6892759 0.8026393 0.6956929 0.803125 0.6812935 0.795032 0.677406 0.795032 0.677406 0.7887461 0.6874201 0.8026393 0.6956929 0.7887461 0.6874201 0.795032 0.677406 0.788766 0.6707744 0.788766 0.6707744 0.7795182 0.6770865 0.7887461 0.6874201 0.7795182 0.6770865 0.788766 0.6707744 0.7849819 0.6625823 0.7849819 0.6625823 0.7742413 0.6654372 0.7795182 0.6770865 0.7742413 0.6654372 0.7849819 0.6625823 0.7840706 0.6537154 0.7840706 0.6537154 0.7729796 0.6531776 0.7742413 0.6654372 0.7729796 0.6531776 0.7840706 0.6537154 0.7861222 0.645021 0.7861222 0.645021 0.7757629 0.6411895 0.7729796 0.6531776 0.7757629 0.6411895 0.7861222 0.645021 0.7909142 0.6373065 0.7909142 0.6373065 0.7824067 0.6303012 0.7757629 0.6411895 0.7824067 0.6303012 0.7909142 0.6373065 0.7979798 0.631461 0.7979798 0.631461 0.7926852 0.6211517 0.7824067 0.6303012 0.7979798 0.631461 0.8016142 0.6431239 0.8055666 0.6423697 0.8055666 0.6423697 0.8063424 0.6291339 0.7979798 0.631461 0.8063424 0.6291339 0.8055666 0.6423697 0.8094134 0.6439197 0.8094134 0.6439197 0.8144347 0.6330196 0.8063424 0.6291339 0.8144347 0.6330196 0.8094134 0.6439197 0.812489 0.6471141 0.812489 0.6471141 0.8207033 0.6396524 0.8144347 0.6330196 0.8207033 0.6396524 0.812489 0.6471141 0.8143994 0.6513563 0.8143994 0.6513563 0.8244856 0.6478449 0.8207033 0.6396524 0.8244856 0.6478449 0.8143994 0.6513563 0.8148673 0.6561009 0.8148673 0.6561009 0.8253967 0.6567119 0.8244856 0.6478449 0.8253967 0.6567119 0.8148673 0.6561009 0.8137981 0.6607567 0.8137981 0.6607567 0.8233472 0.6654064 0.8253967 0.6567119 0.8233472 0.6654064 0.8137981 0.6607567 0.8113372 0.6646998 0.8113372 0.6646998 0.8185549 0.6731204 0.8233472 0.6654064 0.8185549 0.6731204 0.8113372 0.6646998 0.8078526 0.6673013 0.8078526 0.6673013 0.8114895 0.6789661 0.8185549 0.6731204 0.8114895 0.6789661 0.8078526 0.6673013 0.8039001 0.668056 0.8039001 0.668056 0.803125 0.6812935 0.8114895 0.6789661 0.803125 0.6812935 0.8039001 0.668056 0.800054 0.6665078 0.800054 0.6665078 0.795032 0.677406 0.803125 0.6812935 0.795032 0.677406 0.800054 0.6665078 0.7969776 0.6633115 0.7969776 0.6633115 0.788766 0.6707744 0.795032 0.677406 0.788766 0.6707744 0.7969776 0.6633115 0.7950674 0.6590692 0.7950674 0.6590692 0.7849819 0.6625823 0.788766 0.6707744 0.7849819 0.6625823 0.7950674 0.6590692 0.7945999 0.6543266 0.7945999 0.6543266 0.7840706 0.6537154 0.7849819 0.6625823 0.7840706 0.6537154 0.7945999 0.6543266 0.7956694 0.6496731 0.7956694 0.6496731 0.7861222 0.645021 0.7840706 0.6537154 0.7861222 0.645021 0.7956694 0.6496731 0.7981301 0.6457276 0.7981301 0.6457276 0.7909142 0.6373065 0.7861222 0.645021 0.7909142 0.6373065 0.7981301 0.6457276 0.8016142 0.6431239 0.8016142 0.6431239 0.7979798 0.631461 0.7909142 0.6373065 0.8047325 0.6552129 0.8055666 0.6423697 0.8016142 0.6431239 0.8047325 0.6552129 0.8094134 0.6439197 0.8055666 0.6423697 0.8047325 0.6552129 0.812489 0.6471141 0.8094134 0.6439197 0.8047325 0.6552129 0.8143994 0.6513563 0.812489 0.6471141 0.8047325 0.6552129 0.8148673 0.6561009 0.8143994 0.6513563 0.8047325 0.6552129 0.8137981 0.6607567 0.8148673 0.6561009 0.8047325 0.6552129 0.8113372 0.6646998 0.8137981 0.6607567 0.8047325 0.6552129 0.8078526 0.6673013 0.8113372 0.6646998 0.8047325 0.6552129 0.8039001 0.668056 0.8078526 0.6673013 0.8047325 0.6552129 0.800054 0.6665078 0.8039001 0.668056 0.8047325 0.6552129 0.7969776 0.6633115 0.800054 0.6665078 0.8047325 0.6552129 0.7950674 0.6590692 0.7969776 0.6633115 0.8047325 0.6552129 0.7945999 0.6543266 0.7950674 0.6590692 0.8047325 0.6552129 0.7956694 0.6496731 0.7945999 0.6543266 0.8047325 0.6552129 0.7981301 0.6457276 0.7956694 0.6496731 0.8047325 0.6552129 0.8016142 0.6431239 0.7981301 0.6457276 0.2284775 0.6664494 0.216216 0.6600921 0.206389 0.670746 0.206389 0.670746 0.2203075 0.6775979 0.2284775 0.6664494 0.1601637 0.675018 0.1743044 0.6693978 0.165817 0.6585418 0.165817 0.6585418 0.1533108 0.6638653 0.1601637 0.675018 0.1533108 0.6638653 0.165817 0.6585418 0.1569586 0.6467093 0.1569586 0.6467093 0.14504 0.6511217 0.1533108 0.6638653 0.14504 0.6511217 0.1569586 0.6467093 0.1509768 0.6332426 0.1509768 0.6332426 0.1387547 0.6357209 0.14504 0.6511217 0.1387547 0.6357209 0.1509768 0.6332426 0.1491202 0.6187281 0.1491202 0.6187281 0.1366448 0.6185844 0.1387547 0.6357209 0.1366448 0.6185844 0.1491202 0.6187281 0.1517101 0.6043531 0.1517101 0.6043531 0.1393954 0.6014991 0.1366448 0.6185844 0.1393954 0.6014991 0.1517101 0.6043531 0.158306 0.5912739 0.158306 0.5912739 0.1463142 0.586206 0.1393954 0.6014991 0.1463142 0.586206 0.158306 0.5912739 0.167707 0.5799504 0.167707 0.5799504 0.1554441 0.5735958 0.1463142 0.586206 0.1554441 0.5735958 0.167707 0.5799504 0.1775305 0.5692996 0.1775305 0.5692996 0.163614 0.5624471 0.1554441 0.5735958 0.2237578 0.5650269 0.2096167 0.5706451 0.2181026 0.5815037 0.2181026 0.5815037 0.2306128 0.5761792 0.2237578 0.5650269 0.2306128 0.5761792 0.2181026 0.5815037 0.2269626 0.5933338 0.2269626 0.5933338 0.2388815 0.5889232 0.2306128 0.5761792 0.2388815 0.5889232 0.2269626 0.5933338 0.2329448 0.6068023 0.2329448 0.6068023 0.2451667 0.6043241 0.2388815 0.5889232 0.2451667 0.6043241 0.2329448 0.6068023 0.2348021 0.6213188 0.2348021 0.6213188 0.2472769 0.6214604 0.2451667 0.6043241 0.2472769 0.6214604 0.2348021 0.6213188 0.2322119 0.6356939 0.2322119 0.6356939 0.2445282 0.6385453 0.2472769 0.6214604 0.2445282 0.6385453 0.2322119 0.6356939 0.2256156 0.6487711 0.2256156 0.6487711 0.2376068 0.6538373 0.2445282 0.6385453 0.2376068 0.6538373 0.2256156 0.6487711 0.216216 0.6600921 0.216216 0.6600921 0.2284775 0.6664494 0.2376068 0.6538373 0.216216 0.6600921 0.2047179 0.653114 0.1910172 0.6597986 0.1910172 0.6597986 0.206389 0.670746 0.216216 0.6600921 0.1743044 0.6693978 0.1910172 0.6597986 0.177158 0.6520627 0.177158 0.6520627 0.165817 0.6585418 0.1743044 0.6693978 0.165817 0.6585418 0.177158 0.6520627 0.1678195 0.6421765 0.1678195 0.6421765 0.1569586 0.6467093 0.165817 0.6585418 0.1569586 0.6467093 0.1678195 0.6421765 0.1623223 0.630891 0.1623223 0.630891 0.1509768 0.6332426 0.1569586 0.6467093 0.1509768 0.6332426 0.1623223 0.630891 0.1607476 0.618896 0.1607476 0.618896 0.1491202 0.6187281 0.1509768 0.6332426 0.1491202 0.6187281 0.1607476 0.618896 0.1631494 0.6070575 0.1631494 0.6070575 0.1517101 0.6043531 0.1491202 0.6187281 0.1517101 0.6043531 0.1631494 0.6070575 0.1693698 0.596193 0.1693698 0.596193 0.158306 0.5912739 0.1517101 0.6043531 0.158306 0.5912739 0.1693698 0.596193 0.1792037 0.5869309 0.1792037 0.5869309 0.167707 0.5799504 0.158306 0.5912739 0.167707 0.5799504 0.1792037 0.5869309 0.1929045 0.5802463 0.1929045 0.5802463 0.1775305 0.5692996 0.167707 0.5799504 0.2096167 0.5706451 0.1929045 0.5802463 0.2067636 0.5879824 0.2067636 0.5879824 0.2181026 0.5815037 0.2096167 0.5706451 0.2181026 0.5815037 0.2067636 0.5879824 0.2161021 0.5978686 0.2161021 0.5978686 0.2269626 0.5933338 0.2181026 0.5815037 0.2269626 0.5933338 0.2161021 0.5978686 0.2215993 0.609154 0.2215993 0.609154 0.2329448 0.6068023 0.2269626 0.5933338 0.2329448 0.6068023 0.2215993 0.609154 0.223174 0.621149 0.223174 0.621149 0.2348021 0.6213188 0.2329448 0.6068023 0.2348021 0.6213188 0.223174 0.621149 0.220772 0.6329878 0.220772 0.6329878 0.2322119 0.6356939 0.2348021 0.6213188 0.2322119 0.6356939 0.220772 0.6329878 0.2145518 0.643852 0.2145518 0.643852 0.2256156 0.6487711 0.2322119 0.6356939 0.2256156 0.6487711 0.2145518 0.643852 0.2047179 0.653114 0.2047179 0.653114 0.216216 0.6600921 0.2256156 0.6487711 0.2047179 0.653114 0.1992399 0.6431436 0.1910984 0.6456565 0.1910984 0.6456565 0.1910172 0.6597986 0.2047179 0.653114 0.1910172 0.6597986 0.1910984 0.6456565 0.1830513 0.6420661 0.1830513 0.6420661 0.177158 0.6520627 0.1910172 0.6597986 0.177158 0.6520627 0.1830513 0.6420661 0.1767203 0.6357291 0.1767203 0.6357291 0.1678195 0.6421765 0.177158 0.6520627 0.1678195 0.6421765 0.1767203 0.6357291 0.1727808 0.6277976 0.1727808 0.6277976 0.1623223 0.630891 0.1678195 0.6421765 0.1623223 0.630891 0.1727808 0.6277976 0.1716448 0.6191194 0.1716448 0.6191194 0.1607476 0.618896 0.1623223 0.630891 0.1607476 0.618896 0.1716448 0.6191194 0.1734185 0.61053 0.1734185 0.61053 0.1631494 0.6070575 0.1607476 0.618896 0.1631494 0.6070575 0.1734185 0.61053 0.1779073 0.6028317 0.1779073 0.6028317 0.1693698 0.596193 0.1631494 0.6070575 0.1693698 0.596193 0.1779073 0.6028317 0.1846812 0.5968994 0.1846812 0.5968994 0.1792037 0.5869309 0.1693698 0.596193 0.1792037 0.5869309 0.1846812 0.5968994 0.1928233 0.5943884 0.1928233 0.5943884 0.1929045 0.5802463 0.1792037 0.5869309 0.1929045 0.5802463 0.1928233 0.5943884 0.2008703 0.5979787 0.2008703 0.5979787 0.2067636 0.5879824 0.1929045 0.5802463 0.2067636 0.5879824 0.2008703 0.5979787 0.2072033 0.6043154 0.2072033 0.6043154 0.2161021 0.5978686 0.2067636 0.5879824 0.2161021 0.5978686 0.2072033 0.6043154 0.2111409 0.6122472 0.2111409 0.6122472 0.2215993 0.609154 0.2161021 0.5978686 0.2215993 0.609154 0.2111409 0.6122472 0.2122747 0.6209261 0.2122747 0.6209261 0.223174 0.621149 0.2215993 0.609154 0.223174 0.621149 0.2122747 0.6209261 0.2105028 0.629513 0.2105028 0.629513 0.220772 0.6329878 0.223174 0.621149 0.220772 0.6329878 0.2105028 0.629513 0.2060141 0.6372135 0.2060141 0.6372135 0.2145518 0.643852 0.220772 0.6329878 0.2145518 0.643852 0.2060141 0.6372135 0.1992399 0.6431436 0.1992399 0.6431436 0.2047179 0.653114 0.2145518 0.643852 0.1992399 0.6431436 0.1953529 0.6317974 0.1914961 0.6326484 0.1914961 0.6326484 0.1910984 0.6456565 0.1992399 0.6431436 0.1910984 0.6456565 0.1914961 0.6326484 0.1876789 0.6312327 0.1876789 0.6312327 0.1830513 0.6420661 0.1910984 0.6456565 0.1830513 0.6420661 0.1876789 0.6312327 0.1845732 0.6281829 0.1845732 0.6281829 0.1767203 0.6357291 0.1830513 0.6420661 0.1767203 0.6357291 0.1845732 0.6281829 0.182582 0.6240707 0.182582 0.6240707 0.1727808 0.6277976 0.1767203 0.6357291 0.1727808 0.6277976 0.182582 0.6240707 0.1819931 0.6194303 0.1819931 0.6194303 0.1716448 0.6191194 0.1727808 0.6277976 0.1716448 0.6191194 0.1819931 0.6194303 0.1829144 0.6148325 0.1829144 0.6148325 0.1734185 0.61053 0.1716448 0.6191194 0.1734185 0.61053 0.1829144 0.6148325 0.1852209 0.6108958 0.1852209 0.6108958 0.1779073 0.6028317 0.1734185 0.61053 0.1779073 0.6028317 0.1852209 0.6108958 0.1885681 0.6082456 0.1885681 0.6082456 0.1846812 0.5968994 0.1779073 0.6028317 0.1846812 0.5968994 0.1885681 0.6082456 0.1924256 0.6073967 0.1924256 0.6073967 0.1928233 0.5943884 0.1846812 0.5968994 0.1928233 0.5943884 0.1924256 0.6073967 0.1962425 0.6088123 0.1962425 0.6088123 0.2008703 0.5979787 0.1928233 0.5943884 0.2008703 0.5979787 0.1962425 0.6088123 0.1993483 0.6118621 0.1993483 0.6118621 0.2072033 0.6043154 0.2008703 0.5979787 0.2072033 0.6043154 0.1993483 0.6118621 0.2013391 0.6159721 0.2013391 0.6159721 0.2111409 0.6122472 0.2072033 0.6043154 0.2111409 0.6122472 0.2013391 0.6159721 0.2019284 0.6206148 0.2019284 0.6206148 0.2122747 0.6209261 0.2111409 0.6122472 0.2122747 0.6209261 0.2019284 0.6206148 0.2010068 0.6252104 0.2010068 0.6252104 0.2105028 0.629513 0.2122747 0.6209261 0.2105028 0.629513 0.2010068 0.6252104 0.1987007 0.6291493 0.1987007 0.6291493 0.2060141 0.6372135 0.2105028 0.629513 0.2060141 0.6372135 0.1987007 0.6291493 0.1953529 0.6317974 0.1953529 0.6317974 0.1992399 0.6431436 0.2060141 0.6372135 0.1919621 0.6200233 0.1914961 0.6326484 0.1953529 0.6317974 0.1919621 0.6200233 0.1876789 0.6312327 0.1914961 0.6326484 0.1919621 0.6200233 0.1845732 0.6281829 0.1876789 0.6312327 0.1919621 0.6200233 0.182582 0.6240707 0.1845732 0.6281829 0.1919621 0.6200233 0.1819931 0.6194303 0.182582 0.6240707 0.1919621 0.6200233 0.1829144 0.6148325 0.1819931 0.6194303 0.1919621 0.6200233 0.1852209 0.6108958 0.1829144 0.6148325 0.1919621 0.6200233 0.1885681 0.6082456 0.1852209 0.6108958 0.1919621 0.6200233 0.1924256 0.6073967 0.1885681 0.6082456 0.1919621 0.6200233 0.1962425 0.6088123 0.1924256 0.6073967 0.1919621 0.6200233 0.1993483 0.6118621 0.1962425 0.6088123 0.1919621 0.6200233 0.2013391 0.6159721 0.1993483 0.6118621 0.1919621 0.6200233 0.2019284 0.6206148 0.2013391 0.6159721 0.1919621 0.6200233 0.2010068 0.6252104 0.2019284 0.6206148 0.1919621 0.6200233 0.1987007 0.6291493 0.2010068 0.6252104 0.1919621 0.6200233 0.1953529 0.6317974 0.1987007 0.6291493 0.9151909 0.6236687 0.9347364 0.6152544 0.9212198 0.6305155 0.7697954 0.2242172 0.7869987 0.1926369 0.8078724 0.2063025 0.2114163 0.677951 0.2367644 0.7103875 0.2188941 0.7274405 0.7264784 0.1731796 0.7263444 0.1993422 0.7122482 0.1670678 0.7122482 0.1670678 0.7263444 0.1993422 0.6857228 0.1968607 0.7263444 0.1993422 0.7412658 0.207456 0.7153622 0.2075461 0.9783061 0.8675429 0.9965119 0.8144052 0.9924037 0.8542398 0.7409089 0.1877159 0.7263444 0.1993422 0.7264784 0.1731796 0.9783061 0.8675429 0.9472562 0.8236106 0.9965119 0.8144052 0.881174 0.1324598 0.8887439 0.1487542 0.8613623 0.1477912 0.6780884 0.1887245 0.6857228 0.1968607 0.6771807 0.2104194 0.6257839 0.3563117 0.6064072 0.3638548 0.6119027 0.347011 0.7869987 0.1926369 0.7898662 0.179283 0.8078724 0.2063025 0.6258269 0.3376305 0.6257839 0.3563117 0.6119027 0.347011 0.6258269 0.3376305 0.6119027 0.347011 0.5955576 0.3186557 0.6594364 0.392294 0.628643 0.408858 0.6550123 0.3791571 0.5952801 0.3599145 0.5797606 0.3442971 0.6119027 0.347011 0.7122482 0.1670678 0.684329 0.1704341 0.7081806 0.1553378 0.1745915 0.7096062 0.2114163 0.677951 0.2188941 0.7274405 0.7264784 0.1731796 0.7314547 0.1596451 0.7409089 0.1877159 0.6906614 0.2059776 0.6771807 0.2104194 0.6857228 0.1968607 0.7002369 0.2171654 0.6906614 0.2059776 0.7153622 0.2075461 0.9212198 0.6305155 0.9291054 0.6547549 0.9061064 0.6414096 0.7122482 0.1670678 0.6857228 0.1968607 0.684329 0.1704341 0.9212198 0.6305155 0.9347364 0.6152544 0.9606283 0.6514635 0.9588002 0.6243425 0.9606283 0.6514635 0.9347364 0.6152544 0.8961481 0.166574 0.8896982 0.1946793 0.868639 0.1967679 0.7697954 0.2242172 0.7604266 0.2105093 0.7869987 0.1926369 0.7122482 0.1670678 0.7314547 0.1596451 0.7264784 0.1731796 0.9006167 0.1966133 0.8759312 0.2064968 0.8896982 0.1946793 0.6127157 0.3920298 0.6238698 0.3629363 0.6422805 0.3755354 0.6594364 0.392294 0.6550123 0.3791571 0.6572873 0.3688328 0.8722348 0.1562808 0.868639 0.1967679 0.8616933 0.1733739 0.9472562 0.8236106 0.9655954 0.8002324 0.9965119 0.8144052 0.9291054 0.6547549 0.9212198 0.6305155 0.9606283 0.6514635 0.6238698 0.3629363 0.6572873 0.3688328 0.6422805 0.3755354 0.8887439 0.1487542 0.9056523 0.1486334 0.8961481 0.166574 0.8722348 0.1562808 0.8961481 0.166574 0.868639 0.1967679 0.8755093 0.2418863 0.8624346 0.2593083 0.8550341 0.2189255 0.9061064 0.6414096 0.9151909 0.6236687 0.9212198 0.6305155 0.6127157 0.3920298 0.6422805 0.3755354 0.6203966 0.4039618 0.8616933 0.1733739 0.8613623 0.1477912 0.8722348 0.1562808 0.9783061 0.8675429 0.950641 0.8633922 0.9472562 0.8236106 0.765193 0.236024 0.7697954 0.2242172 0.8004418 0.2342824 0.6385395 0.4200673 0.6145893 0.4166007 0.628643 0.408858 0.6145893 0.4166007 0.6127157 0.3920298 0.6203966 0.4039618 0.8495118 0.1792899 0.8616933 0.1733739 0.868639 0.1967679 0.8613623 0.1477912 0.8616933 0.1733739 0.8495118 0.1792899 0.7697954 0.2242172 0.765193 0.236024 0.7604266 0.2105093 0.2529014 0.4079838 0.3134201 0.4103004 0.2868103 0.4530701 0.8961481 0.166574 0.9006167 0.1966133 0.8896982 0.1946793 0.288518 0.3866019 0.3134201 0.4103004 0.2529014 0.4079838 0.7728466 0.1939095 0.777599 0.1821964 0.7869987 0.1926369 0.8078724 0.2063025 0.7898662 0.179283 0.8253567 0.197282 0.8004418 0.2342824 0.7697954 0.2242172 0.8078724 0.2063025 0.6064072 0.3638548 0.5940213 0.3738188 0.5952801 0.3599145 0.5952801 0.3599145 0.5940213 0.3738188 0.5797606 0.3442971 0.7153622 0.2075461 0.7412658 0.207456 0.7002369 0.2171654 0.814462 0.225135 0.8004418 0.2342824 0.8078724 0.2063025 0.3134201 0.4103004 0.3097765 0.4575634 0.2868103 0.4530701 0.8722348 0.1562808 0.8613623 0.1477912 0.8887439 0.1487542 0.8722348 0.1562808 0.8887439 0.1487542 0.8961481 0.166574 0.1745915 0.7096062 0.1875109 0.6791695 0.2114163 0.677951 0.7314547 0.1596451 0.7122482 0.1670678 0.7081806 0.1553378 0.2114163 0.677951 0.2369135 0.6898584 0.2367644 0.7103875 0.684329 0.1704341 0.6857228 0.1968607 0.6780884 0.1887245 0.6550123 0.3791571 0.6422805 0.3755354 0.6572873 0.3688328 0.628643 0.408858 0.6422805 0.3755354 0.6550123 0.3791571 0.8624346 0.2593083 0.8755093 0.2418863 0.865536 0.2828702 0.8176627 0.237742 0.8624346 0.2593083 0.8342828 0.2757728 0.868639 0.1967679 0.8564288 0.2068827 0.8495118 0.1792899 0.9655954 0.8002324 0.9786573 0.7860373 0.9965119 0.8144052 0.8550341 0.2189255 0.8624346 0.2593083 0.8176627 0.237742 0.6255733 0.3700278 0.5940213 0.3738188 0.6064072 0.3638548 0.628643 0.408858 0.6594364 0.392294 0.6385395 0.4200673 0.6594364 0.392294 0.6572873 0.3688328 0.6689608 0.3928499 0.8624346 0.2593083 0.865536 0.2828702 0.8342828 0.2757728 0.5955576 0.3186557 0.6119027 0.347011 0.5797606 0.3442971 0.6385395 0.4200673 0.6594364 0.392294 0.6601595 0.4027315 0.6857228 0.1968607 0.7263444 0.1993422 0.6906614 0.2059776 0.7263444 0.1993422 0.7153622 0.2075461 0.6906614 0.2059776 0.8759312 0.2064968 0.868639 0.1967679 0.8896982 0.1946793 0.868639 0.1967679 0.8759312 0.2064968 0.8564288 0.2068827 0.6119027 0.347011 0.6064072 0.3638548 0.5952801 0.3599145 0.6203966 0.4039618 0.6422805 0.3755354 0.628643 0.408858 0.628643 0.408858 0.6145893 0.4166007 0.6203966 0.4039618 0.7555204 0.1987735 0.777599 0.1821964 0.7728466 0.1939095 0.7604266 0.2105093 0.7728466 0.1939095 0.7869987 0.1926369 0.5940213 0.3738188 0.567978 0.3521836 0.5797606 0.3442971 0.5955576 0.3186557 0.5797606 0.3442971 0.5741447 0.3319268 0.9056523 0.1486334 0.9085486 0.1660207 0.8961481 0.166574 0.9085486 0.1660207 0.9006167 0.1966133 0.8961481 0.166574 0.765193 0.236024 0.7483637 0.216516 0.7604266 0.2105093 0.7555204 0.1987735 0.7728466 0.1939095 0.7604266 0.2105093 0.6258269 0.3376305 0.640503 0.3588991 0.6257839 0.3563117 0.6255733 0.3700278 0.6064072 0.3638548 0.6257839 0.3563117 0.7263444 0.1993422 0.7409089 0.1877159 0.7412658 0.207456 0.7314547 0.1596451 0.7604512 0.179212 0.7409089 0.1877159 0.8891662 0.9912499 0.8857067 0.9770121 0.9056721 0.9705289 0.9056721 0.9705289 0.9112372 0.9840818 0.8891662 0.9912499 0.8430624 0.9952834 0.8439969 0.980659 0.8649922 0.9804142 0.8649922 0.9804142 0.8662686 0.9950109 0.8430624 0.9952834 0.8662686 0.9950109 0.8649922 0.9804142 0.8857067 0.9770121 0.8857067 0.9770121 0.8891662 0.9912499 0.8662686 0.9950109 0.9112372 0.9840818 0.9056721 0.9705289 0.9244316 0.9611136 0.9244316 0.9611136 0.9319728 0.9736735 0.9112372 0.9840818 0.820077 0.9920581 0.8232042 0.9777404 0.8439969 0.980659 0.8439969 0.980659 0.8430624 0.9952834 0.820077 0.9920581 0.7978396 0.9854086 0.8030855 0.9717251 0.8232042 0.9777404 0.8232042 0.9777404 0.820077 0.9920581 0.7978396 0.9854086 0.1551713 0.9739747 0.1529296 0.9594939 0.1733757 0.9547239 0.1733757 0.9547239 0.177774 0.9687019 0.1551713 0.9739747 0.1088923 0.9740844 0.1110637 0.9595937 0.1320011 0.9611294 0.1320011 0.9611294 0.1320366 0.9757812 0.1088923 0.9740844 0.1320366 0.9757812 0.1320011 0.9611294 0.1529296 0.9594939 0.1529296 0.9594939 0.1551713 0.9739747 0.1320366 0.9757812 0.177774 0.9687019 0.1733757 0.9547239 0.1928692 0.9469288 0.1928692 0.9469288 0.1993213 0.9600846 0.177774 0.9687019 0.08626568 0.9689183 0.09059816 0.9549207 0.1110637 0.9595937 0.1110637 0.9595937 0.1088923 0.9740844 0.08626568 0.9689183 0.06467789 0.9604029 0.07106763 0.9472174 0.09059816 0.9549207 0.09059816 0.9549207 0.08626568 0.9689183 0.06467789 0.9604029 0.009841263 0.9732245 0.01239192 0.9530923 0.03110396 0.9452355 0.009841263 0.9732245 0.03110396 0.9452355 0.04726219 0.9575101 0.02600264 0.9855001 0.009841263 0.9732245 0.04726219 0.9575101 0.04471153 0.9776423 0.02600264 0.9855001 0.04726219 0.9575101 0.005999803 0.8015405 0.006062209 0.7812463 0.02366971 0.7711538 0.005999803 0.8015405 0.02366971 0.7711538 0.04121154 0.7813549 0.02354532 0.8117401 0.005999803 0.8015405 0.04121154 0.7813549 0.04114937 0.8016476 0.02354532 0.8117401 0.04121154 0.7813549 0.3757812 0.9828594 0.4252517 0.9818056 0.4251938 0.9725987 0.4251938 0.9725987 0.3756952 0.9727934 0.3757812 0.9828594 0.4254975 0.9622741 0.4261665 0.9509847 0.3756108 0.9488826 0.3756108 0.9488826 0.3756256 0.9610729 0.4254975 0.9622741 0.3756256 0.9610729 0.3755037 0.9691702 0.4254048 0.9695873 0.4254048 0.9695873 0.4254975 0.9622741 0.3756256 0.9610729 0.426007 0.9918421 0.4252517 0.9818056 0.3757812 0.9828594 0.3757812 0.9828594 0.3756108 0.9938311 0.426007 0.9918421 0.4254048 0.9695873 0.3755037 0.9691702 0.3756952 0.9727934 0.3756952 0.9727934 0.4251938 0.9725987 0.4254048 0.9695873 0.3756952 0.9727934 0.3725693 0.9726565 0.3732123 0.9826375 0.3732123 0.9826375 0.3757812 0.9828594 0.3756952 0.9727934 0.3729152 0.9913129 0.3756108 0.9938311 0.3757812 0.9828594 0.3757812 0.9828594 0.3732123 0.9826375 0.3729152 0.9913129 0.3730413 0.9611496 0.3756256 0.9610729 0.3756108 0.9488826 0.3756108 0.9488826 0.3728871 0.951301 0.3730413 0.9611496 0.3755037 0.9691702 0.3756256 0.9610729 0.3730413 0.9611496 0.3730413 0.9611496 0.3722345 0.9691721 0.3755037 0.9691702 0.3755037 0.9691702 0.3722345 0.9691721 0.3725693 0.9726565 0.3725693 0.9726565 0.3756952 0.9727934 0.3755037 0.9691702 0.4251938 0.9725987 0.4252517 0.9818056 0.4276023 0.9816217 0.4276023 0.9816217 0.4279726 0.9725706 0.4251938 0.9725987 0.4254048 0.9695873 0.4251938 0.9725987 0.4279726 0.9725706 0.4279726 0.9725706 0.4283123 0.969604 0.4254048 0.9695873 0.4254048 0.9695873 0.4283123 0.969604 0.4278686 0.9624831 0.4278686 0.9624831 0.4254975 0.9622741 0.4254048 0.9695873 0.4285268 0.9533408 0.4261665 0.9509847 0.4254975 0.9622741 0.4254975 0.9622741 0.4278686 0.9624831 0.4285268 0.9533408 0.4276023 0.9816217 0.4252517 0.9818056 0.426007 0.9918421 0.426007 0.9918421 0.4283478 0.9893838 0.4276023 0.9816217 0.5703058 0.397297 0.5884617 0.3978599 0.5886189 0.3820085 0.5886189 0.3820085 0.5705214 0.3821007 0.5703058 0.397297 0.5703058 0.397297 0.5705214 0.3821007 0.5546029 0.3817538 0.5546029 0.3817538 0.5543641 0.3971213 0.5703058 0.397297 0.5543641 0.3971213 0.5546029 0.3817538 0.5240365 0.3810488 0.5240365 0.3810488 0.5238373 0.3968735 0.5543641 0.3971213 0.4971776 0.4016008 0.5171747 0.4011155 0.5167874 0.3836326 0.5167874 0.3836326 0.4969846 0.3836588 0.4971776 0.4016008 0.4797984 0.4018508 0.4971776 0.4016008 0.4969846 0.3836588 0.4969846 0.3836588 0.4795398 0.3838669 0.4797984 0.4018508 0.4467374 0.3843387 0.4469968 0.402324 0.4797984 0.4018508 0.4797984 0.4018508 0.4795398 0.3838669 0.4467374 0.3843387 0.5884617 0.3978599 0.5703058 0.397297 0.5701783 0.4033063 0.5701783 0.4033063 0.5882713 0.4042192 0.5884617 0.3978599 0.4212693 0.3823891 0.4212693 0.4118882 0.4326533 0.4113901 0.4326533 0.4113901 0.4326639 0.3827127 0.4212693 0.3823891 0.5546029 0.3817538 0.5705214 0.3821007 0.5705118 0.3761136 0.5705118 0.3761136 0.5543412 0.3757078 0.5546029 0.3817538 0.5240365 0.3810488 0.5546029 0.3817538 0.5543412 0.3757078 0.5543412 0.3757078 0.5248791 0.3748512 0.5240365 0.3810488 0.5886189 0.3820085 0.5886299 0.3757113 0.5705118 0.3761136 0.5705118 0.3761136 0.5705214 0.3821007 0.5886189 0.3820085 0.5543641 0.3971213 0.553911 0.4031502 0.5701783 0.4033063 0.5701783 0.4033063 0.5703058 0.397297 0.5543641 0.3971213 0.553911 0.4031502 0.5543641 0.3971213 0.5238373 0.3968735 0.5238373 0.3968735 0.524566 0.403048 0.553911 0.4031502 0.4975302 0.4036575 0.4975306 0.410609 0.5155168 0.4106107 0.5155168 0.4106107 0.5155162 0.4036575 0.4975302 0.4036575 0.2534372 0.8599391 0.2621015 0.8613243 0.2455645 0.8352954 0.2455645 0.8352954 0.2410052 0.839796 0.2534372 0.8599391 0.2391256 0.8812963 0.2350997 0.8764891 0.2153266 0.891523 0.2153266 0.891523 0.2148208 0.9001053 0.2391256 0.8812963 0.4032911 0.4148154 0.4031416 0.3537906 0.397307 0.3591539 0.397307 0.3591539 0.3974269 0.409479 0.4032911 0.4148154 0.2250222 0.812735 0.1740615 0.855496 0.1836316 0.8569698 0.1836316 0.8569698 0.2248111 0.8224162 0.2250222 0.812735 0.4032911 0.4148154 0.4091681 0.4155507 0.4090147 0.3530264 0.4090147 0.3530264 0.4031416 0.3537906 0.4032911 0.4148154 0.397307 0.3591539 0.3915175 0.3651078 0.3916378 0.403485 0.3916378 0.403485 0.3974269 0.409479 0.397307 0.3591539 0.397307 0.3591539 0.4031416 0.3537906 0.3756652 0.3538379 0.3756652 0.3538379 0.3752598 0.3590752 0.397307 0.3591539 0.3757819 0.4149196 0.4032911 0.4148154 0.3974269 0.409479 0.3974269 0.409479 0.3753525 0.4096767 0.3757819 0.4149196 0.3534079 0.3612269 0.3480688 0.3564336 0.3477501 0.3844107 0.3477501 0.3844107 0.3529233 0.3844002 0.3534079 0.3612269 0.3537435 0.4076969 0.3487227 0.41263 0.3757819 0.4149196 0.3757819 0.4149196 0.3753525 0.4096767 0.3537435 0.4076969 0.2455645 0.8352954 0.2250222 0.812735 0.2248111 0.8224162 0.2248111 0.8224162 0.2410052 0.839796 0.2455645 0.8352954 0.1836316 0.8569698 0.1740615 0.855496 0.1927123 0.8796436 0.1927123 0.8796436 0.1979362 0.8759344 0.1836316 0.8569698 0.2391256 0.8812963 0.2621015 0.8613243 0.2534372 0.8599391 0.2534372 0.8599391 0.2350997 0.8764891 0.2391256 0.8812963 0.1927123 0.8796436 0.2148208 0.9001053 0.2153266 0.891523 0.2153266 0.891523 0.1979362 0.8759344 0.1927123 0.8796436 0.3753532 0.3647616 0.3913487 0.3648796 0.397307 0.3591539 0.397307 0.3591539 0.3752598 0.3590752 0.3753532 0.3647616 0.3754111 0.4039812 0.3753525 0.4096767 0.3974269 0.409479 0.3974269 0.409479 0.3913699 0.4037448 0.3754111 0.4039812 0.3480688 0.3564336 0.3422544 0.3557453 0.3419597 0.3844694 0.3419597 0.3844694 0.3477501 0.3844107 0.3480688 0.3564336 0.3585324 0.3843581 0.3589736 0.3666406 0.3534079 0.3612269 0.3534079 0.3612269 0.3529233 0.3844002 0.3585324 0.3843581 0.3487227 0.41263 0.3471562 0.4182512 0.3754138 0.4206663 0.3754138 0.4206663 0.3757819 0.4149196 0.3487227 0.41263 0.3537435 0.4076969 0.3753525 0.4096767 0.3754111 0.4039812 0.3754111 0.4039812 0.3592308 0.4021474 0.3537435 0.4076969 0.3752582 0.3481017 0.3463922 0.3508439 0.3480688 0.3564336 0.3480688 0.3564336 0.3756652 0.3538379 0.3752582 0.3481017 0.3419597 0.3844694 0.3429336 0.4134582 0.3487227 0.41263 0.3487227 0.41263 0.3477501 0.3844107 0.3419597 0.3844694 0.3752582 0.3481017 0.3756652 0.3538379 0.4031416 0.3537906 0.4031416 0.3537906 0.4039435 0.3479222 0.3752582 0.3481017 0.3756652 0.3538379 0.3480688 0.3564336 0.3534079 0.3612269 0.3534079 0.3612269 0.3752598 0.3590752 0.3756652 0.3538379 0.3537435 0.4076969 0.3529233 0.3844002 0.3477501 0.3844107 0.3477501 0.3844107 0.3487227 0.41263 0.3537435 0.4076969 0.3753532 0.3647616 0.3752598 0.3590752 0.3534079 0.3612269 0.3534079 0.3612269 0.3593272 0.3662285 0.3753532 0.3647616 0.3593083 0.4013938 0.3585324 0.3843581 0.3529233 0.3844002 0.3529233 0.3844002 0.3537435 0.4076969 0.3593083 0.4013938 0.4032911 0.4148154 0.3757819 0.4149196 0.3754138 0.4206663 0.3754138 0.4206663 0.4041266 0.4206853 0.4032911 0.4148154 0.3677273 0.1959192 0.3594537 0.1942433 0.365134 0.2120391 0.365134 0.2120391 0.3795353 0.2138963 0.3677273 0.1959192 0.3499658 0.1923623 0.3310278 0.1912194 0.3376406 0.2096993 0.3376406 0.2096993 0.3535186 0.2086669 0.3499658 0.1923623 0.4059473 0.1671047 0.3903281 0.1550979 0.3851233 0.1617346 0.3851233 0.1617346 0.4017984 0.1759131 0.4059473 0.1671047 0.3594537 0.1942433 0.3499658 0.1923623 0.3535186 0.2086669 0.3535186 0.2086669 0.365134 0.2120391 0.3594537 0.1942433 0.342701 0.2256219 0.3570486 0.2306606 0.3535186 0.2086669 0.3535186 0.2086669 0.3376406 0.2096993 0.342701 0.2256219 0.4177954 0.178325 0.4059473 0.1671047 0.4017984 0.1759131 0.4017984 0.1759131 0.4186869 0.1897504 0.4177954 0.178325 0.4045119 0.2220179 0.3904001 0.2047958 0.3795353 0.2138963 0.3795353 0.2138963 0.3903973 0.2297347 0.4045119 0.2220179 0.3727636 0.2326763 0.3903973 0.2297347 0.3795353 0.2138963 0.3795353 0.2138963 0.365134 0.2120391 0.3727636 0.2326763 0.365134 0.2120391 0.3535186 0.2086669 0.3570486 0.2306606 0.3570486 0.2306606 0.3727636 0.2326763 0.365134 0.2120391 0.4478558 0.03621375 0.4532179 0.01531797 0.4233695 0.005257129 0.4233695 0.005257129 0.4148071 0.03006702 0.4478558 0.03621375 0.1665037 0.2923932 0.1842684 0.3116295 0.2013839 0.2958508 0.2013839 0.2958508 0.1834166 0.2719668 0.1665037 0.2923932 0.2013839 0.2958508 0.1842684 0.3116295 0.2011083 0.3320171 0.2011083 0.3320171 0.2193018 0.321108 0.2013839 0.2958508 0.2193018 0.321108 0.2011083 0.3320171 0.2169011 0.3579854 0.2169011 0.3579854 0.236948 0.3514741 0.2193018 0.321108 0.2464854 0.30923 0.2193018 0.321108 0.236948 0.3514741 0.236948 0.3514741 0.2658982 0.3348926 0.2464854 0.30923 0.2280495 0.2807416 0.2013839 0.2958508 0.2193018 0.321108 0.2193018 0.321108 0.2464854 0.30923 0.2280495 0.2807416 0.2082071 0.2537943 0.1834166 0.2719668 0.2013839 0.2958508 0.2013839 0.2958508 0.2280495 0.2807416 0.2082071 0.2537943 0.4478558 0.03621375 0.4148071 0.03006702 0.4152601 0.0606938 0.4152601 0.0606938 0.4478706 0.06183534 0.4478558 0.03621375 0.2658982 0.3348926 0.2929884 0.3195978 0.2783624 0.2959559 0.2783624 0.2959559 0.2464854 0.30923 0.2658982 0.3348926 0.2464854 0.30923 0.2783624 0.2959559 0.2635529 0.2686057 0.2635529 0.2686057 0.2280495 0.2807416 0.2464854 0.30923 0.2280495 0.2807416 0.2635529 0.2686057 0.2523427 0.2437993 0.2523427 0.2437993 0.2082071 0.2537943 0.2280495 0.2807416 0.4152601 0.0606938 0.4157093 0.1011062 0.4468932 0.1014084 0.4468932 0.1014084 0.4478706 0.06183534 0.4152601 0.0606938 0.3977742 0.242203 0.3903973 0.2297347 0.3727636 0.2326763 0.3727636 0.2326763 0.3842365 0.2531294 0.3977742 0.242203 0.4088782 0.2555752 0.3977742 0.242203 0.3842365 0.2531294 0.3842365 0.2531294 0.3987532 0.2652815 0.4088782 0.2555752 0.3842365 0.2531294 0.3727636 0.2326763 0.3604679 0.2507362 0.3604679 0.2507362 0.3778586 0.2659718 0.3842365 0.2531294 0.3987532 0.2652815 0.3842365 0.2531294 0.3778586 0.2659718 0.3778586 0.2659718 0.3864662 0.28097 0.3987532 0.2652815 0.3778586 0.2659718 0.3738964 0.287423 0.3864662 0.28097 0.429767 0.2086294 0.4412494 0.2218513 0.4437806 0.2029846 0.431052 0.1880255 0.429767 0.2086294 0.4437806 0.2029846 0.4437806 0.2029846 0.4481829 0.1812821 0.431052 0.1880255 0.4482707 0.1341149 0.4468932 0.1014084 0.4157093 0.1011062 0.4157093 0.1011062 0.4187062 0.1305502 0.4482707 0.1341149 0.4177954 0.178325 0.4186869 0.1897504 0.431052 0.1880255 0.431052 0.1880255 0.4209005 0.1727972 0.4177954 0.178325 0.4209005 0.1727972 0.431052 0.1880255 0.4481829 0.1812821 0.4481829 0.1812821 0.4211665 0.1562548 0.4209005 0.1727972 0.4211665 0.1562548 0.4481829 0.1812821 0.4482707 0.1341149 0.4482707 0.1341149 0.4187062 0.1305502 0.4211665 0.1562548 0.2860859 0.235455 0.2523427 0.2437993 0.2635529 0.2686057 0.2635529 0.2686057 0.2963289 0.263106 0.2860859 0.235455 0.3465844 0.2442678 0.3570486 0.2306606 0.342701 0.2256219 0.342701 0.2256219 0.3343779 0.2280319 0.3465844 0.2442678 0.3604679 0.2507362 0.3727636 0.2326763 0.3570486 0.2306606 0.3570486 0.2306606 0.3465844 0.2442678 0.3604679 0.2507362 0.3778586 0.2659718 0.3604679 0.2507362 0.3541182 0.2845022 0.3541182 0.2845022 0.3738964 0.287423 0.3778586 0.2659718 0.3604679 0.2507362 0.3465844 0.2442678 0.3259316 0.2564395 0.3259316 0.2564395 0.3541182 0.2845022 0.3604679 0.2507362 0.2929884 0.3195978 0.3176898 0.3076304 0.3054547 0.2849975 0.3054547 0.2849975 0.2783624 0.2959559 0.2929884 0.3195978 0.3054547 0.2849975 0.3176898 0.3076304 0.3541182 0.2845022 0.3541182 0.2845022 0.3259316 0.2564395 0.3054547 0.2849975 0.2963289 0.263106 0.2635529 0.2686057 0.2783624 0.2959559 0.2783624 0.2959559 0.3054547 0.2849975 0.2963289 0.263106 0.3259316 0.2564395 0.2963289 0.263106 0.3054547 0.2849975 0.3465844 0.2442678 0.3343779 0.2280319 0.3165956 0.2327503 0.3165956 0.2327503 0.3259316 0.2564395 0.3465844 0.2442678 0.3165956 0.2327503 0.2860859 0.235455 0.2963289 0.263106 0.2963289 0.263106 0.3259316 0.2564395 0.3165956 0.2327503 0.4208861 0.2699187 0.4088782 0.2555752 0.3987532 0.2652815 0.3987532 0.2652815 0.4113247 0.2802693 0.4208861 0.2699187 0.4482707 0.1341149 0.4481829 0.1812821 0.4690546 0.182397 0.4690546 0.182397 0.4716413 0.1363987 0.4482707 0.1341149 0.4468932 0.1014084 0.4482707 0.1341149 0.4716413 0.1363987 0.4716413 0.1363987 0.4748772 0.1043661 0.4468932 0.1014084 0.4478706 0.06183534 0.4468932 0.1014084 0.4748772 0.1043661 0.4748772 0.1043661 0.4772112 0.06383734 0.4478706 0.06183534 0.4478558 0.03621375 0.4478706 0.06183534 0.4772112 0.06383734 0.4772112 0.06383734 0.4793928 0.03838467 0.4478558 0.03621375 0.4532179 0.01531797 0.4478558 0.03621375 0.4793928 0.03838467 0.4793928 0.03838467 0.4805834 0.01768231 0.4532179 0.01531797 0.3677273 0.1959192 0.3795353 0.2138963 0.3904001 0.2047958 0.3904001 0.2047958 0.3765465 0.1871627 0.3677273 0.1959192 0.429767 0.2086294 0.431052 0.1880255 0.4186869 0.1897504 0.4186869 0.1897504 0.4165814 0.2051 0.429767 0.2086294 0.3989375 0.1901435 0.3811971 0.1766828 0.3792408 0.1819558 0.3792408 0.1819558 0.3950705 0.1961913 0.3989375 0.1901435 0.3765465 0.1871627 0.3904001 0.2047958 0.3950705 0.1961913 0.3950705 0.1961913 0.3792408 0.1819558 0.3765465 0.1871627 0.4017984 0.1759131 0.3851233 0.1617346 0.3811971 0.1766828 0.3811971 0.1766828 0.3989375 0.1901435 0.4017984 0.1759131 0.4186869 0.1897504 0.4017984 0.1759131 0.3989375 0.1901435 0.3989375 0.1901435 0.4165814 0.2051 0.4186869 0.1897504 0.3950705 0.1961913 0.4108514 0.2139071 0.4165814 0.2051 0.4165814 0.2051 0.3989375 0.1901435 0.3950705 0.1961913 0.3904001 0.2047958 0.4045119 0.2220179 0.4108514 0.2139071 0.4108514 0.2139071 0.3950705 0.1961913 0.3904001 0.2047958 0.4045119 0.2220179 0.3903973 0.2297347 0.3977742 0.242203 0.3977742 0.242203 0.4143248 0.2346111 0.4045119 0.2220179 0.4227252 0.2217755 0.4108514 0.2139071 0.4045119 0.2220179 0.4045119 0.2220179 0.4143248 0.2346111 0.4227252 0.2217755 0.4227252 0.2217755 0.429767 0.2086294 0.4165814 0.2051 0.4165814 0.2051 0.4108514 0.2139071 0.4227252 0.2217755 0.4324268 0.2315886 0.4227252 0.2217755 0.4143248 0.2346111 0.4143248 0.2346111 0.4218851 0.2415522 0.4324268 0.2315886 0.4412494 0.2218513 0.429767 0.2086294 0.4227252 0.2217755 0.4227252 0.2217755 0.4324268 0.2315886 0.4412494 0.2218513 0.4088782 0.2555752 0.4208861 0.2699187 0.4330312 0.2579427 0.4330312 0.2579427 0.4218851 0.2415522 0.4088782 0.2555752 0.4218851 0.2415522 0.4330312 0.2579427 0.4499939 0.2453049 0.4499939 0.2453049 0.4324268 0.2315886 0.4218851 0.2415522 0.3977742 0.242203 0.4088782 0.2555752 0.4218851 0.2415522 0.4218851 0.2415522 0.4143248 0.2346111 0.3977742 0.242203 0.4511332 0.2464116 0.4499939 0.2453049 0.4330312 0.2579427 0.4330312 0.2579427 0.433587 0.2596868 0.4511332 0.2464116 0.433587 0.2596868 0.4330312 0.2579427 0.4208861 0.2699187 0.4208861 0.2699187 0.4212381 0.2718141 0.433587 0.2596868 0.6392632 0.2107312 0.6452352 0.1933053 0.6371457 0.1948804 0.6371457 0.1948804 0.6253739 0.212856 0.6392632 0.2107312 0.6371457 0.1948804 0.6282984 0.1860923 0.6144612 0.203782 0.6144612 0.203782 0.6253739 0.212856 0.6371457 0.1948804 0.6506281 0.2074842 0.6544688 0.1913855 0.6452352 0.1933053 0.6452352 0.1933053 0.6392632 0.2107312 0.6506281 0.2074842 0.6665287 0.2090492 0.6734622 0.1903306 0.6544688 0.1913855 0.6544688 0.1913855 0.6506281 0.2074842 0.6665287 0.2090492 0.6026343 0.1748154 0.6058061 0.1892157 0.6235727 0.1756233 0.6235727 0.1756233 0.6195191 0.1606677 0.6026343 0.1748154 0.6195191 0.1606677 0.614369 0.1537634 0.5983811 0.165614 0.5983811 0.165614 0.6026343 0.1748154 0.6195191 0.1606677 0.6058061 0.1892157 0.6097173 0.1952081 0.6255533 0.1808983 0.6255533 0.1808983 0.6235727 0.1756233 0.6058061 0.1892157 0.6097173 0.1952081 0.6144612 0.203782 0.6282984 0.1860923 0.6282984 0.1860923 0.6255533 0.1808983 0.6097173 0.1952081 0.6315194 0.2314645 0.6392632 0.2107312 0.6253739 0.212856 0.6253739 0.212856 0.6144688 0.2286525 0.6315194 0.2314645 0.6072332 0.2411544 0.6206067 0.2520835 0.6315194 0.2314645 0.6315194 0.2314645 0.6144688 0.2286525 0.6072332 0.2411544 0.6253739 0.212856 0.6144612 0.203782 0.6003932 0.2210561 0.6003932 0.2210561 0.6144688 0.2286525 0.6253739 0.212856 0.6003932 0.2210561 0.5905727 0.2336078 0.6072332 0.2411544 0.6072332 0.2411544 0.6144688 0.2286525 0.6003932 0.2210561 0.6464667 0.229547 0.6506281 0.2074842 0.6392632 0.2107312 0.6392632 0.2107312 0.6315194 0.2314645 0.6464667 0.229547 0.6436533 0.2502995 0.6571236 0.2439607 0.6464667 0.229547 0.6464667 0.229547 0.6315194 0.2314645 0.6436533 0.2502995 0.6206067 0.2520835 0.6269986 0.2648152 0.6436533 0.2502995 0.6436533 0.2502995 0.6315194 0.2314645 0.6206067 0.2520835 0.6144612 0.203782 0.6097173 0.1952081 0.5940847 0.2130551 0.5940847 0.2130551 0.6003932 0.2210561 0.6144612 0.203782 0.5822815 0.2211249 0.5905727 0.2336078 0.6003932 0.2210561 0.6003932 0.2210561 0.5940847 0.2130551 0.5822815 0.2211249 0.6058061 0.1892157 0.6026343 0.1748154 0.5858907 0.188569 0.5858907 0.188569 0.5882419 0.2042379 0.6058061 0.1892157 0.5858907 0.188569 0.5736458 0.1871015 0.5750535 0.207829 0.5750535 0.207829 0.5882419 0.2042379 0.5858907 0.188569 0.6097173 0.1952081 0.6058061 0.1892157 0.5882419 0.2042379 0.5882419 0.2042379 0.5940847 0.2130551 0.6097173 0.1952081 0.5882419 0.2042379 0.5750535 0.207829 0.5822815 0.2211249 0.5822815 0.2211249 0.5940847 0.2130551 0.5882419 0.2042379 0.6026343 0.1748154 0.5983811 0.165614 0.5867198 0.1769385 0.5867198 0.1769385 0.5858907 0.188569 0.6026343 0.1748154 0.5867198 0.1769385 0.5838072 0.1716935 0.5736458 0.1871015 0.5736458 0.1871015 0.5858907 0.188569 0.5867198 0.1769385 0.6506281 0.2074842 0.6464667 0.229547 0.6609746 0.2251548 0.6609746 0.2251548 0.6665287 0.2090492 0.6506281 0.2074842 0.6609746 0.2251548 0.6464667 0.229547 0.6571236 0.2439607 0.6571236 0.2439607 0.6690455 0.2276828 0.6609746 0.2251548 0.6436533 0.2502995 0.6509953 0.2833137 0.6782485 0.2560921 0.6782485 0.2560921 0.6571236 0.2439607 0.6436533 0.2502995 0.6870729 0.2319368 0.6690455 0.2276828 0.6571236 0.2439607 0.6571236 0.2439607 0.6782485 0.2560921 0.6870729 0.2319368 0.6269986 0.2648152 0.6313837 0.2861179 0.6509953 0.2833137 0.6509953 0.2833137 0.6436533 0.2502995 0.6269986 0.2648152 0.5563254 0.1807023 0.5736458 0.1871015 0.5838072 0.1716935 0.5838072 0.1716935 0.5833698 0.1550835 0.5563254 0.1807023 0.5609598 0.2022759 0.5750535 0.207829 0.5736458 0.1871015 0.5736458 0.1871015 0.5563254 0.1807023 0.5609598 0.2022759 0.5750535 0.207829 0.5609598 0.2022759 0.5637847 0.2214547 0.5637847 0.2214547 0.5727131 0.2310071 0.5822815 0.2211249 0.5822815 0.2211249 0.5750535 0.207829 0.5637847 0.2214547 0.5832056 0.2406663 0.5963622 0.254607 0.6072332 0.2411544 0.6072332 0.2411544 0.5905727 0.2336078 0.5832056 0.2406663 0.5727131 0.2310071 0.5832056 0.2406663 0.5905727 0.2336078 0.5905727 0.2336078 0.5822815 0.2211249 0.5727131 0.2310071 0.5963622 0.254607 0.6064067 0.2641493 0.6206067 0.2520835 0.6206067 0.2520835 0.6072332 0.2411544 0.5963622 0.254607 0.6064067 0.2641493 0.618928 0.2796482 0.6269986 0.2648152 0.6269986 0.2648152 0.6206067 0.2520835 0.6064067 0.2641493 0.618928 0.2796482 0.6313837 0.2861179 0.6269986 0.2648152 0.6509953 0.2833137 0.6875382 0.3063657 0.6992654 0.2847105 0.6992654 0.2847105 0.6782485 0.2560921 0.6509953 0.2833137 0.6967626 0.3419491 0.7119424 0.3181869 0.6875382 0.3063657 0.6875382 0.3063657 0.6752262 0.3281055 0.6967626 0.3419491 0.7561106 0.373216 0.7689355 0.3502283 0.7374697 0.3346465 0.7374697 0.3346465 0.7185798 0.3541688 0.7561106 0.373216 0.7185798 0.3541688 0.7374697 0.3346465 0.7119424 0.3181869 0.7119424 0.3181869 0.6967626 0.3419491 0.7185798 0.3541688 0.7863568 0.3194501 0.7689355 0.3502283 0.7893271 0.3549852 0.7893271 0.3549852 0.8049022 0.3297089 0.7863568 0.3194501 0.7689355 0.3502283 0.7863568 0.3194501 0.7587094 0.3051721 0.7587094 0.3051721 0.7374697 0.3346465 0.7689355 0.3502283 0.8049022 0.3297089 0.8209837 0.3088083 0.8037406 0.2928588 0.8037406 0.2928588 0.7863568 0.3194501 0.8049022 0.3297089 0.7863568 0.3194501 0.8037406 0.2928588 0.7768923 0.2781284 0.7768923 0.2781284 0.7587094 0.3051721 0.7863568 0.3194501 0.8037406 0.2928588 0.8209837 0.3088083 0.8385565 0.2895902 0.8385565 0.2895902 0.8216217 0.2694875 0.8037406 0.2928588 0.8037406 0.2928588 0.8216217 0.2694875 0.7981402 0.2522397 0.7981402 0.2522397 0.7768923 0.2781284 0.8037406 0.2928588 0.580203 0.004587531 0.5494506 0.01372981 0.5548747 0.03518903 0.5548747 0.03518903 0.5879949 0.02915704 0.580203 0.004587531 0.5548747 0.03518903 0.5550798 0.06007975 0.5858367 0.05792075 0.5858367 0.05792075 0.5879949 0.02915704 0.5548747 0.03518903 0.5566483 0.1005377 0.5873374 0.09967446 0.5858367 0.05792075 0.5858367 0.05792075 0.5550798 0.06007975 0.5566483 0.1005377 0.7516636 0.2419466 0.740992 0.2668102 0.7768923 0.2781284 0.7768923 0.2781284 0.7981402 0.2522397 0.7516636 0.2419466 0.740992 0.2668102 0.7265732 0.2946163 0.7587094 0.3051721 0.7587094 0.3051721 0.7768923 0.2781284 0.740992 0.2668102 0.7265732 0.2946163 0.7119424 0.3181869 0.7374697 0.3346465 0.7374697 0.3346465 0.7587094 0.3051721 0.7265732 0.2946163 0.7119424 0.3181869 0.7265732 0.2946163 0.6992654 0.2847105 0.6992654 0.2847105 0.6875382 0.3063657 0.7119424 0.3181869 0.7265732 0.2946163 0.740992 0.2668102 0.7079072 0.2620981 0.7079072 0.2620981 0.6992654 0.2847105 0.7265732 0.2946163 0.740992 0.2668102 0.7516636 0.2419466 0.7195012 0.234978 0.7195012 0.234978 0.7079072 0.2620981 0.740992 0.2668102 0.5566483 0.1005377 0.5560004 0.133761 0.5836749 0.1276305 0.5836749 0.1276305 0.5873374 0.09967446 0.5566483 0.1005377 0.6992654 0.2847105 0.7079072 0.2620981 0.6782485 0.2560921 0.7079072 0.2620981 0.7195012 0.234978 0.6870729 0.2319368 0.6870729 0.2319368 0.6782485 0.2560921 0.7079072 0.2620981 0.5560004 0.133761 0.5563254 0.1807023 0.5833698 0.1550835 0.5833698 0.1550835 0.5836749 0.1276305 0.5560004 0.133761 0.5963622 0.254607 0.5832056 0.2406663 0.5723152 0.2570026 0.5723152 0.2570026 0.584405 0.268853 0.5963622 0.254607 0.5723152 0.2570026 0.5832056 0.2406663 0.5727131 0.2310071 0.5727131 0.2310071 0.5531373 0.2433022 0.5723152 0.2570026 0.5718585 0.2587391 0.5840563 0.2707495 0.584405 0.268853 0.584405 0.268853 0.5723152 0.2570026 0.5718585 0.2587391 0.5940964 0.2791653 0.6103878 0.2987082 0.618928 0.2796482 0.618928 0.2796482 0.6064067 0.2641493 0.5940964 0.2791653 0.584405 0.268853 0.5940964 0.2791653 0.6064067 0.2641493 0.6064067 0.2641493 0.5963622 0.254607 0.584405 0.268853 0.5940964 0.2791653 0.584405 0.268853 0.5840563 0.2707495 0.5840563 0.2707495 0.5901347 0.292539 0.5940964 0.2791653 0.7689355 0.3502283 0.7561106 0.373216 0.7810031 0.375597 0.7810031 0.375597 0.7893271 0.3549852 0.7689355 0.3502283 0.236948 0.3514741 0.2169011 0.3579854 0.2243424 0.3766618 0.2243424 0.3766618 0.2495896 0.3738309 0.236948 0.3514741 0.2658982 0.3348926 0.236948 0.3514741 0.2495896 0.3738309 0.2495896 0.3738309 0.2862015 0.3558044 0.2658982 0.3348926 0.7759814 0.3974729 0.7810031 0.375597 0.7561106 0.373216 0.7561106 0.373216 0.7469205 0.3935033 0.7759814 0.3974729 0.2495896 0.3738309 0.2243424 0.3766618 0.2302888 0.3994699 0.2302888 0.3994699 0.2588657 0.3937578 0.2495896 0.3738309 0.2929884 0.3195978 0.2658982 0.3348926 0.2862015 0.3558044 0.2862015 0.3558044 0.3081737 0.3426834 0.2929884 0.3195978 0.7469205 0.3935033 0.7561106 0.373216 0.7185798 0.3541688 0.7185798 0.3541688 0.7098246 0.3765577 0.7469205 0.3935033 0.2862015 0.3558044 0.2495896 0.3738309 0.2588657 0.3937578 0.2588657 0.3937578 0.2961387 0.3791078 0.2862015 0.3558044 0.3176898 0.3076304 0.2929884 0.3195978 0.3081737 0.3426834 0.3081737 0.3426834 0.3299582 0.329413 0.3176898 0.3076304 0.3574801 0.3155589 0.3541182 0.2845022 0.3176898 0.3076304 0.3176898 0.3076304 0.3299582 0.329413 0.3574801 0.3155589 0.7098246 0.3765577 0.7185798 0.3541688 0.6967626 0.3419491 0.6967626 0.3419491 0.6841367 0.3618346 0.7098246 0.3765577 0.3081737 0.3426834 0.2862015 0.3558044 0.2961387 0.3791078 0.2961387 0.3791078 0.321208 0.3640495 0.3081737 0.3426834 0.6875382 0.3063657 0.6509953 0.2833137 0.647732 0.3143485 0.647732 0.3143485 0.6752262 0.3281055 0.6875382 0.3063657 0.6841367 0.3618346 0.6967626 0.3419491 0.6752262 0.3281055 0.6752262 0.3281055 0.6639121 0.350471 0.6841367 0.3618346 0.3299582 0.329413 0.3081737 0.3426834 0.321208 0.3640495 0.321208 0.3640495 0.3412223 0.3520612 0.3299582 0.329413 0.3574801 0.3155589 0.3299582 0.329413 0.3412223 0.3520612 0.3412223 0.3520612 0.3667595 0.3369351 0.3574801 0.3155589 0.6639121 0.350471 0.6752262 0.3281055 0.647732 0.3143485 0.647732 0.3143485 0.6384565 0.3352487 0.6639121 0.350471 0.4113247 0.2802693 0.3987532 0.2652815 0.3864662 0.28097 0.3864662 0.28097 0.3951259 0.2998806 0.4113247 0.2802693 0.4212381 0.2718141 0.4208861 0.2699187 0.4113247 0.2802693 0.4113247 0.2802693 0.4153862 0.293829 0.4212381 0.2718141 0.3951259 0.2998806 0.3864662 0.28097 0.3738964 0.287423 0.3738964 0.287423 0.3790732 0.310383 0.3951259 0.2998806 0.3738964 0.287423 0.3541182 0.2845022 0.3574801 0.3155589 0.3574801 0.3155589 0.3790732 0.310383 0.3738964 0.287423 0.4153862 0.293829 0.4113247 0.2802693 0.3951259 0.2998806 0.3951259 0.2998806 0.4041123 0.3161829 0.4153862 0.293829 0.3935768 0.3225347 0.4041123 0.3161829 0.3951259 0.2998806 0.3951259 0.2998806 0.3790732 0.310383 0.3935768 0.3225347 0.647732 0.3143485 0.6509953 0.2833137 0.6313837 0.2861179 0.6313837 0.2861179 0.6263713 0.3090491 0.647732 0.3143485 0.6313837 0.2861179 0.618928 0.2796482 0.6103878 0.2987082 0.6103878 0.2987082 0.6263713 0.3090491 0.6313837 0.2861179 0.3574801 0.3155589 0.3667595 0.3369351 0.3788174 0.3314074 0.3788174 0.3314074 0.3790732 0.310383 0.3574801 0.3155589 0.647732 0.3143485 0.6263713 0.3090491 0.6273108 0.3277977 0.6273108 0.3277977 0.6384565 0.3352487 0.647732 0.3143485 0.3935768 0.3225347 0.3790732 0.310383 0.3788174 0.3314074 0.5233358 0.03688097 0.5548747 0.03518903 0.5494506 0.01372981 0.5494506 0.01372981 0.5222594 0.01481962 0.5233358 0.03688097 0.5548747 0.03518903 0.5233358 0.03688097 0.5254324 0.06196945 0.5254324 0.06196945 0.5550798 0.06007975 0.5548747 0.03518903 0.4805834 0.01768231 0.4793928 0.03838467 0.5019757 0.03823924 0.5019757 0.03823924 0.5008479 0.01701158 0.4805834 0.01768231 0.5233358 0.03688097 0.5222594 0.01481962 0.5008479 0.01701158 0.5008479 0.01701158 0.5019757 0.03823924 0.5233358 0.03688097 0.5550798 0.06007975 0.5254324 0.06196945 0.5293294 0.1039949 0.5293294 0.1039949 0.5566483 0.1005377 0.5550798 0.06007975 0.4793928 0.03838467 0.4772112 0.06383734 0.5024971 0.0636729 0.5024971 0.0636729 0.5019757 0.03823924 0.4793928 0.03838467 0.5254324 0.06196945 0.5233358 0.03688097 0.5019757 0.03823924 0.5019757 0.03823924 0.5024971 0.0636729 0.5254324 0.06196945 0.5353081 0.1822952 0.5563254 0.1807023 0.5560004 0.133761 0.5560004 0.133761 0.5325112 0.1361583 0.5353081 0.1822952 0.5566483 0.1005377 0.5293294 0.1039949 0.5325112 0.1361583 0.5325112 0.1361583 0.5560004 0.133761 0.5566483 0.1005377 0.4772112 0.06383734 0.4748772 0.1043661 0.5017201 0.1031129 0.5017201 0.1031129 0.5024971 0.0636729 0.4772112 0.06383734 0.5004503 0.1342937 0.5325112 0.1361583 0.5293294 0.1039949 0.5293294 0.1039949 0.5017201 0.1031129 0.5004503 0.1342937 0.5254324 0.06196945 0.5024971 0.0636729 0.5017201 0.1031129 0.5017201 0.1031129 0.5293294 0.1039949 0.5254324 0.06196945 0.4748772 0.1043661 0.4716413 0.1363987 0.5004503 0.1342937 0.5004503 0.1342937 0.5017201 0.1031129 0.4748772 0.1043661 0.4716413 0.1363987 0.4690546 0.182397 0.5023232 0.1852306 0.5023232 0.1852306 0.5004503 0.1342937 0.4716413 0.1363987 0.5023232 0.1852306 0.5353081 0.1822952 0.5325112 0.1361583 0.5325112 0.1361583 0.5004503 0.1342937 0.5023232 0.1852306 0.5531373 0.2433022 0.5727131 0.2310071 0.5637847 0.2214547 0.5637847 0.2214547 0.5372703 0.2401468 0.5531373 0.2433022 0.4412494 0.2218513 0.4324268 0.2315886 0.4499939 0.2453049 0.4499939 0.2453049 0.4648587 0.2417135 0.4412494 0.2218513 0.5540908 0.2464143 0.5718585 0.2587391 0.5723152 0.2570026 0.5723152 0.2570026 0.5531373 0.2433022 0.5540908 0.2464143 0.5563254 0.1807023 0.5353081 0.1822952 0.5402192 0.2050023 0.5402192 0.2050023 0.5609598 0.2022759 0.5563254 0.1807023 0.5402192 0.2050023 0.5353081 0.1822952 0.5023232 0.1852306 0.5023232 0.1852306 0.5025762 0.2120928 0.5402192 0.2050023 0.5637847 0.2214547 0.5609598 0.2022759 0.5402192 0.2050023 0.5402192 0.2050023 0.5372703 0.2401468 0.5637847 0.2214547 0.5241299 0.2375578 0.5372703 0.2401468 0.5402192 0.2050023 0.5025762 0.2120928 0.5053887 0.2350681 0.5241299 0.2375578 0.5241299 0.2375578 0.5402192 0.2050023 0.5025762 0.2120928 0.4647767 0.2057088 0.4690546 0.182397 0.4481829 0.1812821 0.4481829 0.1812821 0.4437806 0.2029846 0.4647767 0.2057088 0.5025762 0.2120928 0.5023232 0.1852306 0.4690546 0.182397 0.4690546 0.182397 0.4647767 0.2057088 0.5025762 0.2120928 0.4647767 0.2057088 0.4437806 0.2029846 0.4412494 0.2218513 0.4412494 0.2218513 0.4648587 0.2417135 0.4647767 0.2057088 0.4647767 0.2057088 0.4648587 0.2417135 0.4810992 0.2380316 0.4810992 0.2380316 0.5053887 0.2350681 0.5025762 0.2120928 0.5025762 0.2120928 0.4647767 0.2057088 0.4810992 0.2380316 0.6103878 0.2987082 0.5940964 0.2791653 0.5901347 0.292539 0.5901347 0.292539 0.6020619 0.3128499 0.6103878 0.2987082 0.6129627 0.318888 0.6263713 0.3090491 0.6103878 0.2987082 0.6103878 0.2987082 0.6020619 0.3128499 0.6129627 0.318888 0.6129627 0.318888 0.6273108 0.3277977 0.6263713 0.3090491 0.5116429 0.2419357 0.5242313 0.2453138 0.5241299 0.2375578 0.5241299 0.2375578 0.5053887 0.2350681 0.5116429 0.2419357 0.4972628 0.2424932 0.5053887 0.2350681 0.4810992 0.2380316 0.4810992 0.2380316 0.4853199 0.2454919 0.4972628 0.2424932 0.5116429 0.2419357 0.5053887 0.2350681 0.4972628 0.2424932 0.5531373 0.2433022 0.5372703 0.2401468 0.5374957 0.2468736 0.5374957 0.2468736 0.5540908 0.2464143 0.5531373 0.2433022 0.5242313 0.2453138 0.5374957 0.2468736 0.5372703 0.2401468 0.5372703 0.2401468 0.5241299 0.2375578 0.5242313 0.2453138 0.4686146 0.2471026 0.4853199 0.2454919 0.4810992 0.2380316 0.4810992 0.2380316 0.4648587 0.2417135 0.4686146 0.2471026 0.4648587 0.2417135 0.4499939 0.2453049 0.4511332 0.2464116 0.4511332 0.2464116 0.4686146 0.2471026 0.4648587 0.2417135 0.1834284 0.7393172 0.16932 0.738237 0.1730507 0.7314398 0.1730507 0.7314398 0.1852425 0.7268967 0.1834284 0.7393172 0.2078991 0.7292336 0.2090621 0.7409288 0.1834284 0.7393172 0.1834284 0.7393172 0.1852425 0.7268967 0.2078991 0.7292336 0.2186927 0.8087092 0.1946727 0.8165735 0.1937537 0.8066945 0.1937537 0.8066945 0.2157722 0.7980702 0.2186927 0.8087092 0.1946727 0.8165735 0.1845086 0.8205611 0.177302 0.8090815 0.177302 0.8090815 0.1937537 0.8066945 0.1946727 0.8165735 0.2157722 0.7980702 0.1937537 0.8066945 0.1870175 0.7931068 0.1870175 0.7931068 0.2132043 0.7875227 0.2157722 0.7980702 0.2379125 0.7924947 0.2157722 0.7980702 0.2132043 0.7875227 0.2132043 0.7875227 0.2349985 0.7824677 0.2379125 0.7924947 0.1812113 0.7562699 0.1834284 0.7393172 0.2090621 0.7409288 0.2090621 0.7409288 0.2105627 0.7546823 0.1812113 0.7562699 0.2132043 0.7875227 0.1870175 0.7931068 0.1845326 0.7834522 0.1845326 0.7834522 0.2113424 0.7775719 0.2132043 0.7875227 0.181551 0.7727608 0.1812113 0.7562699 0.2105627 0.7546823 0.2105627 0.7546823 0.2115709 0.7661489 0.181551 0.7727608 0.2349985 0.7824677 0.2132043 0.7875227 0.2113424 0.7775719 0.2113424 0.7775719 0.2321106 0.7729678 0.2349985 0.7824677 0.2321106 0.7729678 0.2113424 0.7775719 0.2115709 0.7661489 0.2115709 0.7661489 0.2316163 0.7643194 0.2321106 0.7729678 0.2115709 0.7661489 0.2105627 0.7546823 0.2302768 0.7511585 0.2302768 0.7511585 0.2316163 0.7643194 0.2115709 0.7661489 0.16932 0.738237 0.1834284 0.7393172 0.1812113 0.7562699 0.1812113 0.7562699 0.1651275 0.7556798 0.16932 0.738237 0.1870175 0.7931068 0.1937537 0.8066945 0.177302 0.8090815 0.177302 0.8090815 0.1681352 0.7985514 0.1870175 0.7931068 0.03391188 0.7475627 0.03545612 0.7551178 0.003565251 0.756344 0.003565251 0.756344 -0.001565754 0.7420047 0.03391188 0.7475627 0.01071083 0.7148138 0.03864663 0.7286848 0.03485703 0.7346827 0.03485703 0.7346827 5.20559e-4 0.7278616 0.01071083 0.7148138 0.08864885 0.7451605 0.06610983 0.7352533 0.0675168 0.7304227 0.1165584 0.8055948 0.1448209 0.8052572 0.1244969 0.8160596 0.1487737 0.9514785 0.1339052 0.9513587 0.134341 0.9324677 0.134341 0.9324677 0.1492159 0.9307383 0.1487737 0.9514785 0.1304577 0.9078989 0.1431636 0.9040048 0.1492159 0.9307383 0.1492159 0.9307383 0.134341 0.9324677 0.1304577 0.9078989 0.132322 0.8555817 0.1537829 0.858927 0.150405 0.8729372 0.150405 0.8729372 0.126592 0.8760821 0.132322 0.8555817 0.08128541 0.7075375 0.0974105 0.7289025 0.07669442 0.7133874 0.1069736 0.769518 0.08191478 0.7772408 0.08055794 0.7688668 0.07173317 0.9138358 0.05931049 0.905133 0.07774412 0.881799 0.07774412 0.881799 0.08904302 0.8917477 0.07173317 0.9138358 0.03485703 0.7346827 0.03391188 0.7475627 -0.001565754 0.7420047 -0.001565754 0.7420047 5.20559e-4 0.7278616 0.03485703 0.7346827 0.06231367 0.9267572 0.05050528 0.9185466 0.05931049 0.905133 0.05931049 0.905133 0.07173317 0.9138358 0.06231367 0.9267572 0.11381 0.9033863 0.1059499 0.9323936 0.09171313 0.925383 0.09171313 0.925383 0.1008254 0.8988607 0.11381 0.9033863 0.0842604 0.9411029 0.09171313 0.925383 0.1059499 0.9323936 0.1059499 0.9323936 0.09752148 0.9483183 0.0842604 0.9411029 0.1020472 0.6900512 0.111608 0.710702 0.09656101 0.6953675 0.1993575 0.9310107 0.1862901 0.9372045 0.1773585 0.9189822 0.1773585 0.9189822 0.1882088 0.9110329 0.1993575 0.9310107 0.173839 0.8977435 0.1882088 0.9110329 0.1773585 0.9189822 0.1773585 0.9189822 0.1639057 0.9044448 0.173839 0.8977435 0.1329448 0.6913689 0.125943 0.6999213 0.1153802 0.6844584 0.1153802 0.6844584 0.1268926 0.6820583 0.1329448 0.6913689 0.1103603 0.7549196 0.08864885 0.7451605 0.0974105 0.7289025 0.0974105 0.7289025 0.1160989 0.7390493 0.1103603 0.7549196 0.1520929 0.8258883 0.1537829 0.858927 0.132322 0.8555817 0.1648771 0.8695288 0.150405 0.8729372 0.1537829 0.858927 0.1537829 0.858927 0.1658397 0.8575854 0.1648771 0.8695288 0.1439933 0.696219 0.1357064 0.7071846 0.125943 0.6999213 0.125943 0.6999213 0.1329448 0.6913689 0.1439933 0.696219 0.1664668 0.8386377 0.1658397 0.8575854 0.1537829 0.858927 0.1537829 0.858927 0.1520929 0.8258883 0.1664668 0.8386377 0.1448209 0.8052572 0.1551527 0.8062111 0.1520929 0.8258883 0.1520929 0.8258883 0.1244969 0.8160596 0.1448209 0.8052572 0.1074222 0.8683506 0.132322 0.8555817 0.126592 0.8760821 0.08191478 0.7772408 0.09308952 0.7962647 0.07936662 0.8049697 0.07936662 0.8049697 0.07005834 0.7915627 0.08191478 0.7772408 0.09308952 0.7962647 0.1006382 0.8150163 0.08678662 0.8195507 0.08678662 0.8195507 0.07936662 0.8049697 0.09308952 0.7962647 0.07936662 0.8049697 0.08678662 0.8195507 0.07490634 0.8205286 0.07490634 0.8205286 0.06122702 0.8149641 0.07936662 0.8049697 0.1382981 0.7906544 0.1448209 0.8052572 0.1165584 0.8055948 0.1165584 0.8055948 0.1142129 0.7895111 0.1382981 0.7906544 0.06416285 0.7670636 0.08055794 0.7688668 0.08191478 0.7772408 0.08191478 0.7772408 0.05933874 0.7747538 0.06416285 0.7670636 0.08191478 0.7772408 0.07005834 0.7915627 0.06271231 0.7834064 0.06271231 0.7834064 0.05933874 0.7747538 0.08191478 0.7772408 0.08678662 0.8195507 0.1006382 0.8150163 0.1005402 0.8301721 0.1005402 0.8301721 0.08283823 0.8366536 0.08678662 0.8195507 0.05251759 0.7901905 0.06271231 0.7834064 0.07005834 0.7915627 0.07005834 0.7915627 0.05417281 0.8038678 0.05251759 0.7901905 0.09308952 0.7962647 0.08191478 0.7772408 0.1069736 0.769518 0.1069736 0.769518 0.1142129 0.7895111 0.09308952 0.7962647 0.09308952 0.7962647 0.1142129 0.7895111 0.1165584 0.8055948 0.1165584 0.8055948 0.1006382 0.8150163 0.09308952 0.7962647 0.07005834 0.7915627 0.07936662 0.8049697 0.06122702 0.8149641 0.06122702 0.8149641 0.05417281 0.8038678 0.07005834 0.7915627 0.07490634 0.8205286 0.08678662 0.8195507 0.08283823 0.8366536 0.08283823 0.8366536 0.0694921 0.8332344 0.07490634 0.8205286 0.0694921 0.8332344 0.05404442 0.8279094 0.06122702 0.8149641 0.06122702 0.8149641 0.07490634 0.8205286 0.0694921 0.8332344 0.1069736 0.769518 0.1103603 0.7549196 0.1327598 0.7704196 0.08864885 0.7451605 0.1103603 0.7549196 0.1069736 0.769518 0.1069736 0.769518 0.08055794 0.7688668 0.08864885 0.7451605 0.1103603 0.7549196 0.1160989 0.7390493 0.1396789 0.7502415 0.1396789 0.7502415 0.1327598 0.7704196 0.1103603 0.7549196 0.111608 0.710702 0.1256359 0.7230354 0.1160989 0.7390493 0.1160989 0.7390493 0.0974105 0.7289025 0.111608 0.710702 0.1421747 0.732666 0.1396789 0.7502415 0.1160989 0.7390493 0.1160989 0.7390493 0.1256359 0.7230354 0.1421747 0.732666 0.1256359 0.7230354 0.1357064 0.7071846 0.1489 0.7188103 0.1489 0.7188103 0.1421747 0.732666 0.1256359 0.7230354 0.1357064 0.7071846 0.1256359 0.7230354 0.111608 0.710702 0.111608 0.710702 0.125943 0.6999213 0.1357064 0.7071846 0.1439933 0.696219 0.1648771 0.7058475 0.1489 0.7188103 0.1489 0.7188103 0.1357064 0.7071846 0.1439933 0.696219 0.1142129 0.7895111 0.1069736 0.769518 0.1327598 0.7704196 0.1327598 0.7704196 0.1382981 0.7906544 0.1142129 0.7895111 0.1845326 0.7834522 0.1870175 0.7931068 0.1681352 0.7985514 0.1681352 0.7985514 0.1642433 0.7885572 0.1845326 0.7834522 0.2115709 0.7661489 0.2113424 0.7775719 0.1845326 0.7834522 0.1845326 0.7834522 0.181551 0.7727608 0.2115709 0.7661489 0.1648771 0.7058475 0.1617017 0.7224865 0.1489 0.7188103 0.1489 0.7188103 0.1617017 0.7224865 0.1540573 0.734552 0.1540573 0.734552 0.1421747 0.732666 0.1489 0.7188103 0.16932 0.738237 0.1540573 0.734552 0.1617017 0.7224865 0.1617017 0.7224865 0.1730507 0.7314398 0.16932 0.738237 0.1520929 0.8258883 0.1618912 0.8154366 0.178539 0.8334434 0.178539 0.8334434 0.1664668 0.8386377 0.1520929 0.8258883 0.1618912 0.8154366 0.177302 0.8090815 0.1845086 0.8205611 0.1845086 0.8205611 0.178539 0.8334434 0.1618912 0.8154366 0.1396789 0.7502415 0.1421747 0.732666 0.1540573 0.734552 0.1540573 0.734552 0.1496405 0.7536695 0.1396789 0.7502415 0.16932 0.738237 0.1651275 0.7556798 0.1496405 0.7536695 0.1496405 0.7536695 0.1540573 0.734552 0.16932 0.738237 0.1396789 0.7502415 0.1496405 0.7536695 0.1477327 0.7743769 0.1477327 0.7743769 0.1327598 0.7704196 0.1396789 0.7502415 0.1382981 0.7906544 0.1327598 0.7704196 0.1477327 0.7743769 0.1477327 0.7743769 0.1485951 0.7910378 0.1382981 0.7906544 0.1681352 0.7985514 0.177302 0.8090815 0.1618912 0.8154366 0.1618912 0.8154366 0.1551527 0.8062111 0.1681352 0.7985514 0.1448209 0.8052572 0.1382981 0.7906544 0.1485951 0.7910378 0.1485951 0.7910378 0.1551527 0.8062111 0.1448209 0.8052572 0.1681352 0.7985514 0.1551527 0.8062111 0.1485951 0.7910378 0.1485951 0.7910378 0.1642433 0.7885572 0.1681352 0.7985514 0.1477327 0.7743769 0.1640865 0.7743485 0.1642433 0.7885572 0.1642433 0.7885572 0.1485951 0.7910378 0.1477327 0.7743769 0.1642433 0.7885572 0.1640865 0.7743485 0.181551 0.7727608 0.181551 0.7727608 0.1845326 0.7834522 0.1642433 0.7885572 0.1640865 0.7743485 0.1651275 0.7556798 0.1812113 0.7562699 0.1812113 0.7562699 0.181551 0.7727608 0.1640865 0.7743485 0.1477327 0.7743769 0.1496405 0.7536695 0.1651275 0.7556798 0.1651275 0.7556798 0.1640865 0.7743485 0.1477327 0.7743769 0.0487346 0.7022583 0.01895201 0.6775414 0.03560847 0.6725889 0.03560847 0.6725889 0.0559653 0.6950145 0.0487346 0.7022583 0.009593546 0.6898836 0.01895201 0.6775414 0.0487346 0.7022583 0.0487346 0.7022583 0.04366672 0.7131456 0.009593546 0.6898836 0.01229858 0.7076944 0.009593546 0.6898836 0.04366672 0.7131456 0.04366672 0.7131456 0.03984236 0.7191566 0.01229858 0.7076944 0.05610239 0.7297368 0.03984236 0.7191566 0.04366672 0.7131456 0.04366672 0.7131456 0.0675168 0.7304227 0.05610239 0.7297368 0.05610239 0.7297368 0.0675168 0.7304227 0.06610983 0.7352533 0.06610983 0.7352533 0.0549373 0.7304141 0.05610239 0.7297368 0.1074222 0.8683506 0.1060458 0.8758599 0.102265 0.8754113 0.0487346 0.7022583 0.0559653 0.6950145 0.0697143 0.7069168 0.0697143 0.7069168 0.07669442 0.7133874 0.0487346 0.7022583 0.11381 0.9033863 0.1008254 0.8988607 0.1060458 0.8758599 0.1060458 0.8758599 0.1236714 0.8830317 0.11381 0.9033863 0.126592 0.8760821 0.1236714 0.8830317 0.1060458 0.8758599 0.1060458 0.8758599 0.1074222 0.8683506 0.126592 0.8760821 0.06125974 0.7523868 0.08055794 0.7688668 0.06416285 0.7670636 0.06416285 0.7670636 0.05598497 0.7626881 0.06125974 0.7523868 0.06125974 0.7523868 0.05598497 0.7626881 0.03545612 0.7551178 0.03545612 0.7551178 0.03391188 0.7475627 0.06125974 0.7523868 0.03864663 0.7286848 0.0549373 0.7304141 0.06610983 0.7352533 0.06610983 0.7352533 0.03485703 0.7346827 0.03864663 0.7286848 0.09112507 0.8597284 0.09403264 0.8457397 0.1074222 0.8683506 0.1074222 0.8683506 0.102265 0.8754113 0.09112507 0.8597284 0.07774412 0.881799 0.09112507 0.8597284 0.102265 0.8754113 0.102265 0.8754113 0.08904302 0.8917477 0.07774412 0.881799 0.07656586 0.676152 0.06475079 0.6434553 0.08449548 0.6465435 0.08449548 0.6465435 0.08774495 0.6744859 0.07656586 0.676152 0.04112732 0.6661729 0.05061417 0.6488805 0.06662386 0.6815597 0.06662386 0.6815597 0.05780118 0.6874508 0.04112732 0.6661729 0.09656101 0.6953675 0.07656586 0.676152 0.08774495 0.6744859 0.08774495 0.6744859 0.09386491 0.687575 0.09656101 0.6953675 0.06921768 0.7061676 0.08128541 0.7075375 0.07669442 0.7133874 0.07669442 0.7133874 0.0697143 0.7069168 0.06921768 0.7061676 0.06921768 0.7061676 0.05780118 0.6874508 0.06662386 0.6815597 0.06662386 0.6815597 0.08128541 0.7075375 0.06921768 0.7061676 0.126592 0.8760821 0.1257252 0.8838877 0.1236714 0.8830317 0.06475079 0.6434553 0.07656586 0.676152 0.06662386 0.6815597 0.06662386 0.6815597 0.05061417 0.6488805 0.06475079 0.6434553 0.1431636 0.9040048 0.1304577 0.9078989 0.1257252 0.8838877 0.1257252 0.8838877 0.147552 0.8824328 0.1431636 0.9040048 0.147552 0.8824328 0.1257252 0.8838877 0.126592 0.8760821 0.126592 0.8760821 0.150405 0.8729372 0.147552 0.8824328 0.08996421 0.6419111 0.1082847 0.6302987 0.1048567 0.6623398 0.1048567 0.6623398 0.09404557 0.6647093 0.08996421 0.6419111 0.1153802 0.6844584 0.1155393 0.6613706 0.1267946 0.6680567 0.1267946 0.6680567 0.1268926 0.6820583 0.1153802 0.6844584 0.1155393 0.6613706 0.1232206 0.6319234 0.136656 0.6501153 0.136656 0.6501153 0.1267946 0.6680567 0.1155393 0.6613706 0.09404778 0.6879758 0.1020472 0.6900512 0.09656101 0.6953675 0.09656101 0.6953675 0.09386491 0.687575 0.09404778 0.6879758 0.1020472 0.6900512 0.09404778 0.6879758 0.09404557 0.6647093 0.09404557 0.6647093 0.1048567 0.6623398 0.1020472 0.6900512 0.150405 0.8729372 0.1512305 0.8842775 0.147552 0.8824328 0.1155393 0.6613706 0.1048567 0.6623398 0.1082847 0.6302987 0.1082847 0.6302987 0.1232206 0.6319234 0.1155393 0.6613706 0.1640408 0.8824045 0.173839 0.8977435 0.1639057 0.9044448 0.1639057 0.9044448 0.1512305 0.8842775 0.1640408 0.8824045 0.1640408 0.8824045 0.1512305 0.8842775 0.150405 0.8729372 0.150405 0.8729372 0.1648771 0.8695288 0.1640408 0.8824045 0.1153802 0.6844584 0.1020472 0.6900512 0.1048567 0.6623398 0.1048567 0.6623398 0.1155393 0.6613706 0.1153802 0.6844584 0.125943 0.6999213 0.111608 0.710702 0.1020472 0.6900512 0.1020472 0.6900512 0.1153802 0.6844584 0.125943 0.6999213 0.0974105 0.7289025 0.08128541 0.7075375 0.09656101 0.6953675 0.09656101 0.6953675 0.111608 0.710702 0.0974105 0.7289025 0.07656586 0.676152 0.09656101 0.6953675 0.08128541 0.7075375 0.08128541 0.7075375 0.06662386 0.6815597 0.07656586 0.676152 0.07669442 0.7133874 0.0974105 0.7289025 0.08864885 0.7451605 0.08864885 0.7451605 0.0675168 0.7304227 0.07669442 0.7133874 0.04366672 0.7131456 0.0487346 0.7022583 0.07669442 0.7133874 0.07669442 0.7133874 0.0675168 0.7304227 0.04366672 0.7131456 0.08055794 0.7688668 0.06125974 0.7523868 0.06610983 0.7352533 0.06610983 0.7352533 0.08864885 0.7451605 0.08055794 0.7688668 0.06610983 0.7352533 0.06125974 0.7523868 0.03391188 0.7475627 0.03391188 0.7475627 0.03485703 0.7346827 0.06610983 0.7352533 0.2453806 0.7702214 0.2321106 0.7729678 0.2316163 0.7643194 0.2316163 0.7643194 0.2440782 0.7619194 0.2453806 0.7702214 0.2453806 0.7702214 0.2480201 0.7784888 0.2349985 0.7824677 0.2349985 0.7824677 0.2321106 0.7729678 0.2453806 0.7702214 0.2970314 0.7585132 0.2631173 0.7709141 0.2620001 0.7629495 0.2620001 0.7629495 0.2962452 0.7517291 0.2970314 0.7585132 0.2631173 0.7709141 0.2480201 0.7784888 0.2453806 0.7702214 0.2453806 0.7702214 0.2620001 0.7629495 0.2631173 0.7709141 0.2620001 0.7629495 0.2453806 0.7702214 0.2440782 0.7619194 0.2440782 0.7619194 0.2611616 0.7571237 0.2620001 0.7629495 0.2942154 0.7434182 0.2952411 0.7472405 0.2611616 0.7571237 0.2611616 0.7571237 0.2608479 0.7511083 0.2942154 0.7434182 0.2962452 0.7517291 0.2620001 0.7629495 0.2611616 0.7571237 0.2611616 0.7571237 0.2952411 0.7472405 0.2962452 0.7517291 0.2631173 0.7709141 0.2970314 0.7585132 0.2975084 0.7660726 0.2975084 0.7660726 0.2668132 0.779471 0.2631173 0.7709141 0.2905762 0.7339988 0.2942154 0.7434182 0.2608479 0.7511083 0.2608479 0.7511083 0.2601162 0.7372961 0.2905762 0.7339988 0.2975084 0.7660726 0.2995077 0.7693046 0.2728416 0.7864053 0.2728416 0.7864053 0.2668132 0.779471 0.2975084 0.7660726 0.289951 0.7283778 0.2905762 0.7339988 0.2601162 0.7372961 0.2601162 0.7372961 0.2591491 0.7284147 0.289951 0.7283778 0.2591491 0.7284147 0.2601162 0.7372961 0.2551462 0.7376926 0.2551462 0.7376926 0.2549263 0.7281861 0.2591491 0.7284147 0.2668132 0.779471 0.2728416 0.7864053 0.2691588 0.7892649 0.2691588 0.7892649 0.2544863 0.7866972 0.2668132 0.779471 0.2544863 0.7866972 0.2480201 0.7784888 0.2631173 0.7709141 0.2631173 0.7709141 0.2668132 0.779471 0.2544863 0.7866972 0.2379125 0.7924947 0.2349985 0.7824677 0.2480201 0.7784888 0.2480201 0.7784888 0.2544863 0.7866972 0.2379125 0.7924947 0.2549263 0.7281861 0.244614 0.7294688 0.2450887 0.7177605 0.2412098 0.8024564 0.2186927 0.8087092 0.2157722 0.7980702 0.2157722 0.7980702 0.2379125 0.7924947 0.2412098 0.8024564 0.2371219 0.7291204 0.2450887 0.7177605 0.244614 0.7294688 0.2379125 0.7924947 0.2544863 0.7866972 0.2511759 0.7984708 0.2511759 0.7984708 0.2412098 0.8024564 0.2379125 0.7924947 0.2090621 0.7409288 0.2078991 0.7292336 0.2278181 0.7303487 0.2278181 0.7303487 0.2289156 0.738054 0.2090621 0.7409288 0.2461472 0.7366601 0.244614 0.7294688 0.2549263 0.7281861 0.2549263 0.7281861 0.2551462 0.7376926 0.2461472 0.7366601 0.2289156 0.738054 0.2302768 0.7511585 0.2105627 0.7546823 0.2105627 0.7546823 0.2090621 0.7409288 0.2289156 0.738054 0.2440782 0.7619194 0.2316163 0.7643194 0.2302768 0.7511585 0.2302768 0.7511585 0.2450038 0.7519686 0.2440782 0.7619194 0.2289156 0.738054 0.2278181 0.7303487 0.2371219 0.7291204 0.2371219 0.7291204 0.2377405 0.7389949 0.2289156 0.738054 0.2450038 0.7519686 0.2377405 0.7389949 0.2461472 0.7366601 0.2551462 0.7376926 0.2450038 0.7519686 0.2461472 0.7366601 0.2611616 0.7571237 0.2440782 0.7619194 0.2450038 0.7519686 0.2450038 0.7519686 0.2608479 0.7511083 0.2611616 0.7571237 0.2302768 0.7511585 0.2289156 0.738054 0.2377405 0.7389949 0.2377405 0.7389949 0.2450038 0.7519686 0.2302768 0.7511585 0.2551462 0.7376926 0.2601162 0.7372961 0.2608479 0.7511083 0.2608479 0.7511083 0.2450038 0.7519686 0.2551462 0.7376926 0.244614 0.7294688 0.2461472 0.7366601 0.2377405 0.7389949 0.2377405 0.7389949 0.2371219 0.7291204 0.244614 0.7294688 0.1244969 0.8160596 0.1005402 0.8301721 0.1006382 0.8150163 0.1006382 0.8150163 0.1165584 0.8055948 0.1244969 0.8160596 0.1244969 0.8160596 0.1520929 0.8258883 0.132322 0.8555817 0.132322 0.8555817 0.1005402 0.8301721 0.1244969 0.8160596 0.1074222 0.8683506 0.09403264 0.8457397 0.1005402 0.8301721 0.1005402 0.8301721 0.132322 0.8555817 0.1074222 0.8683506 0.1520929 0.8258883 0.1551527 0.8062111 0.1618912 0.8154366 0.8088582 0.7509732 0.8081068 0.7379863 0.8202838 0.7437779 0.8202838 0.7437779 0.8235214 0.7511324 0.8088582 0.7509732 0.7845048 0.7383524 0.8081068 0.7379863 0.8088582 0.7509732 0.8088582 0.7509732 0.7822476 0.7503217 0.7845048 0.7383524 0.7661828 0.8194297 0.7701588 0.8087094 0.7921121 0.8196023 0.7921121 0.8196023 0.7902709 0.8297186 0.7661828 0.8194297 0.7902709 0.8297186 0.7921121 0.8196023 0.8088815 0.8235527 0.8088815 0.8235527 0.8004044 0.8347536 0.7902709 0.8297186 0.7701588 0.8087094 0.7737625 0.798052 0.8002939 0.8061825 0.8002939 0.8061825 0.7921121 0.8196023 0.7701588 0.8087094 0.7478042 0.8009535 0.7517183 0.7908647 0.7737625 0.798052 0.7737625 0.798052 0.7701588 0.8087094 0.7478042 0.8009535 0.8096156 0.7686758 0.7794561 0.7643855 0.7822476 0.7503217 0.7822476 0.7503217 0.8088582 0.7509732 0.8096156 0.7686758 0.7737625 0.798052 0.7765836 0.7879468 0.8037316 0.7964394 0.8037316 0.7964394 0.8002939 0.8061825 0.7737625 0.798052 0.8077755 0.7856707 0.7773796 0.7761328 0.7794561 0.7643855 0.7794561 0.7643855 0.8096156 0.7686758 0.8077755 0.7856707 0.7517183 0.7908647 0.7555579 0.7813177 0.7765836 0.7879468 0.7765836 0.7879468 0.7737625 0.798052 0.7517183 0.7908647 0.7555579 0.7813177 0.7568495 0.7724335 0.7773796 0.7761328 0.7773796 0.7761328 0.7765836 0.7879468 0.7555579 0.7813177 0.7773796 0.7761328 0.7568495 0.7724335 0.7594214 0.7589667 0.7594214 0.7589667 0.7794561 0.7643855 0.7773796 0.7761328 0.8235214 0.7511324 0.8262742 0.7695193 0.8096156 0.7686758 0.8096156 0.7686758 0.8088582 0.7509732 0.8235214 0.7511324 0.8002939 0.8061825 0.8192966 0.8135092 0.8088815 0.8235527 0.8088815 0.8235527 0.7921121 0.8196023 0.8002939 0.8061825 0.9930143 0.784798 0.9602006 0.7806516 0.962477 0.7729911 0.962477 0.7729911 0.9996069 0.7704576 0.9930143 0.784798 0.9626644 0.7596082 0.9592939 0.7530738 0.9893881 0.7412763 0.9893881 0.7412763 0.9987303 0.7556673 0.9626644 0.7596082 0.9061826 0.765567 0.9293308 0.7522602 0.930347 0.7573744 0.8719093 0.8254398 0.8627683 0.8355267 0.842761 0.8225383 0.8254727 0.9731429 0.8268896 0.9516905 0.8420908 0.9548194 0.8420908 0.9548194 0.840834 0.9743624 0.8254727 0.9731429 0.8483189 0.9298048 0.8420908 0.9548194 0.8268896 0.9516905 0.8268896 0.9516905 0.8355529 0.9246369 0.8483189 0.9298048 0.8511199 0.8756231 0.8551837 0.8973057 0.8308829 0.891908 0.8308829 0.891908 0.8286609 0.8771386 0.8511199 0.8756231 0.9171828 0.7273893 0.9213945 0.7338435 0.8986054 0.7479906 0.8850637 0.7890591 0.9123944 0.7907727 0.9102373 0.7992956 0.9050989 0.9076204 0.9220225 0.9333759 0.908411 0.9412387 0.908411 0.9412387 0.8925352 0.9168709 0.9050989 0.9076204 0.9996069 0.7704576 0.962477 0.7729911 0.9626644 0.7596082 0.9626644 0.7596082 0.9987303 0.7556673 0.9996069 0.7704576 0.9169688 0.9554299 0.908411 0.9412387 0.9220225 0.9333759 0.9220225 0.9333759 0.9299015 0.9480196 0.9169688 0.9554299 0.8659139 0.9266498 0.8797282 0.9231503 0.8867405 0.9513553 0.8867405 0.9513553 0.8714088 0.9573074 0.8659139 0.9266498 0.8930146 0.9682583 0.8786718 0.9745098 0.8714088 0.9573074 0.8714088 0.9573074 0.8867405 0.9513553 0.8930146 0.9682583 0.8973278 0.7074609 0.9025113 0.7134451 0.8855913 0.7279176 0.7750981 0.9474425 0.7884125 0.9278243 0.7988965 0.9370113 0.7988965 0.9370113 0.7880293 0.9550179 0.7750981 0.9474425 0.8044484 0.9154018 0.8140985 0.9232177 0.7988965 0.9370113 0.7988965 0.9370113 0.7884125 0.9278243 0.8044484 0.9154018 0.8653092 0.7060303 0.8723986 0.6969646 0.8840673 0.7004824 0.8840673 0.7004824 0.8717656 0.7154926 0.8653092 0.7060303 0.8828859 0.7736814 0.8783947 0.7567784 0.8986054 0.7479906 0.8986054 0.7479906 0.9061826 0.765567 0.8828859 0.7736814 0.83339 0.8431814 0.8511199 0.8756231 0.8286609 0.8771386 0.8162492 0.8870819 0.8163342 0.8746643 0.8286609 0.8771386 0.8286609 0.8771386 0.8308829 0.891908 0.8162492 0.8870819 0.8534646 0.7100398 0.8653092 0.7060303 0.8717656 0.7154926 0.8717656 0.7154926 0.8610293 0.7221094 0.8534646 0.7100398 0.8173983 0.8550457 0.83339 0.8431814 0.8286609 0.8771386 0.8286609 0.8771386 0.8163342 0.8746643 0.8173983 0.8550457 0.842761 0.8225383 0.8627683 0.8355267 0.83339 0.8431814 0.83339 0.8431814 0.8320081 0.82259 0.842761 0.8225383 0.8756733 0.8910552 0.8551837 0.8973057 0.8511199 0.8756231 0.9102373 0.7992956 0.9211845 0.8151525 0.9103633 0.8281537 0.9103633 0.8281537 0.896982 0.8179268 0.9102373 0.7992956 0.896982 0.8179268 0.9103633 0.8281537 0.9013859 0.8425371 0.9013859 0.8425371 0.8874948 0.8366047 0.896982 0.8179268 0.9103633 0.8281537 0.9281884 0.8401105 0.9135632 0.8446197 0.9135632 0.8446197 0.9013859 0.8425371 0.9103633 0.8281537 0.8508145 0.8080511 0.8757836 0.8090464 0.8719093 0.8254398 0.8719093 0.8254398 0.842761 0.8225383 0.8508145 0.8080511 0.9294841 0.7903919 0.93377 0.7987669 0.9102373 0.7992956 0.9102373 0.7992956 0.9123944 0.7907727 0.9294841 0.7903919 0.9102373 0.7992956 0.93377 0.7987669 0.9295054 0.8073954 0.9295054 0.8073954 0.9211845 0.8151525 0.9102373 0.7992956 0.9013859 0.8425371 0.9039175 0.8605509 0.886227 0.8522605 0.886227 0.8522605 0.8874948 0.8366047 0.9013859 0.8425371 0.9394179 0.8153204 0.9364736 0.8292915 0.9211845 0.8151525 0.9211845 0.8151525 0.9295054 0.8073954 0.9394179 0.8153204 0.896982 0.8179268 0.8757836 0.8090464 0.8850637 0.7890591 0.8850637 0.7890591 0.9102373 0.7992956 0.896982 0.8179268 0.896982 0.8179268 0.8874948 0.8366047 0.8719093 0.8254398 0.8719093 0.8254398 0.8757836 0.8090464 0.896982 0.8179268 0.9211845 0.8151525 0.9364736 0.8292915 0.9281884 0.8401105 0.9281884 0.8401105 0.9103633 0.8281537 0.9211845 0.8151525 0.9135632 0.8446197 0.918005 0.8582265 0.9039175 0.8605509 0.9039175 0.8605509 0.9013859 0.8425371 0.9135632 0.8446197 0.918005 0.8582265 0.9135632 0.8446197 0.9281884 0.8401105 0.9281884 0.8401105 0.9344345 0.854124 0.918005 0.8582265 0.8850637 0.7890591 0.8583599 0.7876608 0.8828859 0.7736814 0.9061826 0.765567 0.9123944 0.7907727 0.8850637 0.7890591 0.8850637 0.7890591 0.8828859 0.7736814 0.9061826 0.765567 0.8828859 0.7736814 0.8583599 0.7876608 0.853039 0.7662033 0.853039 0.7662033 0.8783947 0.7567784 0.8828859 0.7736814 0.8855913 0.7279176 0.8986054 0.7479906 0.8783947 0.7567784 0.8783947 0.7567784 0.8699949 0.7393836 0.8855913 0.7279176 0.8520498 0.7478327 0.8699949 0.7393836 0.8783947 0.7567784 0.8783947 0.7567784 0.853039 0.7662033 0.8520498 0.7478327 0.8699949 0.7393836 0.8520498 0.7478327 0.8463578 0.7329202 0.8463578 0.7329202 0.8610293 0.7221094 0.8699949 0.7393836 0.8610293 0.7221094 0.8717656 0.7154926 0.8855913 0.7279176 0.8855913 0.7279176 0.8699949 0.7393836 0.8610293 0.7221094 0.8534646 0.7100398 0.8610293 0.7221094 0.8463578 0.7329202 0.8463578 0.7329202 0.831034 0.718094 0.8534646 0.7100398 0.8757836 0.8090464 0.8508145 0.8080511 0.8583599 0.7876608 0.8583599 0.7876608 0.8850637 0.7890591 0.8757836 0.8090464 0.8037316 0.7964394 0.8242176 0.8035423 0.8192966 0.8135092 0.8192966 0.8135092 0.8002939 0.8061825 0.8037316 0.7964394 0.7773796 0.7761328 0.8077755 0.7856707 0.8037316 0.7964394 0.8037316 0.7964394 0.7765836 0.7879468 0.7773796 0.7761328 0.831034 0.718094 0.8463578 0.7329202 0.8328093 0.7355594 0.8463578 0.7329202 0.8520498 0.7478327 0.8396118 0.7487066 0.8396118 0.7487066 0.8328093 0.7355594 0.8463578 0.7329202 0.8235214 0.7511324 0.8202838 0.7437779 0.8328093 0.7355594 0.8328093 0.7355594 0.8396118 0.7487066 0.8235214 0.7511324 0.83339 0.8431814 0.8173983 0.8550457 0.8054041 0.8485927 0.8054041 0.8485927 0.8242179 0.8315057 0.83339 0.8431814 0.8242179 0.8315057 0.8054041 0.8485927 0.8004044 0.8347536 0.8004044 0.8347536 0.8088815 0.8235527 0.8242179 0.8315057 0.853039 0.7662033 0.8424448 0.7688428 0.8396118 0.7487066 0.8396118 0.7487066 0.8520498 0.7478327 0.853039 0.7662033 0.8235214 0.7511324 0.8396118 0.7487066 0.8424448 0.7688428 0.8424448 0.7688428 0.8262742 0.7695193 0.8235214 0.7511324 0.853039 0.7662033 0.8583599 0.7876608 0.8425443 0.7903937 0.8425443 0.7903937 0.8424448 0.7688428 0.853039 0.7662033 0.8508145 0.8080511 0.840149 0.807517 0.8425443 0.7903937 0.8425443 0.7903937 0.8583599 0.7876608 0.8508145 0.8080511 0.8192966 0.8135092 0.8320081 0.82259 0.8242179 0.8315057 0.8242179 0.8315057 0.8088815 0.8235527 0.8192966 0.8135092 0.842761 0.8225383 0.8320081 0.82259 0.840149 0.807517 0.840149 0.807517 0.8508145 0.8080511 0.842761 0.8225383 0.8192966 0.8135092 0.8242176 0.8035423 0.840149 0.807517 0.840149 0.807517 0.8320081 0.82259 0.8192966 0.8135092 0.8425443 0.7903937 0.840149 0.807517 0.8242176 0.8035423 0.8242176 0.8035423 0.8256626 0.7888872 0.8425443 0.7903937 0.8242176 0.8035423 0.8037316 0.7964394 0.8077755 0.7856707 0.8077755 0.7856707 0.8256626 0.7888872 0.8242176 0.8035423 0.8256626 0.7888872 0.8077755 0.7856707 0.8096156 0.7686758 0.8096156 0.7686758 0.8262742 0.7695193 0.8256626 0.7888872 0.8425443 0.7903937 0.8256626 0.7888872 0.8262742 0.7695193 0.8262742 0.7695193 0.8424448 0.7688428 0.8425443 0.7903937 0.951266 0.7248789 0.9444552 0.7167476 0.9674976 0.6954336 0.9674976 0.6954336 0.9842467 0.7020511 0.951266 0.7248789 0.9927939 0.7156386 0.9555147 0.7365769 0.951266 0.7248789 0.951266 0.7248789 0.9842467 0.7020511 0.9927939 0.7156386 0.9883922 0.7337824 0.95892 0.7431285 0.9555147 0.7365769 0.9555147 0.7365769 0.9927939 0.7156386 0.9883922 0.7337824 0.9411774 0.752583 0.9293308 0.7522602 0.9555147 0.7365769 0.9555147 0.7365769 0.95892 0.7431285 0.9411774 0.752583 0.9411774 0.752583 0.9423191 0.7533874 0.930347 0.7573744 0.930347 0.7573744 0.9293308 0.7522602 0.9411774 0.752583 0.8756733 0.8910552 0.8803601 0.8988107 0.8764162 0.898932 0.9291853 0.7277937 0.9444552 0.7167476 0.951266 0.7248789 0.951266 0.7248789 0.9213945 0.7338435 0.9291853 0.7277937 0.8764162 0.898932 0.8797282 0.9231503 0.8659139 0.9266498 0.8659139 0.9266498 0.8575712 0.9047446 0.8764162 0.898932 0.8551837 0.8973057 0.8756733 0.8910552 0.8764162 0.898932 0.8764162 0.898932 0.8575712 0.9047446 0.8551837 0.8973057 0.9338069 0.7755014 0.9383221 0.7866133 0.9294841 0.7903919 0.9294841 0.7903919 0.9123944 0.7907727 0.9338069 0.7755014 0.9338069 0.7755014 0.962477 0.7729911 0.9602006 0.7806516 0.9602006 0.7806516 0.9383221 0.7866133 0.9338069 0.7755014 0.9592939 0.7530738 0.9626644 0.7596082 0.930347 0.7573744 0.930347 0.7573744 0.9423191 0.7533874 0.9592939 0.7530738 0.8932777 0.8836256 0.8803601 0.8988107 0.8756733 0.8910552 0.8756733 0.8910552 0.8915393 0.8689208 0.8932777 0.8836256 0.8803601 0.8988107 0.8932777 0.8836256 0.9050989 0.9076204 0.9050989 0.9076204 0.8925352 0.9168709 0.8803601 0.8988107 0.9248904 0.6954125 0.9134993 0.6926827 0.9193782 0.664128 0.9193782 0.664128 0.9400418 0.662723 0.9248904 0.6954125 0.9623792 0.6883109 0.9432427 0.7087727 0.9346664 0.7018935 0.9346664 0.7018935 0.9541468 0.6696011 0.9623792 0.6883109 0.9134993 0.6926827 0.9248904 0.6954125 0.9025113 0.7134451 0.9025113 0.7134451 0.9059988 0.7056433 0.9134993 0.6926827 0.9297657 0.727065 0.9291853 0.7277937 0.9213945 0.7338435 0.9213945 0.7338435 0.9171828 0.7273893 0.9297657 0.727065 0.9297657 0.727065 0.9171828 0.7273893 0.9346664 0.7018935 0.9346664 0.7018935 0.9432427 0.7087727 0.9297657 0.727065 0.8551837 0.8973057 0.8575712 0.9047446 0.8553737 0.9054427 0.9400418 0.662723 0.9541468 0.6696011 0.9346664 0.7018935 0.9346664 0.7018935 0.9248904 0.6954125 0.9400418 0.662723 0.8553737 0.9054427 0.8483189 0.9298048 0.8355529 0.9246369 0.8355529 0.9246369 0.8329706 0.9019693 0.8553737 0.9054427 0.8329706 0.9019693 0.8308829 0.891908 0.8551837 0.8973057 0.8551837 0.8973057 0.8553737 0.9054427 0.8329706 0.9019693 0.9141505 0.6588511 0.9078775 0.6820201 0.89693 0.6785972 0.89693 0.6785972 0.8962851 0.6452076 0.9141505 0.6588511 0.8840673 0.7004824 0.8723986 0.6969646 0.8737644 0.6825178 0.8737644 0.6825178 0.8859887 0.6766318 0.8840673 0.7004824 0.8859887 0.6766318 0.8737644 0.6825178 0.8652041 0.6631043 0.8652041 0.6631043 0.880718 0.645536 0.8859887 0.6766318 0.9057738 0.7060406 0.9059988 0.7056433 0.9025113 0.7134451 0.9025113 0.7134451 0.8973278 0.7074609 0.9057738 0.7060406 0.8973278 0.7074609 0.89693 0.6785972 0.9078775 0.6820201 0.9078775 0.6820201 0.9057738 0.7060406 0.8973278 0.7074609 0.8308829 0.891908 0.8329706 0.9019693 0.8290063 0.9035414 0.8859887 0.6766318 0.880718 0.645536 0.8962851 0.6452076 0.8962851 0.6452076 0.89693 0.6785972 0.8859887 0.6766318 0.8140985 0.9232177 0.8044484 0.9154018 0.8159499 0.9004505 0.8159499 0.9004505 0.8290063 0.9035414 0.8140985 0.9232177 0.8159499 0.9004505 0.8162492 0.8870819 0.8308829 0.891908 0.8308829 0.891908 0.8290063 0.9035414 0.8159499 0.9004505 0.89693 0.6785972 0.8973278 0.7074609 0.8840673 0.7004824 0.8840673 0.7004824 0.8859887 0.6766318 0.89693 0.6785972 0.8717656 0.7154926 0.8840673 0.7004824 0.8973278 0.7074609 0.8973278 0.7074609 0.8855913 0.7279176 0.8717656 0.7154926 0.8986054 0.7479906 0.8855913 0.7279176 0.9025113 0.7134451 0.9025113 0.7134451 0.9171828 0.7273893 0.8986054 0.7479906 0.9248904 0.6954125 0.9346664 0.7018935 0.9171828 0.7273893 0.9171828 0.7273893 0.9025113 0.7134451 0.9248904 0.6954125 0.9213945 0.7338435 0.9293308 0.7522602 0.9061826 0.765567 0.9061826 0.765567 0.8986054 0.7479906 0.9213945 0.7338435 0.9555147 0.7365769 0.9293308 0.7522602 0.9213945 0.7338435 0.9213945 0.7338435 0.951266 0.7248789 0.9555147 0.7365769 0.9123944 0.7907727 0.9061826 0.765567 0.930347 0.7573744 0.930347 0.7573744 0.9338069 0.7755014 0.9123944 0.7907727 0.962477 0.7729911 0.9338069 0.7755014 0.930347 0.7573744 0.930347 0.7573744 0.9626644 0.7596082 0.962477 0.7729911 0.7421059 0.7772836 0.7442004 0.76883 0.7568495 0.7724335 0.7568495 0.7724335 0.7555579 0.7813177 0.7421059 0.7772836 0.7421059 0.7772836 0.7555579 0.7813177 0.7517183 0.7908647 0.7517183 0.7908647 0.7386341 0.7855807 0.7421059 0.7772836 0.6898382 0.7605303 0.6912626 0.7535974 0.7256045 0.7682747 0.7256045 0.7682747 0.7237316 0.7763965 0.6898382 0.7605303 0.7237316 0.7763965 0.7256045 0.7682747 0.7421059 0.7772836 0.7421059 0.7772836 0.7386341 0.7855807 0.7237316 0.7763965 0.7256045 0.7682747 0.7269963 0.7623357 0.7442004 0.76883 0.7442004 0.76883 0.7421059 0.7772836 0.7256045 0.7682747 0.6941089 0.7452005 0.7278634 0.7561535 0.7269963 0.7623357 0.7269963 0.7623357 0.6927046 0.7490539 0.6941089 0.7452005 0.6912626 0.7535974 0.6927046 0.7490539 0.7269963 0.7623357 0.7269963 0.7623357 0.7256045 0.7682747 0.6912626 0.7535974 0.7237316 0.7763965 0.7191431 0.7848972 0.688663 0.7682918 0.688663 0.7682918 0.6898382 0.7605303 0.7237316 0.7763965 0.6987169 0.7358043 0.7298665 0.74196 0.7278634 0.7561535 0.7278634 0.7561535 0.6941089 0.7452005 0.6987169 0.7358043 0.688663 0.7682918 0.7191431 0.7848972 0.7122929 0.7915117 0.7122929 0.7915117 0.6863069 0.771448 0.688663 0.7682918 0.69987 0.7300576 0.7316673 0.7328779 0.7298665 0.74196 0.7298665 0.74196 0.6987169 0.7358043 0.69987 0.7300576 0.7316673 0.7328779 0.7360475 0.7330233 0.7349619 0.7428181 0.7349619 0.7428181 0.7298665 0.74196 0.7316673 0.7328779 0.7191431 0.7848972 0.7312166 0.793471 0.7158367 0.7947967 0.7158367 0.7947967 0.7122929 0.7915117 0.7191431 0.7848972 0.7312166 0.793471 0.7191431 0.7848972 0.7237316 0.7763965 0.7237316 0.7763965 0.7386341 0.7855807 0.7312166 0.793471 0.7478042 0.8009535 0.7312166 0.793471 0.7386341 0.7855807 0.7386341 0.7855807 0.7517183 0.7908647 0.7478042 0.8009535 0.7360475 0.7330233 0.7471458 0.7231482 0.7465782 0.7352791 0.7435002 0.8109404 0.7478042 0.8009535 0.7701588 0.8087094 0.7701588 0.8087094 0.7661828 0.8194297 0.7435002 0.8109404 0.7543447 0.7355959 0.7465782 0.7352791 0.7471458 0.7231482 0.7478042 0.8009535 0.7435002 0.8109404 0.733571 0.8059253 0.733571 0.8059253 0.7312166 0.793471 0.7478042 0.8009535 0.7822476 0.7503217 0.76201 0.7455603 0.7638394 0.7377044 0.7638394 0.7377044 0.7845048 0.7383524 0.7822476 0.7503217 0.7443459 0.742565 0.7349619 0.7428181 0.7360475 0.7330233 0.7360475 0.7330233 0.7465782 0.7352791 0.7443459 0.742565 0.76201 0.7455603 0.7822476 0.7503217 0.7794561 0.7643855 0.7794561 0.7643855 0.7594214 0.7589667 0.76201 0.7455603 0.7442004 0.76883 0.7441436 0.758473 0.7594214 0.7589667 0.7594214 0.7589667 0.7568495 0.7724335 0.7442004 0.76883 0.76201 0.7455603 0.7528141 0.7457348 0.7543447 0.7355959 0.7543447 0.7355959 0.7638394 0.7377044 0.76201 0.7455603 0.7441436 0.758473 0.7443459 0.742565 0.7528141 0.7457348 0.7349619 0.7428181 0.7443459 0.742565 0.7441436 0.758473 0.7269963 0.7623357 0.7278634 0.7561535 0.7441436 0.758473 0.7441436 0.758473 0.7442004 0.76883 0.7269963 0.7623357 0.7594214 0.7589667 0.7441436 0.758473 0.7528141 0.7457348 0.7528141 0.7457348 0.76201 0.7455603 0.7594214 0.7589667 0.7349619 0.7428181 0.7441436 0.758473 0.7278634 0.7561535 0.7278634 0.7561535 0.7298665 0.74196 0.7349619 0.7428181 0.7465782 0.7352791 0.7543447 0.7355959 0.7528141 0.7457348 0.7528141 0.7457348 0.7443459 0.742565 0.7465782 0.7352791 0.8627683 0.8355267 0.8719093 0.8254398 0.8874948 0.8366047 0.8874948 0.8366047 0.886227 0.8522605 0.8627683 0.8355267 0.8627683 0.8355267 0.886227 0.8522605 0.8511199 0.8756231 0.8511199 0.8756231 0.83339 0.8431814 0.8627683 0.8355267 0.8756733 0.8910552 0.8511199 0.8756231 0.886227 0.8522605 0.886227 0.8522605 0.8915393 0.8689208 0.8756733 0.8910552 0.83339 0.8431814 0.8242179 0.8315057 0.8320081 0.82259 0.302626 0.1937667 0.3231486 0.2096949 0.2818167 0.2253702 0.2818167 0.2253702 0.2528468 0.2110677 0.302626 0.1937667 0.2528468 0.2110677 0.2818167 0.2253702 0.2439956 0.2282519 0.2348015 0.2149024 0.2439956 0.2282519 0.2279517 0.2194172 0.2399396 0.2104921 0.2528468 0.2110677 0.2439956 0.2282519 0.2439956 0.2282519 0.2348015 0.2149024 0.2399396 0.2104921 0.1507291 0.2354704 0.1614359 0.2387102 0.1632722 0.238024 0.1632722 0.238024 0.1717379 0.2490509 0.1507291 0.2354704 0.1507291 0.2354704 0.1578441 0.2141534 0.1614359 0.2387102 0.1578441 0.2141534 0.1774212 0.2225601 0.1632722 0.238024 0.1632722 0.238024 0.1614359 0.2387102 0.1578441 0.2141534 0.2199023 0.2071139 0.1774212 0.2225601 0.1910256 0.1907994 0.1910256 0.1907994 0.2297624 0.1861755 0.2199023 0.2071139 0.1578441 0.2141534 0.1910256 0.1907994 0.1774212 0.2225601 0.2348015 0.2149024 0.2279517 0.2194172 0.2369604 0.2038681 0.2369604 0.2038681 0.2399396 0.2104921 0.2348015 0.2149024 0.2528468 0.2110677 0.2399396 0.2104921 0.2760322 0.1867427 0.2760322 0.1867427 0.302626 0.1937667 0.2528468 0.2110677 0.2760322 0.1867427 0.2399396 0.2104921 0.2369604 0.2038681 0.2369604 0.2038681 0.2813663 0.1699138 0.2760322 0.1867427 0.2053478 0.228361 0.1632722 0.238024 0.1774212 0.2225601 0.1774212 0.2225601 0.2199023 0.2071139 0.2053478 0.228361 0.1717379 0.2490509 0.1632722 0.238024 0.2053478 0.228361 0.2053478 0.228361 0.2186443 0.2340601 0.1717379 0.2490509 0.9398183 0.03464347 0.929513 0.04144233 0.9304383 0.04353797 0.9304383 0.04353797 0.9428696 0.03585773 0.9398183 0.03464347 0.9304383 0.04353797 0.9321649 0.05768316 0.9426614 0.05638605 0.9426614 0.05638605 0.9428696 0.03585773 0.9304383 0.04353797 0.9510264 0.1185709 0.9463167 0.1035283 0.9451808 0.1046836 0.9451808 0.1046836 0.9470614 0.1198688 0.9510264 0.1185709 0.9470614 0.1198688 0.9451808 0.1046836 0.9344113 0.1063686 0.9344113 0.1063686 0.9357401 0.1217775 0.9470614 0.1198688 0.9451808 0.1046836 0.9430896 0.08923071 0.9332287 0.09091496 0.9332287 0.09091496 0.9344113 0.1063686 0.9451808 0.1046836 0.9426614 0.05638605 0.9453714 0.05700987 0.9458819 0.0370897 0.9458819 0.0370897 0.9428696 0.03585773 0.9426614 0.05638605 0.9332287 0.09091496 0.9430896 0.08923071 0.9424782 0.07590669 0.9424782 0.07590669 0.9311144 0.07324278 0.9332287 0.09091496 0.9311144 0.07324278 0.9424782 0.07590669 0.9426614 0.05638605 0.9426614 0.05638605 0.9321649 0.05768316 0.9311144 0.07324278 0.9459974 0.09050559 0.9430896 0.08923071 0.9451808 0.1046836 0.9451808 0.1046836 0.9463167 0.1035283 0.9459974 0.09050559 0.9424782 0.07590669 0.9450647 0.07558137 0.9453714 0.05700987 0.9453714 0.05700987 0.9426614 0.05638605 0.9424782 0.07590669 0.9430896 0.08923071 0.9459974 0.09050559 0.9450647 0.07558137 0.9450647 0.07558137 0.9424782 0.07590669 0.9430896 0.08923071 0.9354117 0.2110393 0.9306194 0.2257968 0.9335572 0.2250546 0.9335572 0.2250546 0.9361968 0.2124087 0.9354117 0.2110393 0.9297071 0.2394655 0.9335572 0.2250546 0.9306194 0.2257968 0.9306194 0.2257968 0.9276465 0.2387254 0.9297071 0.2394655 0.9263686 0.2577826 0.9297071 0.2394655 0.9276465 0.2387254 0.9276465 0.2387254 0.9240373 0.2577985 0.9263686 0.2577826 0.9240373 0.2577985 0.9276465 0.2387254 0.9160295 0.2392848 0.9160295 0.2392848 0.9144522 0.2546748 0.9240373 0.2577985 0.9212939 0.2223831 0.9160295 0.2392848 0.9276465 0.2387254 0.9276465 0.2387254 0.9306194 0.2257968 0.9212939 0.2223831 0.9354117 0.2110393 0.9252585 0.207498 0.9212939 0.2223831 0.9212939 0.2223831 0.9306194 0.2257968 0.9354117 0.2110393 0.9404589 0.1965954 0.9294674 0.1926581 0.9252585 0.207498 0.9252585 0.207498 0.9354117 0.2110393 0.9404589 0.1965954 0.9204334 0.05037391 0.9210111 0.05214422 0.9304383 0.04353797 0.9304383 0.04353797 0.929513 0.04144233 0.9204334 0.05037391 0.9180814 0.05124628 0.9210111 0.05214422 0.9204334 0.05037391 0.9149513 0.04424059 0.9180814 0.05124628 0.9204334 0.05037391 0.9404589 0.1965954 0.9446291 0.1842719 0.9325967 0.1800856 0.9325967 0.1800856 0.9294674 0.1926581 0.9404589 0.1965954 0.936546 0.1347811 0.9493114 0.1327301 0.9470614 0.1198688 0.9470614 0.1198688 0.9357401 0.1217775 0.936546 0.1347811 0.9325967 0.1800856 0.9446291 0.1842719 0.9456194 0.174607 0.9456194 0.174607 0.9307364 0.1651579 0.9325967 0.1800856 0.9456219 0.1654246 0.9307364 0.1651579 0.9456194 0.174607 0.9307364 0.1651579 0.9456219 0.1654246 0.9461618 0.1541581 0.9461618 0.1541581 0.9321177 0.1509402 0.9307364 0.1651579 0.9480457 0.1455363 0.9321177 0.1509402 0.9461618 0.1541581 0.9480457 0.1455363 0.9493114 0.1327301 0.936546 0.1347811 0.936546 0.1347811 0.9321177 0.1509402 0.9480457 0.1455363 0.9480727 0.1655125 0.9486883 0.1542717 0.9461618 0.1541581 0.9461618 0.1541581 0.9456219 0.1654246 0.9480727 0.1655125 0.9470614 0.1198688 0.9493114 0.1327301 0.951697 0.1325317 0.951697 0.1325317 0.9510264 0.1185709 0.9470614 0.1198688 0.9456194 0.174607 0.9480335 0.1750487 0.9480727 0.1655125 0.9480727 0.1655125 0.9456219 0.1654246 0.9456194 0.174607 0.9486883 0.1542717 0.950486 0.1457848 0.9480457 0.1455363 0.9480457 0.1455363 0.9461618 0.1541581 0.9486883 0.1542717 0.9493114 0.1327301 0.9480457 0.1455363 0.950486 0.1457848 0.950486 0.1457848 0.951697 0.1325317 0.9493114 0.1327301 0.9446291 0.1842719 0.9466462 0.1848928 0.9480335 0.1750487 0.9480335 0.1750487 0.9456194 0.174607 0.9446291 0.1842719 0.9424318 0.1977463 0.9404589 0.1965954 0.9354117 0.2110393 0.9354117 0.2110393 0.9361968 0.2124087 0.9424318 0.1977463 0.9404589 0.1965954 0.9424318 0.1977463 0.9466462 0.1848928 0.9466462 0.1848928 0.9446291 0.1842719 0.9404589 0.1965954 0.9111201 0.0304057 0.9035374 0.01137346 0.9033005 0.0148645 0.9033005 0.0148645 0.9092382 0.03173792 0.9111201 0.0304057 0.888547 0.2773168 0.8872383 0.2757849 0.8786286 0.2911848 0.8786286 0.2911848 0.8783432 0.2946721 0.888547 0.2773168 0.8995817 0.2567184 0.9009341 0.2596133 0.902479 0.2581303 0.9144522 0.2546748 0.9057392 0.247071 0.902479 0.2581303 0.902479 0.2581303 0.9101046 0.2680835 0.9144522 0.2546748 0.9160295 0.2392848 0.9086338 0.2310029 0.9057392 0.247071 0.9057392 0.247071 0.9144522 0.2546748 0.9160295 0.2392848 0.9212939 0.2223831 0.9116619 0.2175777 0.9086338 0.2310029 0.9086338 0.2310029 0.9160295 0.2392848 0.9212939 0.2223831 0.8938878 0.2627341 0.895011 0.2641108 0.9009341 0.2596133 0.9009341 0.2596133 0.8995817 0.2567184 0.8938878 0.2627341 0.8938878 0.2627341 0.8995817 0.2567184 0.8997235 0.2457277 0.895011 0.2641108 0.8938878 0.2627341 0.8872383 0.2757849 0.8872383 0.2757849 0.888547 0.2773168 0.895011 0.2641108 0.9057392 0.247071 0.8997235 0.2457277 0.8995817 0.2567184 0.8995817 0.2567184 0.902479 0.2581303 0.9057392 0.247071 0.9086338 0.2310029 0.903395 0.2298677 0.8997235 0.2457277 0.8997235 0.2457277 0.9057392 0.247071 0.9086338 0.2310029 0.9252585 0.207498 0.9166581 0.202997 0.9116619 0.2175777 0.9116619 0.2175777 0.9212939 0.2223831 0.9252585 0.207498 0.9116619 0.2175777 0.9060355 0.2149704 0.903395 0.2298677 0.903395 0.2298677 0.9086338 0.2310029 0.9116619 0.2175777 0.9166581 0.202997 0.9107658 0.1999806 0.9060355 0.2149704 0.9060355 0.2149704 0.9116619 0.2175777 0.9166581 0.202997 0.9294674 0.1926581 0.9217718 0.1876376 0.9166581 0.202997 0.9166581 0.202997 0.9252585 0.207498 0.9294674 0.1926581 0.9217718 0.1876376 0.9158646 0.1842951 0.9107658 0.1999806 0.9107658 0.1999806 0.9166581 0.202997 0.9217718 0.1876376 0.9325967 0.1800856 0.922913 0.1762425 0.9217718 0.1876376 0.9217718 0.1876376 0.9294674 0.1926581 0.9325967 0.1800856 0.922913 0.1762425 0.9175255 0.1757655 0.9158646 0.1842951 0.9158646 0.1842951 0.9217718 0.1876376 0.922913 0.1762425 0.9307364 0.1651579 0.9237949 0.1645379 0.922913 0.1762425 0.922913 0.1762425 0.9325967 0.1800856 0.9307364 0.1651579 0.9175255 0.1757655 0.922913 0.1762425 0.9237949 0.1645379 0.9237949 0.1645379 0.9188608 0.1645025 0.9175255 0.1757655 0.9321177 0.1509402 0.9253218 0.1498489 0.9237949 0.1645379 0.9237949 0.1645379 0.9307364 0.1651579 0.9321177 0.1509402 0.9237949 0.1645379 0.9253218 0.1498489 0.9205073 0.1513727 0.9205073 0.1513727 0.9188608 0.1645025 0.9237949 0.1645379 0.9264687 0.1368745 0.9253218 0.1498489 0.9321177 0.1509402 0.9321177 0.1509402 0.936546 0.1347811 0.9264687 0.1368745 0.9253218 0.1498489 0.9264687 0.1368745 0.9212282 0.1376583 0.9212282 0.1376583 0.9205073 0.1513727 0.9253218 0.1498489 0.9272167 0.1255483 0.9264687 0.1368745 0.936546 0.1347811 0.936546 0.1347811 0.9357401 0.1217775 0.9272167 0.1255483 0.9264687 0.1368745 0.9272167 0.1255483 0.92067 0.1262562 0.92067 0.1262562 0.9212282 0.1376583 0.9264687 0.1368745 0.9249754 0.1091305 0.9272167 0.1255483 0.9357401 0.1217775 0.9357401 0.1217775 0.9344113 0.1063686 0.9249754 0.1091305 0.9249754 0.1091305 0.9183898 0.1081597 0.92067 0.1262562 0.92067 0.1262562 0.9272167 0.1255483 0.9249754 0.1091305 0.9228549 0.09395754 0.9249754 0.1091305 0.9344113 0.1063686 0.9344113 0.1063686 0.9332287 0.09091496 0.9228549 0.09395754 0.9228549 0.09395754 0.9167489 0.09068983 0.9183898 0.1081597 0.9183898 0.1081597 0.9249754 0.1091305 0.9228549 0.09395754 0.9224202 0.08019745 0.9228549 0.09395754 0.9332287 0.09091496 0.9332287 0.09091496 0.9311144 0.07324278 0.9224202 0.08019745 0.9224202 0.08019745 0.9170159 0.07606017 0.9167489 0.09068983 0.9167489 0.09068983 0.9228549 0.09395754 0.9224202 0.08019745 0.9222355 0.0637362 0.9224202 0.08019745 0.9311144 0.07324278 0.9311144 0.07324278 0.9321649 0.05768316 0.9222355 0.0637362 0.9210111 0.05214422 0.9222355 0.0637362 0.9321649 0.05768316 0.9321649 0.05768316 0.9304383 0.04353797 0.9210111 0.05214422 0.9210111 0.05214422 0.9180814 0.05124628 0.9179701 0.05307388 0.9180814 0.05124628 0.9149513 0.04424059 0.9137944 0.04568487 0.9137944 0.04568487 0.9179701 0.05307388 0.9180814 0.05124628 0.9165018 0.06170862 0.9179701 0.05307388 0.9137944 0.04568487 0.9092382 0.03173792 0.9137944 0.04568487 0.9149513 0.04424059 0.9149513 0.04424059 0.9111201 0.0304057 0.9092382 0.03173792 0.9222355 0.0637362 0.9165018 0.06170862 0.9170159 0.07606017 0.9170159 0.07606017 0.9224202 0.08019745 0.9222355 0.0637362 0.9210111 0.05214422 0.9179701 0.05307388 0.9165018 0.06170862 0.9165018 0.06170862 0.9222355 0.0637362 0.9210111 0.05214422 0.9101046 0.2680835 0.9090841 0.2701938 0.9207426 0.2773462 0.9207426 0.2773462 0.9197328 0.2762063 0.9101046 0.2680835 0.9207426 0.2773462 0.9263686 0.2577826 0.9240373 0.2577985 0.9240373 0.2577985 0.9197328 0.2762063 0.9207426 0.2773462 0.9101046 0.2680835 0.9197328 0.2762063 0.9240373 0.2577985 0.9240373 0.2577985 0.9144522 0.2546748 0.9101046 0.2680835 0.9101046 0.2680835 0.902479 0.2581303 0.9009341 0.2596133 0.9009341 0.2596133 0.9090841 0.2701938 0.9101046 0.2680835 0.8923316 0.3022271 0.8758962 0.3039739 0.8777952 0.3163685 0.8777952 0.3163685 0.8949191 0.3161365 0.8923316 0.3022271 0.8923316 0.3022271 0.8949191 0.3161365 0.9091076 0.3128059 0.9091076 0.3128059 0.90382 0.2985884 0.8923316 0.3022271 0.922959 0.2995089 0.9155912 0.2880784 0.90382 0.2985884 0.90382 0.2985884 0.9091076 0.3128059 0.922959 0.2995089 0.8758962 0.3039739 0.862389 0.3020133 0.8618526 0.315071 0.8618526 0.315071 0.8777952 0.3163685 0.8758962 0.3039739 0.8949191 0.3161365 0.8777952 0.3163685 0.8811874 0.3370042 0.8811874 0.3370042 0.8992137 0.3363736 0.8949191 0.3161365 0.8992137 0.3363736 0.8811874 0.3370042 0.8845396 0.3572341 0.8845396 0.3572341 0.9036533 0.3557445 0.8992137 0.3363736 0.8632733 0.3550524 0.8845396 0.3572341 0.8811874 0.3370042 0.8811874 0.3370042 0.8626499 0.3350653 0.8632733 0.3550524 0.8777952 0.3163685 0.8618526 0.315071 0.8626499 0.3350653 0.8626499 0.3350653 0.8811874 0.3370042 0.8777952 0.3163685 0.9036533 0.3557445 0.8845396 0.3572341 0.8874752 0.376547 0.8874752 0.376547 0.9070889 0.3746371 0.9036533 0.3557445 0.8845396 0.3572341 0.8632733 0.3550524 0.862302 0.3755177 0.862302 0.3755177 0.8874752 0.376547 0.8845396 0.3572341 0.9036533 0.3557445 0.9070889 0.3746371 0.9255175 0.3705419 0.9255175 0.3705419 0.9211542 0.350968 0.9036533 0.3557445 0.8992137 0.3363736 0.9036533 0.3557445 0.9211542 0.350968 0.9211542 0.350968 0.9157543 0.3317202 0.8992137 0.3363736 0.9157543 0.3317202 0.9091076 0.3128059 0.8949191 0.3161365 0.8949191 0.3161365 0.8992137 0.3363736 0.9157543 0.3317202 0.9493608 0.3613076 0.9490275 0.3370767 0.9211542 0.350968 0.9211542 0.350968 0.9255175 0.3705419 0.9493608 0.3613076 0.8874752 0.376547 0.862302 0.3755177 0.8638169 0.3964616 0.8638169 0.3964616 0.8908927 0.3946278 0.8874752 0.376547 0.9070889 0.3746371 0.8874752 0.376547 0.8908927 0.3946278 0.8908927 0.3946278 0.9084262 0.3935478 0.9070889 0.3746371 0.9070889 0.3746371 0.9084262 0.3935478 0.9271194 0.3907501 0.9271194 0.3907501 0.9255175 0.3705419 0.9070889 0.3746371 0.9459469 0.3869845 0.9493608 0.3613076 0.9255175 0.3705419 0.9255175 0.3705419 0.9271194 0.3907501 0.9459469 0.3869845 0.8511469 0.420399 0.8531947 0.4403643 0.8691334 0.4347723 0.8691334 0.4347723 0.8663501 0.4158217 0.8511469 0.420399 0.8663501 0.4158217 0.8691334 0.4347723 0.8977098 0.4319201 0.8977098 0.4319201 0.8948359 0.4121395 0.8663501 0.4158217 0.9084262 0.3935478 0.8908927 0.3946278 0.8948359 0.4121395 0.8948359 0.4121395 0.9103689 0.410574 0.9084262 0.3935478 0.8948359 0.4121395 0.8908927 0.3946278 0.8638169 0.3964616 0.8638169 0.3964616 0.8663501 0.4158217 0.8948359 0.4121395 0.8948359 0.4121395 0.8977098 0.4319201 0.9118223 0.4288541 0.9118223 0.4288541 0.9103689 0.410574 0.8948359 0.4121395 0.9297289 0.4101572 0.9103689 0.410574 0.9118223 0.4288541 0.9118223 0.4288541 0.9307835 0.4302458 0.9297289 0.4101572 0.9271194 0.3907501 0.9084262 0.3935478 0.9103689 0.410574 0.9103689 0.410574 0.9297289 0.4101572 0.9271194 0.3907501 0.8371434 0.2991067 0.830533 0.3111569 0.8404631 0.3126863 0.8404631 0.3126863 0.8438007 0.3001975 0.8371434 0.2991067 0.8618526 0.315071 0.862389 0.3020133 0.849585 0.3009549 0.849585 0.3009549 0.8478996 0.3140055 0.8618526 0.315071 0.8478996 0.3140055 0.849585 0.3009549 0.8438007 0.3001975 0.8438007 0.3001975 0.8404631 0.3126863 0.8478996 0.3140055 0.8626499 0.3350653 0.8618526 0.315071 0.8478996 0.3140055 0.8478996 0.3140055 0.8436958 0.3359858 0.8626499 0.3350653 0.8663501 0.4158217 0.8638169 0.3964616 0.8424637 0.4000024 0.8424637 0.4000024 0.8511469 0.420399 0.8663501 0.4158217 0.8632733 0.3550524 0.8626499 0.3350653 0.8436958 0.3359858 0.8436958 0.3359858 0.8393468 0.3582416 0.8632733 0.3550524 0.9394814 0.3160169 0.922959 0.2995089 0.9091076 0.3128059 0.9091076 0.3128059 0.9157543 0.3317202 0.9394814 0.3160169 0.9157543 0.3317202 0.9211542 0.350968 0.9490275 0.3370767 0.9490275 0.3370767 0.9394814 0.3160169 0.9157543 0.3317202 0.8331568 0.3350363 0.8404631 0.3126863 0.830533 0.3111569 0.830533 0.3111569 0.8210484 0.3338947 0.8331568 0.3350363 0.8210484 0.3338947 0.8193888 0.3578248 0.8301343 0.3579081 0.8301343 0.3579081 0.8331568 0.3350363 0.8210484 0.3338947 0.831758 0.3804865 0.8328089 0.4006366 0.8424637 0.4000024 0.8424637 0.4000024 0.8409268 0.3788447 0.831758 0.3804865 0.8436958 0.3359858 0.8478996 0.3140055 0.8404631 0.3126863 0.8404631 0.3126863 0.8331568 0.3350363 0.8436958 0.3359858 0.8393468 0.3582416 0.8436958 0.3359858 0.8331568 0.3350363 0.8331568 0.3350363 0.8301343 0.3579081 0.8393468 0.3582416 0.8218169 0.3812077 0.8241724 0.4012528 0.8328089 0.4006366 0.8328089 0.4006366 0.831758 0.3804865 0.8218169 0.3812077 0.862302 0.3755177 0.8632733 0.3550524 0.8393468 0.3582416 0.8393468 0.3582416 0.8409268 0.3788447 0.862302 0.3755177 0.8409268 0.3788447 0.8393468 0.3582416 0.8301343 0.3579081 0.8301343 0.3579081 0.831758 0.3804865 0.8409268 0.3788447 0.8638169 0.3964616 0.862302 0.3755177 0.8409268 0.3788447 0.8409268 0.3788447 0.8424637 0.4000024 0.8638169 0.3964616 0.8193888 0.3578248 0.8218169 0.3812077 0.831758 0.3804865 0.831758 0.3804865 0.8301343 0.3579081 0.8193888 0.3578248 0.8328089 0.4006366 0.8241724 0.4012528 0.819925 0.417362 0.819925 0.417362 0.8375129 0.4181411 0.8328089 0.4006366 0.8375129 0.4181411 0.8511469 0.420399 0.8424637 0.4000024 0.8424637 0.4000024 0.8328089 0.4006366 0.8375129 0.4181411 0.9459469 0.3869845 0.9271194 0.3907501 0.9297289 0.4101572 0.9297289 0.4101572 0.9492049 0.4071636 0.9459469 0.3869845 0.9492049 0.4071636 0.9297289 0.4101572 0.9307835 0.4302458 0.9307835 0.4302458 0.9523506 0.4312569 0.9492049 0.4071636 0.8409268 0.4823426 0.8474612 0.517156 0.8585147 0.5166268 0.8585147 0.5166268 0.8581161 0.4800594 0.8409268 0.4823426 0.8694887 0.452295 0.8691334 0.4347723 0.8531947 0.4403643 0.8531947 0.4403643 0.8561229 0.4596266 0.8694887 0.452295 0.8581161 0.4800594 0.8585147 0.5166268 0.8719203 0.5147169 0.8719203 0.5147169 0.8704888 0.4740759 0.8581161 0.4800594 0.8561229 0.4596266 0.8581161 0.4800594 0.8704888 0.4740759 0.8704888 0.4740759 0.8694887 0.452295 0.8561229 0.4596266 0.899163 0.4517912 0.8977098 0.4319201 0.8691334 0.4347723 0.8691334 0.4347723 0.8694887 0.452295 0.899163 0.4517912 0.8704888 0.4740759 0.8719203 0.5147169 0.9013919 0.5126149 0.9013919 0.5126149 0.8997392 0.472242 0.8704888 0.4740759 0.8694887 0.452295 0.8704888 0.4740759 0.8997392 0.472242 0.8997392 0.472242 0.899163 0.4517912 0.8694887 0.452295 0.9125652 0.4483954 0.9118223 0.4288541 0.8977098 0.4319201 0.8977098 0.4319201 0.899163 0.4517912 0.9125652 0.4483954 0.8997392 0.472242 0.9013919 0.5126149 0.915816 0.5097663 0.915816 0.5097663 0.9129056 0.4684657 0.8997392 0.472242 0.899163 0.4517912 0.8997392 0.472242 0.9129056 0.4684657 0.9129056 0.4684657 0.9125652 0.4483954 0.899163 0.4517912 0.9314866 0.4698249 0.9129056 0.4684657 0.915816 0.5097663 0.915816 0.5097663 0.9321968 0.5083674 0.9314866 0.4698249 0.9310808 0.4502183 0.9125652 0.4483954 0.9129056 0.4684657 0.9129056 0.4684657 0.9314866 0.4698249 0.9310808 0.4502183 0.8344833 0.4414297 0.8531947 0.4403643 0.8511469 0.420399 0.8511469 0.420399 0.8375129 0.4181411 0.8344833 0.4414297 0.9307835 0.4302458 0.9118223 0.4288541 0.9125652 0.4483954 0.9125652 0.4483954 0.9310808 0.4502183 0.9307835 0.4302458 0.8365018 0.462167 0.8409268 0.4823426 0.8581161 0.4800594 0.8581161 0.4800594 0.8561229 0.4596266 0.8365018 0.462167 0.8561229 0.4596266 0.8531947 0.4403643 0.8344833 0.4414297 0.8344833 0.4414297 0.8365018 0.462167 0.8561229 0.4596266 0.8344833 0.4414297 0.8375129 0.4181411 0.819925 0.417362 0.819925 0.417362 0.8143548 0.4408354 0.8344833 0.4414297 0.9019644 0.5354433 0.9013919 0.5126149 0.8719203 0.5147169 0.8719203 0.5147169 0.8734498 0.5357151 0.9019644 0.5354433 0.915816 0.5097663 0.9013919 0.5126149 0.9019644 0.5354433 0.9019644 0.5354433 0.9207556 0.5322542 0.915816 0.5097663 0.8734498 0.5357151 0.8719203 0.5147169 0.8585147 0.5166268 0.8585147 0.5166268 0.8566048 0.5349359 0.8734498 0.5357151 0.8566048 0.5349359 0.8585147 0.5166268 0.8474612 0.517156 0.8474612 0.517156 0.8450658 0.5334753 0.8566048 0.5349359 0.8450658 0.5334753 0.8358857 0.5501573 0.8505887 0.5528355 0.8505887 0.5528355 0.8566048 0.5349359 0.8450658 0.5334753 0.8566048 0.5349359 0.8505887 0.5528355 0.8708188 0.5557965 0.8708188 0.5557965 0.8734498 0.5357151 0.8566048 0.5349359 0.8734498 0.5357151 0.8708188 0.5557965 0.9009571 0.5577317 0.9009571 0.5577317 0.9019644 0.5354433 0.8734498 0.5357151 0.9207556 0.5322542 0.9019644 0.5354433 0.9009571 0.5577317 0.9009571 0.5577317 0.9340598 0.5508531 0.9207556 0.5322542 0.8216574 0.542514 0.8358857 0.5501573 0.8450658 0.5334753 0.8450658 0.5334753 0.8322725 0.5286734 0.8216574 0.542514 0.9374737 0.5263903 0.9207556 0.5322542 0.9340598 0.5508531 0.9340598 0.5508531 0.9498138 0.5403757 0.9374737 0.5263903 0.8474612 0.517156 0.8337657 0.515902 0.8322725 0.5286734 0.8322725 0.5286734 0.8450658 0.5334753 0.8474612 0.517156 0.9462115 0.5086645 0.9321968 0.5083674 0.9374737 0.5263903 0.9374737 0.5263903 0.949455 0.5209214 0.9462115 0.5086645 0.9498138 0.5403757 0.9626469 0.528717 0.949455 0.5209214 0.949455 0.5209214 0.9374737 0.5263903 0.9498138 0.5403757 0.9321968 0.5083674 0.915816 0.5097663 0.9207556 0.5322542 0.9207556 0.5322542 0.9374737 0.5263903 0.9321968 0.5083674 0.8407385 0.5714163 0.8505887 0.5528355 0.8358857 0.5501573 0.8358857 0.5501573 0.8191676 0.5635774 0.8407385 0.5714163 0.8191676 0.5635774 0.8358857 0.5501573 0.8216574 0.542514 0.8216574 0.542514 0.8032069 0.5563001 0.8191676 0.5635774 0.9551231 0.5495846 0.9498138 0.5403757 0.9340598 0.5508531 0.9340598 0.5508531 0.9349403 0.5657302 0.9551231 0.5495846 0.9349403 0.5657302 0.9340598 0.5508531 0.9009571 0.5577317 0.9009571 0.5577317 0.9001197 0.5703364 0.9349403 0.5657302 0.9001197 0.5703364 0.9020624 0.5801143 0.9367995 0.5762329 0.9367995 0.5762329 0.9349403 0.5657302 0.9001197 0.5703364 0.9052841 0.5907945 0.9377999 0.5858912 0.9367995 0.5762329 0.9367995 0.5762329 0.9020624 0.5801143 0.9052841 0.5907945 0.9740629 0.5400207 0.9626469 0.528717 0.9498138 0.5403757 0.9498138 0.5403757 0.9551231 0.5495846 0.9740629 0.5400207 0.8653354 0.5781899 0.8708188 0.5557965 0.8505887 0.5528355 0.8505887 0.5528355 0.8407385 0.5714163 0.8653354 0.5781899 0.9001197 0.5703364 0.9009571 0.5577317 0.8708188 0.5557965 0.8708188 0.5557965 0.8653354 0.5781899 0.9001197 0.5703364 0.8337657 0.515902 0.8474612 0.517156 0.8409268 0.4823426 0.8409268 0.4823426 0.8220379 0.4835783 0.8337657 0.515902 0.8344833 0.4414297 0.8143548 0.4408354 0.8161451 0.4630224 0.8161451 0.4630224 0.8365018 0.462167 0.8344833 0.4414297 0.9508357 0.4737462 0.9314866 0.4698249 0.9321968 0.5083674 0.9321968 0.5083674 0.9462115 0.5086645 0.9508357 0.4737462 0.9528582 0.4529327 0.9310808 0.4502183 0.9314866 0.4698249 0.9314866 0.4698249 0.9508357 0.4737462 0.9528582 0.4529327 0.8220379 0.4835783 0.8409268 0.4823426 0.8365018 0.462167 0.8365018 0.462167 0.8161451 0.4630224 0.8220379 0.4835783 0.9523506 0.4312569 0.9307835 0.4302458 0.9310808 0.4502183 0.9310808 0.4502183 0.9528582 0.4529327 0.9523506 0.4312569 0.9740629 0.5400207 0.9551231 0.5495846 0.967967 0.5573329 0.967967 0.5573329 0.9831376 0.5477254 0.9740629 0.5400207 0.9831376 0.5477254 0.967967 0.5573329 0.981177 0.5657664 0.981177 0.5657664 0.9895486 0.5585217 0.9831376 0.5477254 0.8881421 0.6097271 0.8762078 0.6190664 0.8957962 0.6415505 0.8957962 0.6415505 0.9053566 0.6309716 0.8881421 0.6097271 0.9377999 0.5858912 0.9052841 0.5907945 0.9149425 0.6114666 0.9149425 0.6114666 0.9375643 0.608473 0.9377999 0.5858912 0.9149425 0.6114666 0.9052841 0.5907945 0.8881421 0.6097271 0.8881421 0.6097271 0.9053566 0.6309716 0.9149425 0.6114666 0.9713339 0.5918056 0.9540104 0.5883011 0.9508757 0.6161201 0.9508757 0.6161201 0.9684817 0.6212626 0.9713339 0.5918056 0.882282 0.5929653 0.9052841 0.5907945 0.9020624 0.5801143 0.9540104 0.5883011 0.9377999 0.5858912 0.9375643 0.608473 0.9375643 0.608473 0.9508757 0.6161201 0.9540104 0.5883011 0.8541622 0.6000252 0.8670351 0.6097452 0.875164 0.6016995 0.875164 0.6016995 0.8598339 0.5890116 0.8541622 0.6000252 0.8881421 0.6097271 0.9052841 0.5907945 0.882282 0.5929653 0.882282 0.5929653 0.875164 0.6016995 0.8881421 0.6097271 0.882282 0.5929653 0.9020624 0.5801143 0.9001197 0.5703364 0.9001197 0.5703364 0.8653354 0.5781899 0.882282 0.5929653 0.882282 0.5929653 0.8653354 0.5781899 0.8598339 0.5890116 0.8598339 0.5890116 0.875164 0.6016995 0.882282 0.5929653 0.9367995 0.5762329 0.9377999 0.5858912 0.9479038 0.5705974 0.875164 0.6016995 0.8670351 0.6097452 0.8762078 0.6190664 0.8762078 0.6190664 0.8881421 0.6097271 0.875164 0.6016995 0.9751355 0.574573 0.981177 0.5657664 0.967967 0.5573329 0.967967 0.5573329 0.9617588 0.5724637 0.9751355 0.574573 0.9479038 0.5705974 0.9377999 0.5858912 0.9540104 0.5883011 0.9540104 0.5883011 0.9617588 0.5724637 0.9479038 0.5705974 0.9349403 0.5657302 0.9367995 0.5762329 0.9479038 0.5705974 0.9479038 0.5705974 0.9551231 0.5495846 0.9349403 0.5657302 0.967967 0.5573329 0.9551231 0.5495846 0.9479038 0.5705974 0.9479038 0.5705974 0.9617588 0.5724637 0.967967 0.5573329 0.9713339 0.5918056 0.9751355 0.574573 0.9617588 0.5724637 0.9617588 0.5724637 0.9540104 0.5883011 0.9713339 0.5918056 0.8147861 0.5722789 0.8191676 0.5635774 0.8032069 0.5563001 0.8032069 0.5563001 0.7957668 0.5684808 0.8147861 0.5722789 0.8407385 0.5714163 0.8191676 0.5635774 0.8147861 0.5722789 0.8147861 0.5722789 0.8380746 0.5834085 0.8407385 0.5714163 0.7957668 0.5684808 0.7913851 0.5810384 0.8112308 0.5859093 0.8112308 0.5859093 0.8147861 0.5722789 0.7957668 0.5684808 0.8112308 0.5859093 0.8352842 0.5965025 0.8380746 0.5834085 0.8380746 0.5834085 0.8147861 0.5722789 0.8112308 0.5859093 0.8653354 0.5781899 0.8407385 0.5714163 0.8380746 0.5834085 0.8380746 0.5834085 0.8598339 0.5890116 0.8653354 0.5781899 0.8352842 0.5965025 0.8541622 0.6000252 0.8598339 0.5890116 0.8598339 0.5890116 0.8380746 0.5834085 0.8352842 0.5965025 0.07436388 0.2572841 0.07315778 0.2719932 0.09054106 0.2706353 0.09054106 0.2706353 0.09145116 0.2571513 0.07436388 0.2572841 0.1065927 0.267415 0.1045218 0.2539615 0.09145116 0.2571513 0.09145116 0.2571513 0.09054106 0.2706353 0.1065927 0.267415 0.07436388 0.2572841 0.06204831 0.2546783 0.0578531 0.2700738 0.0578531 0.2700738 0.07315778 0.2719932 0.07436388 0.2572841 0.06204831 0.2546783 0.04871976 0.244953 0.0422526 0.2576708 0.0422526 0.2576708 0.0578531 0.2700738 0.06204831 0.2546783 0.1284706 0.2623552 0.1385864 0.2595522 0.1300446 0.247813 0.1300446 0.247813 0.1233538 0.2497209 0.1284706 0.2623552 0.1065927 0.267415 0.1207747 0.2646083 0.117725 0.2511318 0.117725 0.2511318 0.1045218 0.2539615 0.1065927 0.267415 0.1284706 0.2623552 0.1233538 0.2497209 0.117725 0.2511318 0.117725 0.2511318 0.1207747 0.2646083 0.1284706 0.2623552 0.02651184 0.2763929 0.05298298 0.2903587 0.0578531 0.2700738 0.0578531 0.2700738 0.0422526 0.2576708 0.02651184 0.2763929 0.1388329 0.2848437 0.151308 0.2820862 0.1385864 0.2595522 0.1385864 0.2595522 0.1284706 0.2623552 0.1388329 0.2848437 0.1207747 0.2646083 0.1065927 0.267415 0.1081933 0.2881739 0.1081933 0.2881739 0.1282011 0.286907 0.1207747 0.2646083 0.1282011 0.286907 0.1388329 0.2848437 0.1284706 0.2623552 0.1284706 0.2623552 0.1207747 0.2646083 0.1282011 0.286907 0.09054106 0.2706353 0.08950167 0.2924182 0.1081933 0.2881739 0.1081933 0.2881739 0.1065927 0.267415 0.09054106 0.2706353 0.07315778 0.2719932 0.07083642 0.293594 0.08950167 0.2924182 0.08950167 0.2924182 0.09054106 0.2706353 0.07315778 0.2719932 0.07315778 0.2719932 0.0578531 0.2700738 0.05298298 0.2903587 0.05298298 0.2903587 0.07083642 0.293594 0.07315778 0.2719932 0.06650489 0.3343268 0.06668323 0.353887 0.08581882 0.3538718 0.08581882 0.3538718 0.08732819 0.334429 0.06650489 0.3343268 0.06668323 0.353887 0.06572347 0.3714637 0.08411943 0.3721236 0.08411943 0.3721236 0.08581882 0.3538718 0.06668323 0.353887 0.1141257 0.3520777 0.1133934 0.3302075 0.08732819 0.334429 0.08732819 0.334429 0.08581882 0.3538718 0.1141257 0.3520777 0.08411943 0.3721236 0.1138752 0.3729505 0.1141257 0.3520777 0.1141257 0.3520777 0.08581882 0.3538718 0.08411943 0.3721236 0.06650489 0.3343268 0.04657673 0.3317399 0.04694455 0.3529579 0.04694455 0.3529579 0.06668323 0.353887 0.06650489 0.3343268 0.04694455 0.3529579 0.04548805 0.373421 0.06572347 0.3714637 0.06572347 0.3714637 0.06668323 0.353887 0.04694455 0.3529579 0.04657673 0.3317399 0.02092486 0.3247268 0.02697461 0.3512016 0.02697461 0.3512016 0.04694455 0.3529579 0.04657673 0.3317399 0.02697461 0.3512016 0.02464956 0.3724043 0.04548805 0.373421 0.04548805 0.373421 0.04694455 0.3529579 0.02697461 0.3512016 0.1561591 0.331573 0.1455162 0.3319105 0.1465023 0.3529616 0.1465023 0.3529616 0.1556281 0.3526732 0.1561591 0.331573 0.1465023 0.3529616 0.1438207 0.371695 0.1625996 0.3687517 0.1625996 0.3687517 0.1556281 0.3526732 0.1465023 0.3529616 0.1358252 0.3312164 0.1133934 0.3302075 0.1141257 0.3520777 0.1141257 0.3520777 0.1363068 0.3533825 0.1358252 0.3312164 0.1363068 0.3533825 0.1141257 0.3520777 0.1138752 0.3729505 0.1138752 0.3729505 0.1299118 0.3759242 0.1363068 0.3533825 0.1455162 0.3319105 0.1358252 0.3312164 0.1363068 0.3533825 0.1363068 0.3533825 0.1465023 0.3529616 0.1455162 0.3319105 0.1363068 0.3533825 0.1299118 0.3759242 0.1438207 0.371695 0.1438207 0.371695 0.1465023 0.3529616 0.1363068 0.3533825 0.07083642 0.293594 0.06823831 0.3143226 0.08817034 0.3138788 0.08817034 0.3138788 0.08950167 0.2924182 0.07083642 0.293594 0.06823831 0.3143226 0.06650489 0.3343268 0.08732819 0.334429 0.08732819 0.334429 0.08817034 0.3138788 0.06823831 0.3143226 0.1100026 0.309058 0.1081933 0.2881739 0.08950167 0.2924182 0.08950167 0.2924182 0.08817034 0.3138788 0.1100026 0.309058 0.1133934 0.3302075 0.1100026 0.309058 0.08817034 0.3138788 0.08817034 0.3138788 0.08732819 0.334429 0.1133934 0.3302075 0.07083642 0.293594 0.05298298 0.2903587 0.05000925 0.3111479 0.05000925 0.3111479 0.06823831 0.3143226 0.07083642 0.293594 0.06823831 0.3143226 0.05000925 0.3111479 0.04657673 0.3317399 0.04657673 0.3317399 0.06650489 0.3343268 0.06823831 0.3143226 0.05298298 0.2903587 0.02651184 0.2763929 0.01858466 0.299348 0.01858466 0.299348 0.05000925 0.3111479 0.05298298 0.2903587 0.05000925 0.3111479 0.01858466 0.299348 0.02092486 0.3247268 0.02092486 0.3247268 0.04657673 0.3317399 0.05000925 0.3111479 0.151308 0.2820862 0.1388329 0.2848437 0.1446475 0.3081894 0.1446475 0.3081894 0.1557306 0.3069073 0.151308 0.2820862 0.1455162 0.3319105 0.1561591 0.331573 0.1557306 0.3069073 0.1557306 0.3069073 0.1446475 0.3081894 0.1455162 0.3319105 0.1282011 0.286907 0.1081933 0.2881739 0.1100026 0.309058 0.1100026 0.309058 0.1351044 0.3095814 0.1282011 0.286907 0.1351044 0.3095814 0.1100026 0.309058 0.1133934 0.3302075 0.1133934 0.3302075 0.1358252 0.3312164 0.1351044 0.3095814 0.1388329 0.2848437 0.1282011 0.286907 0.1351044 0.3095814 0.1351044 0.3095814 0.1446475 0.3081894 0.1388329 0.2848437 0.1358252 0.3312164 0.1455162 0.3319105 0.1446475 0.3081894 0.1446475 0.3081894 0.1351044 0.3095814 0.1358252 0.3312164 0.0407204 0.5116895 0.05223208 0.4958615 0.0391615 0.4913896 0.0391615 0.4913896 0.02609097 0.5008417 0.0407204 0.5116895 0.01545542 0.514064 0.03629022 0.5218926 0.0407204 0.5116895 0.0407204 0.5116895 0.02609097 0.5008417 0.01545542 0.514064 0.147553 0.4923871 0.1604869 0.5091559 0.1740203 0.4995254 0.1740203 0.4995254 0.1612645 0.4864853 0.147553 0.4923871 0.1740203 0.4995254 0.1604869 0.5091559 0.1793153 0.5212023 0.1793153 0.5212023 0.1951736 0.5117995 0.1740203 0.4995254 0.1373386 0.4955087 0.1198112 0.4980462 0.1247915 0.5186344 0.1247915 0.5186344 0.1452999 0.5134039 0.1373386 0.4955087 0.1452999 0.5134039 0.1247915 0.5186344 0.1327111 0.5414757 0.1327111 0.5414757 0.1577258 0.5317694 0.1452999 0.5134039 0.1452999 0.5134039 0.1604869 0.5091559 0.147553 0.4923871 0.147553 0.4923871 0.1373386 0.4955087 0.1452999 0.5134039 0.1577258 0.5317694 0.1793153 0.5212023 0.1604869 0.5091559 0.1604869 0.5091559 0.1452999 0.5134039 0.1577258 0.5317694 0.1198112 0.4980462 0.08993411 0.5012817 0.09357905 0.524191 0.09357905 0.524191 0.1247915 0.5186344 0.1198112 0.4980462 0.1247915 0.5186344 0.09357905 0.524191 0.09579801 0.5372237 0.09579801 0.5372237 0.1327111 0.5414757 0.1247915 0.5186344 0.07005131 0.4999731 0.05825901 0.5209215 0.09357905 0.524191 0.09357905 0.524191 0.08993411 0.5012817 0.07005131 0.4999731 0.09357905 0.524191 0.05825901 0.5209215 0.05917316 0.5365791 0.05917316 0.5365791 0.09579801 0.5372237 0.09357905 0.524191 0.05223208 0.4958615 0.0407204 0.5116895 0.05825901 0.5209215 0.05825901 0.5209215 0.07005131 0.4999731 0.05223208 0.4958615 0.05825901 0.5209215 0.0407204 0.5116895 0.03629022 0.5218926 0.03629022 0.5218926 0.05917316 0.5365791 0.05825901 0.5209215 0.05569881 0.4765515 0.05301332 0.4361526 0.03327476 0.4424566 0.03327476 0.4424566 0.04129314 0.4782811 0.05569881 0.4765515 0.05301332 0.4361526 0.05027097 0.4156555 0.03291064 0.4250772 0.03291064 0.4250772 0.03327476 0.4424566 0.05301332 0.4361526 0.1449813 0.4387546 0.1447348 0.4759142 0.1591708 0.4733844 0.1591708 0.4733844 0.1682511 0.4379352 0.1449813 0.4387546 0.150519 0.4173737 0.1449813 0.4387546 0.1682511 0.4379352 0.1682511 0.4379352 0.1739064 0.4198771 0.150519 0.4173737 0.1303595 0.4388949 0.1151648 0.4336531 0.119102 0.475975 0.119102 0.475975 0.1334849 0.4764073 0.1303595 0.4388949 0.1297944 0.417404 0.1153621 0.4105653 0.1151648 0.4336531 0.1151648 0.4336531 0.1303595 0.4388949 0.1297944 0.417404 0.1334849 0.4764073 0.1447348 0.4759142 0.1449813 0.4387546 0.1449813 0.4387546 0.1303595 0.4388949 0.1334849 0.4764073 0.1449813 0.4387546 0.150519 0.4173737 0.1297944 0.417404 0.1297944 0.417404 0.1303595 0.4388949 0.1449813 0.4387546 0.1151648 0.4336531 0.08051997 0.4352803 0.08779859 0.4774997 0.08779859 0.4774997 0.119102 0.475975 0.1151648 0.4336531 0.1153621 0.4105653 0.07897245 0.4129852 0.08051997 0.4352803 0.08051997 0.4352803 0.1151648 0.4336531 0.1153621 0.4105653 0.08051997 0.4352803 0.07065433 0.4333914 0.07273304 0.476248 0.07273304 0.476248 0.08779859 0.4774997 0.08051997 0.4352803 0.07897245 0.4129852 0.07112085 0.4100381 0.07065433 0.4333914 0.07065433 0.4333914 0.08051997 0.4352803 0.07897245 0.4129852 0.05301332 0.4361526 0.05569881 0.4765515 0.07273304 0.476248 0.07273304 0.476248 0.07065433 0.4333914 0.05301332 0.4361526 0.05027097 0.4156555 0.05301332 0.4361526 0.07065433 0.4333914 0.07065433 0.4333914 0.07112085 0.4100381 0.05027097 0.4156555 0.05223208 0.4958615 0.05569881 0.4765515 0.04129314 0.4782811 0.04129314 0.4782811 0.0391615 0.4913896 0.05223208 0.4958615 0.1447348 0.4759142 0.147553 0.4923871 0.1612645 0.4864853 0.1612645 0.4864853 0.1591708 0.4733844 0.1447348 0.4759142 0.1334849 0.4764073 0.119102 0.475975 0.1198112 0.4980462 0.1198112 0.4980462 0.1373386 0.4955087 0.1334849 0.4764073 0.1373386 0.4955087 0.147553 0.4923871 0.1447348 0.4759142 0.1447348 0.4759142 0.1334849 0.4764073 0.1373386 0.4955087 0.119102 0.475975 0.08779859 0.4774997 0.08993411 0.5012817 0.08993411 0.5012817 0.1198112 0.4980462 0.119102 0.475975 0.07273304 0.476248 0.07005131 0.4999731 0.08993411 0.5012817 0.08993411 0.5012817 0.08779859 0.4774997 0.07273304 0.476248 0.05569881 0.4765515 0.05223208 0.4958615 0.07005131 0.4999731 0.07005131 0.4999731 0.07273304 0.476248 0.05569881 0.4765515 0.04817742 0.3948246 0.04548805 0.373421 0.02464956 0.3724043 0.02464956 0.3724043 0.02513504 0.3966982 0.04817742 0.3948246 0.05027097 0.4156555 0.04817742 0.3948246 0.02513504 0.3966982 0.02513504 0.3966982 0.03291064 0.4250772 0.05027097 0.4156555 0.1438207 0.371695 0.1492788 0.3955678 0.1695636 0.3912516 0.1695636 0.3912516 0.1625996 0.3687517 0.1438207 0.371695 0.1695636 0.3912516 0.1492788 0.3955678 0.150519 0.4173737 0.150519 0.4173737 0.1739064 0.4198771 0.1695636 0.3912516 0.1299118 0.3759242 0.1138752 0.3729505 0.1127791 0.3930456 0.1127791 0.3930456 0.130553 0.3966792 0.1299118 0.3759242 0.130553 0.3966792 0.1127791 0.3930456 0.1153621 0.4105653 0.1153621 0.4105653 0.1297944 0.417404 0.130553 0.3966792 0.1438207 0.371695 0.1299118 0.3759242 0.130553 0.3966792 0.130553 0.3966792 0.1492788 0.3955678 0.1438207 0.371695 0.1297944 0.417404 0.150519 0.4173737 0.1492788 0.3955678 0.1492788 0.3955678 0.130553 0.3966792 0.1297944 0.417404 0.1138752 0.3729505 0.08411943 0.3721236 0.08235573 0.392325 0.08235573 0.392325 0.1127791 0.3930456 0.1138752 0.3729505 0.1127791 0.3930456 0.08235573 0.392325 0.07897245 0.4129852 0.07897245 0.4129852 0.1153621 0.4105653 0.1127791 0.3930456 0.08411943 0.3721236 0.06572347 0.3714637 0.06689941 0.3905726 0.06689941 0.3905726 0.08235573 0.392325 0.08411943 0.3721236 0.08235573 0.392325 0.06689941 0.3905726 0.07112085 0.4100381 0.07112085 0.4100381 0.07897245 0.4129852 0.08235573 0.392325 0.04548805 0.373421 0.04817742 0.3948246 0.06689941 0.3905726 0.06689941 0.3905726 0.06572347 0.3714637 0.04548805 0.373421 0.04817742 0.3948246 0.05027097 0.4156555 0.07112085 0.4100381 0.07112085 0.4100381 0.06689941 0.3905726 0.04817742 0.3948246 0.1618221 0.544017 0.1661347 0.5573379 0.1900531 0.5435694 0.1900531 0.5435694 0.1848189 0.5297327 0.1618221 0.544017 0.1900531 0.5435694 0.2101786 0.5362414 0.2042731 0.5237246 0.2042731 0.5237246 0.1848189 0.5297327 0.1900531 0.5435694 0.1397659 0.552168 0.1468742 0.5631904 0.1661347 0.5573379 0.1661347 0.5573379 0.1618221 0.544017 0.1397659 0.552168 0.1397659 0.552168 0.1252579 0.5669189 0.1338376 0.573458 0.1338376 0.573458 0.1468742 0.5631904 0.1397659 0.552168 0.05842977 0.5576488 0.06122517 0.5811539 0.08514744 0.5817305 0.08514744 0.5817305 0.09277874 0.5591168 0.05842977 0.5576488 0.05839562 0.547495 0.05842977 0.5576488 0.09277874 0.5591168 0.09277874 0.5591168 0.09498256 0.5477454 0.05839562 0.547495 0.08514744 0.5817305 0.09740996 0.6007939 0.112783 0.5767123 0.112783 0.5767123 0.09277874 0.5591168 0.08514744 0.5817305 0.09277874 0.5591168 0.1167466 0.5585667 0.09498256 0.5477454 0.112783 0.5767123 0.1252579 0.5669189 0.1167466 0.5585667 0.1167466 0.5585667 0.09277874 0.5591168 0.112783 0.5767123 0.04214262 0.5618022 0.04804456 0.5905643 0.06122517 0.5811539 0.06122517 0.5811539 0.05842977 0.5576488 0.04214262 0.5618022 0.05839562 0.547495 0.04599267 0.5429778 0.05842977 0.5576488 0.04599267 0.5429778 0.03172737 0.5464217 0.04214262 0.5618022 0.04214262 0.5618022 0.05842977 0.5576488 0.04599267 0.5429778 0.006845414 0.5230646 0.001493573 0.5349821 0.01098352 0.5416198 0.01098352 0.5416198 0.0237165 0.5313181 0.006845414 0.5230646 0.0185126 0.5497595 0.03172737 0.5464217 0.0237165 0.5313181 0.0237165 0.5313181 0.01098352 0.5416198 0.0185126 0.5497595 0.1577258 0.5317694 0.1618221 0.544017 0.1848189 0.5297327 0.1848189 0.5297327 0.1793153 0.5212023 0.1577258 0.5317694 0.1848189 0.5297327 0.2042731 0.5237246 0.1951736 0.5117995 0.1951736 0.5117995 0.1793153 0.5212023 0.1848189 0.5297327 0.1327111 0.5414757 0.1397659 0.552168 0.1618221 0.544017 0.1618221 0.544017 0.1577258 0.5317694 0.1327111 0.5414757 0.09579801 0.5372237 0.09498256 0.5477454 0.1167466 0.5585667 0.1167466 0.5585667 0.1327111 0.5414757 0.09579801 0.5372237 0.1167466 0.5585667 0.1252579 0.5669189 0.1397659 0.552168 0.1397659 0.552168 0.1327111 0.5414757 0.1167466 0.5585667 0.05839562 0.547495 0.09498256 0.5477454 0.09579801 0.5372237 0.09579801 0.5372237 0.05917316 0.5365791 0.05839562 0.547495 0.05917316 0.5365791 0.03629022 0.5218926 0.04599267 0.5429778 0.04599267 0.5429778 0.05839562 0.547495 0.05917316 0.5365791 0.01545542 0.514064 0.006845414 0.5230646 0.0237165 0.5313181 0.0237165 0.5313181 0.03629022 0.5218926 0.01545542 0.514064 0.0237165 0.5313181 0.03172737 0.5464217 0.04599267 0.5429778 0.04599267 0.5429778 0.03629022 0.5218926 0.0237165 0.5313181 0.112783 0.5767123 0.09740996 0.6007939 0.1085652 0.6106139 0.1085652 0.6106139 0.126191 0.5848407 0.112783 0.5767123 0.126191 0.5848407 0.1338376 0.573458 0.1252579 0.5669189 0.1252579 0.5669189 0.112783 0.5767123 0.126191 0.5848407 0.02363306 0.567685 0.03026312 0.5980098 0.04804456 0.5905643 0.04804456 0.5905643 0.04214262 0.5618022 0.02363306 0.567685 0.03172737 0.5464217 0.0185126 0.5497595 0.02363306 0.567685 0.02363306 0.567685 0.04214262 0.5618022 0.03172737 0.5464217 0.5928963 0.4382413 0.5874223 0.4236009 0.6091685 0.4295209 0.6091685 0.4295209 0.6219449 0.4437617 0.5928963 0.4382413 0.5332354 0.4379454 0.5327807 0.4481949 0.5019161 0.4414692 0.5019161 0.4414692 0.5020706 0.4311413 0.5332354 0.4379454 0.5347008 0.4278956 0.5395905 0.4177379 0.5634002 0.4213694 0.5634002 0.4213694 0.5638594 0.4334531 0.5347008 0.4278956 0.5935699 0.4639191 0.5889207 0.4765688 0.5620033 0.4675725 0.5620033 0.4675725 0.5632484 0.4557041 0.5935699 0.4639191 0.4971187 0.2527974 0.4975911 0.2565588 0.5244137 0.2531961 0.5244137 0.2531961 0.5246982 0.2494307 0.4971187 0.2527974 0.5785244 0.2807057 0.5746897 0.2814956 0.5759189 0.2961964 0.5759189 0.2961964 0.5793622 0.2972421 0.5785244 0.2807057 0.5073331 0.3110385 0.5075675 0.3072626 0.4760009 0.3055187 0.4760009 0.3055187 0.4752717 0.3090837 0.5073331 0.3110385 0.4340727 0.2828943 0.435806 0.2718734 0.4324792 0.2704515 0.4324792 0.2704515 0.4303261 0.2830142 0.4340727 0.2828943 0.5510941 0.2513383 0.549446 0.2545882 0.5666925 0.2667004 0.5666925 0.2667004 0.5697554 0.2645622 0.5510941 0.2513383 0.4466487 0.3059191 0.448526 0.3028935 0.4364483 0.2937969 0.4364483 0.2937969 0.4333989 0.2954187 0.4466487 0.3059191 0.4469146 0.2622864 0.4706743 0.2588676 0.469598 0.2551384 0.469598 0.2551384 0.4445953 0.2593402 0.4469146 0.2622864 0.5662006 0.3081999 0.5391116 0.3103626 0.5397133 0.314134 0.5397133 0.314134 0.5684502 0.3110518 0.5662006 0.3081999 0.5244137 0.2531961 0.4975911 0.2565588 0.5003551 0.269921 0.5003551 0.269921 0.5322452 0.2681452 0.5244137 0.2531961 0.5746897 0.2814956 0.5669423 0.281514 0.5683417 0.2955808 0.5683417 0.2955808 0.5759189 0.2961964 0.5746897 0.2814956 0.4760009 0.3055187 0.5075675 0.3072626 0.5050657 0.2940667 0.5050657 0.2940667 0.4716121 0.2933383 0.4760009 0.3055187 0.435806 0.2718734 0.4340727 0.2828943 0.4693827 0.2823088 0.4693827 0.2823088 0.4689916 0.271251 0.435806 0.2718734 0.5597299 0.2673996 0.5666925 0.2667004 0.549446 0.2545882 0.4716121 0.2933383 0.4364483 0.2937969 0.448526 0.3028935 0.448526 0.3028935 0.4760009 0.3055187 0.4716121 0.2933383 0.5391116 0.3103626 0.5662006 0.3081999 0.5683417 0.2955808 0.5683417 0.2955808 0.5391088 0.295372 0.5391116 0.3103626 0.4689916 0.271251 0.5003551 0.269921 0.4975911 0.2565588 0.4975911 0.2565588 0.4706743 0.2588676 0.4689916 0.271251 0.5028313 0.2819972 0.4693827 0.2823088 0.4716121 0.2933383 0.4716121 0.2933383 0.5050657 0.2940667 0.5028313 0.2819972 0.5391088 0.295372 0.5050657 0.2940667 0.5075675 0.3072626 0.5075675 0.3072626 0.5391116 0.3103626 0.5391088 0.295372 0.5028313 0.2819972 0.5372285 0.2817595 0.5322452 0.2681452 0.5322452 0.2681452 0.5003551 0.269921 0.5028313 0.2819972 0.5874223 0.4236009 0.5928963 0.4382413 0.5638594 0.4334531 0.5638594 0.4334531 0.5634002 0.4213694 0.5874223 0.4236009 0.6262463 0.4583291 0.6243114 0.4716244 0.5935699 0.4639191 0.5935699 0.4639191 0.5949167 0.451453 0.6262463 0.4583291 0.5620033 0.4675725 0.5348644 0.459764 0.5327807 0.4481949 0.5327807 0.4481949 0.5632484 0.4557041 0.5620033 0.4675725 0.5347008 0.4278956 0.5058346 0.4215288 0.5179446 0.4153833 0.5179446 0.4153833 0.5395905 0.4177379 0.5347008 0.4278956 0.5949167 0.451453 0.5928963 0.4382413 0.6219449 0.4437617 0.6219449 0.4437617 0.6262463 0.4583291 0.5949167 0.451453 0.5638594 0.4334531 0.5640996 0.4447048 0.5332354 0.4379454 0.5332354 0.4379454 0.5347008 0.4278956 0.5638594 0.4334531 0.435806 0.2718734 0.4469146 0.2622864 0.4445953 0.2593402 0.4445953 0.2593402 0.4324792 0.2704515 0.435806 0.2718734 0.5746897 0.2814956 0.5785244 0.2807057 0.5697554 0.2645622 0.5697554 0.2645622 0.5666925 0.2667004 0.5746897 0.2814956 0.4469146 0.2622864 0.435806 0.2718734 0.4689916 0.271251 0.4689916 0.271251 0.4706743 0.2588676 0.4469146 0.2622864 0.5669423 0.281514 0.5746897 0.2814956 0.5666925 0.2667004 0.5666925 0.2667004 0.5597299 0.2673996 0.5669423 0.281514 0.5322452 0.2681452 0.5597299 0.2673996 0.549446 0.2545882 0.549446 0.2545882 0.5244137 0.2531961 0.5322452 0.2681452 0.5020706 0.4311413 0.5058346 0.4215288 0.5347008 0.4278956 0.5347008 0.4278956 0.5332354 0.4379454 0.5020706 0.4311413 0.5632484 0.4557041 0.5640996 0.4447048 0.5949167 0.451453 0.5949167 0.451453 0.5935699 0.4639191 0.5632484 0.4557041 0.5759189 0.2961964 0.5662006 0.3081999 0.5684502 0.3110518 0.5684502 0.3110518 0.5793622 0.2972421 0.5759189 0.2961964 0.4340727 0.2828943 0.4303261 0.2830142 0.4333989 0.2954187 0.4333989 0.2954187 0.4364483 0.2937969 0.4340727 0.2828943 0.5662006 0.3081999 0.5759189 0.2961964 0.5683417 0.2955808 0.4364483 0.2937969 0.4716121 0.2933383 0.4693827 0.2823088 0.4693827 0.2823088 0.4340727 0.2828943 0.4364483 0.2937969 0.5669423 0.281514 0.5372285 0.2817595 0.5391088 0.295372 0.5391088 0.295372 0.5683417 0.2955808 0.5669423 0.281514 0.6132816 0.4806447 0.5889207 0.4765688 0.5935699 0.4639191 0.5935699 0.4639191 0.6243114 0.4716244 0.6132816 0.4806447 0.549446 0.2545882 0.5510941 0.2513383 0.5246982 0.2494307 0.5246982 0.2494307 0.5244137 0.2531961 0.549446 0.2545882 0.5391116 0.3103626 0.5075675 0.3072626 0.5073331 0.3110385 0.5073331 0.3110385 0.5397133 0.314134 0.5391116 0.3103626 0.5372285 0.2817595 0.5669423 0.281514 0.5597299 0.2673996 0.5597299 0.2673996 0.5322452 0.2681452 0.5372285 0.2817595 0.5640996 0.4447048 0.5638594 0.4334531 0.5928963 0.4382413 0.5928963 0.4382413 0.5949167 0.451453 0.5640996 0.4447048 0.5372285 0.2817595 0.5028313 0.2819972 0.5050657 0.2940667 0.5050657 0.2940667 0.5391088 0.295372 0.5372285 0.2817595 0.5640996 0.4447048 0.5632484 0.4557041 0.5327807 0.4481949 0.5327807 0.4481949 0.5332354 0.4379454 0.5640996 0.4447048 0.448526 0.3028935 0.4466487 0.3059191 0.4752717 0.3090837 0.4752717 0.3090837 0.4760009 0.3055187 0.448526 0.3028935 0.4706743 0.2588676 0.4975911 0.2565588 0.4971187 0.2527974 0.4971187 0.2527974 0.469598 0.2551384 0.4706743 0.2588676 0.5108195 0.452265 0.5019161 0.4414692 0.5327807 0.4481949 0.5327807 0.4481949 0.5348644 0.459764 0.5108195 0.452265 0.4693827 0.2823088 0.5028313 0.2819972 0.5003551 0.269921 0.5003551 0.269921 0.4689916 0.271251 0.4693827 0.2823088 0.04287755 0.01149648 0.06861507 0.01981019 0.06886059 0.01494646 0.06886059 0.01494646 0.04229867 0.007497131 0.04287755 0.01149648 0.08230817 0.08559781 0.0837785 0.08966654 0.09390878 0.07644939 0.09390878 0.07644939 0.0898723 0.07380181 0.08230817 0.08559781 0.08424925 0.03488987 0.09129911 0.05037564 0.09768909 0.05144226 0.09768909 0.05144226 0.08702218 0.03090476 0.08424925 0.03488987 0.05905276 0.09879183 0.02216506 0.1035953 0.02362722 0.107331 0.02362722 0.107331 0.05817037 0.104026 0.05905276 0.09879183 0.04287755 0.01149648 0.03966903 0.02337467 0.06218868 0.02954894 0.06218868 0.02954894 0.06861507 0.01981019 0.04287755 0.01149648 0.08105415 0.07005733 0.07509535 0.07900339 0.08230817 0.08559781 0.08230817 0.08559781 0.0898723 0.07380181 0.08105415 0.07005733 0.08424925 0.03488987 0.07529962 0.04096966 0.08101356 0.05302387 0.08101356 0.05302387 0.09129911 0.05037564 0.08424925 0.03488987 0.02216506 0.1035953 0.05905276 0.09879183 0.05455684 0.0876581 0.05455684 0.0876581 0.02067208 0.09048908 0.02216506 0.1035953 0.01078116 0.03380364 0.03422206 0.03515464 0.03966903 0.02337467 0.03966903 0.02337467 0.01091212 0.02114069 0.01078116 0.03380364 0.06439924 0.06679058 0.08105415 0.07005733 0.08226352 0.05979704 0.08226352 0.05979704 0.06415987 0.05633288 0.06439924 0.06679058 0.0588538 0.04477459 0.07529962 0.04096966 0.06218868 0.02954894 0.06218868 0.02954894 0.0520175 0.03625273 0.0588538 0.04477459 0.05455684 0.0876581 0.07509535 0.07900339 0.06283587 0.07449656 0.06283587 0.07449656 0.04450672 0.07626157 0.05455684 0.0876581 0.01793593 0.07786464 0.04450672 0.07626157 0.0421943 0.06618756 0.0421943 0.06618756 0.01539647 0.06741464 0.01793593 0.07786464 0.01329648 0.05611014 0.04126614 0.05633538 0.03748488 0.04586911 0.03748488 0.04586911 0.01170551 0.0445103 0.01329648 0.05611014 0.06861507 0.01981019 0.08424925 0.03488987 0.08702218 0.03090476 0.08702218 0.03090476 0.06886059 0.01494646 0.06861507 0.01981019 0.06861507 0.01981019 0.06218868 0.02954894 0.07529962 0.04096966 0.07529962 0.04096966 0.08424925 0.03488987 0.06861507 0.01981019 0.07529962 0.04096966 0.0588538 0.04477459 0.06415987 0.05633288 0.06415987 0.05633288 0.08101356 0.05302387 0.07529962 0.04096966 0.03748488 0.04586911 0.0588538 0.04477459 0.0520175 0.03625273 0.0520175 0.03625273 0.03422206 0.03515464 0.03748488 0.04586911 0.0935046 0.06014895 0.0898723 0.07380181 0.09390878 0.07644939 0.09390878 0.07644939 0.1019341 0.05836606 0.0935046 0.06014895 0.08105415 0.07005733 0.0898723 0.07380181 0.0935046 0.06014895 0.0935046 0.06014895 0.08226352 0.05979704 0.08105415 0.07005733 0.07509535 0.07900339 0.08105415 0.07005733 0.06439924 0.06679058 0.06439924 0.06679058 0.06283587 0.07449656 0.07509535 0.07900339 0.06415987 0.05633288 0.04126614 0.05633538 0.0421943 0.06618756 0.0421943 0.06618756 0.06439924 0.06679058 0.06415987 0.05633288 0.0837785 0.08966654 0.08230817 0.08559781 0.05905276 0.09879183 0.05905276 0.09879183 0.05817037 0.104026 0.0837785 0.08966654 0.07509535 0.07900339 0.05455684 0.0876581 0.05905276 0.09879183 0.05905276 0.09879183 0.08230817 0.08559781 0.07509535 0.07900339 0.03966903 0.02337467 0.03422206 0.03515464 0.0520175 0.03625273 0.0520175 0.03625273 0.06218868 0.02954894 0.03966903 0.02337467 0.06439924 0.06679058 0.0421943 0.06618756 0.04450672 0.07626157 0.04450672 0.07626157 0.06283587 0.07449656 0.06439924 0.06679058 0.0588538 0.04477459 0.03748488 0.04586911 0.04126614 0.05633538 0.04126614 0.05633538 0.06415987 0.05633288 0.0588538 0.04477459 0.01398366 0.004143238 0.01226961 0.007965207 0.04287755 0.01149648 0.04287755 0.01149648 0.04229867 0.007497131 0.01398366 0.004143238 0.04287755 0.01149648 0.01226961 0.007965207 0.01091212 0.02114069 0.01091212 0.02114069 0.03966903 0.02337467 0.04287755 0.01149648 0.04450672 0.07626157 0.01793593 0.07786464 0.02067208 0.09048908 0.02067208 0.09048908 0.05455684 0.0876581 0.04450672 0.07626157 0.03422206 0.03515464 0.01078116 0.03380364 0.01170551 0.0445103 0.01170551 0.0445103 0.03748488 0.04586911 0.03422206 0.03515464 0.04126614 0.05633538 0.01329648 0.05611014 0.01539647 0.06741464 0.01539647 0.06741464 0.0421943 0.06618756 0.04126614 0.05633538 0.0935046 0.06014895 0.09768909 0.05144226 0.09129911 0.05037564 0.09129911 0.05037564 0.08101356 0.05302387 0.08226352 0.05979704 0.08226352 0.05979704 0.0935046 0.06014895 0.09129911 0.05037564 0.08101356 0.05302387 0.06415987 0.05633288 0.08226352 0.05979704 0.01226961 0.007965207 0.008954048 0.005228579 0.01047849 0.008654415 0.01091212 0.02114069 0.01226961 0.007965207 0.01047849 0.008654415 0.01047849 0.008654415 0.009284853 0.021034 0.01091212 0.02114069 0.01091212 0.02114069 0.009284853 0.021034 0.008890628 0.0338943 0.008890628 0.0338943 0.01078116 0.03380364 0.01091212 0.02114069 0.01078116 0.03380364 0.008890628 0.0338943 0.009661257 0.04500168 0.009661257 0.04500168 0.01170551 0.0445103 0.01078116 0.03380364 0.01170551 0.0445103 0.009661257 0.04500168 0.01122742 0.0567494 0.01122742 0.0567494 0.01329648 0.05611014 0.01170551 0.0445103 0.01329648 0.05611014 0.01122742 0.0567494 0.01342481 0.06813937 0.01342481 0.06813937 0.01539647 0.06741464 0.01329648 0.05611014 0.01539647 0.06741464 0.01342481 0.06813937 0.01614451 0.0786342 0.01614451 0.0786342 0.01793593 0.07786464 0.01539647 0.06741464 0.01793593 0.07786464 0.01614451 0.0786342 0.01874566 0.09098678 0.01874566 0.09098678 0.02067208 0.09048908 0.01793593 0.07786464 0.02067208 0.09048908 0.01874566 0.09098678 0.02017724 0.102919 0.02017724 0.102919 0.02216506 0.1035953 0.02067208 0.09048908 0.02216506 0.1035953 0.02017724 0.102919 0.01927316 0.1063473 0.4592208 0.4491242 0.4885856 0.4456578 0.4748402 0.458966 0.4748402 0.458966 0.4527321 0.4633439 0.4592208 0.4491242 0.3996865 0.4452285 0.3681209 0.4498268 0.3686922 0.4395134 0.3686922 0.4395134 0.3999531 0.4349726 0.3996865 0.4452285 0.4004423 0.4553564 0.4299196 0.4518609 0.4286125 0.4638825 0.4286125 0.4638825 0.4046067 0.4658326 0.4004423 0.4553564 0.4616966 0.423557 0.4308729 0.4296219 0.4304647 0.4176954 0.4304647 0.4176954 0.4579476 0.4106121 0.4616966 0.423557 0.4984576 0.3161326 0.4708782 0.3127659 0.4711627 0.3165313 0.4711627 0.3165313 0.4979853 0.3198937 0.4984576 0.3161326 0.4170519 0.3440409 0.4162141 0.3605772 0.4196576 0.3595314 0.4196576 0.3595314 0.4208865 0.3448308 0.4170519 0.3440409 0.4882432 0.3743736 0.5203047 0.3724188 0.5195755 0.3688539 0.5195755 0.3688539 0.4880088 0.3705977 0.4882432 0.3743736 0.5615035 0.3462294 0.5652503 0.3463493 0.5630972 0.3337867 0.5630972 0.3337867 0.5597704 0.3352085 0.5615035 0.3462294 0.4444822 0.3146735 0.425821 0.3278974 0.4288838 0.3300356 0.4288838 0.3300356 0.4461303 0.3179233 0.4444822 0.3146735 0.5489276 0.3692543 0.5621774 0.3587538 0.5591281 0.3571321 0.5591281 0.3571321 0.5470504 0.3662287 0.5489276 0.3692543 0.5486617 0.3256216 0.5509809 0.3226754 0.5259782 0.3184735 0.5259782 0.3184735 0.5249019 0.3222029 0.5486617 0.3256216 0.4293758 0.3715351 0.4271262 0.374387 0.4558629 0.3774692 0.4558629 0.3774692 0.4564648 0.3736978 0.4293758 0.3715351 0.4711627 0.3165313 0.4633312 0.3314804 0.4952211 0.3332562 0.4952211 0.3332562 0.4979853 0.3198937 0.4711627 0.3165313 0.4208865 0.3448308 0.4196576 0.3595314 0.4272348 0.3589159 0.4272348 0.3589159 0.4286341 0.3448492 0.4208865 0.3448308 0.5195755 0.3688539 0.5239642 0.3566734 0.4905105 0.3574017 0.4905105 0.3574017 0.4880088 0.3705977 0.5195755 0.3688539 0.5597704 0.3352085 0.5265848 0.3345861 0.5261937 0.3456439 0.5261937 0.3456439 0.5615035 0.3462294 0.5597704 0.3352085 0.4358466 0.3307348 0.4461303 0.3179233 0.4288838 0.3300356 0.5239642 0.3566734 0.5195755 0.3688539 0.5470504 0.3662287 0.5470504 0.3662287 0.5591281 0.3571321 0.5239642 0.3566734 0.4564648 0.3736978 0.4564675 0.3587073 0.4272348 0.3589159 0.4272348 0.3589159 0.4293758 0.3715351 0.4564648 0.3736978 0.5265848 0.3345861 0.5249019 0.3222029 0.4979853 0.3198937 0.4979853 0.3198937 0.4952211 0.3332562 0.5265848 0.3345861 0.4927451 0.3453324 0.4905105 0.3574017 0.5239642 0.3566734 0.5239642 0.3566734 0.5261937 0.3456439 0.4927451 0.3453324 0.4564675 0.3587073 0.4564648 0.3736978 0.4880088 0.3705977 0.4880088 0.3705977 0.4905105 0.3574017 0.4564675 0.3587073 0.4927451 0.3453324 0.4952211 0.3332562 0.4633312 0.3314804 0.4633312 0.3314804 0.4583478 0.3450946 0.4927451 0.3453324 0.4527321 0.4633439 0.4286125 0.4638825 0.4299196 0.4518609 0.4299196 0.4518609 0.4592208 0.4491242 0.4527321 0.4633439 0.4938996 0.4314286 0.4621644 0.436087 0.4616966 0.423557 0.4616966 0.423557 0.4929031 0.4180301 0.4938996 0.4314286 0.4304647 0.4176954 0.4308729 0.4296219 0.3999531 0.4349726 0.3999531 0.4349726 0.4028441 0.4235782 0.4304647 0.4176954 0.4004423 0.4553564 0.4046067 0.4658326 0.3828487 0.4666609 0.3828487 0.4666609 0.3712003 0.4596799 0.4004423 0.4553564 0.4621644 0.436087 0.4938996 0.4314286 0.4885856 0.4456578 0.4885856 0.4456578 0.4592208 0.4491242 0.4621644 0.436087 0.4299196 0.4518609 0.4004423 0.4553564 0.3996865 0.4452285 0.3996865 0.4452285 0.4309495 0.4406538 0.4299196 0.4518609 0.5597704 0.3352085 0.5630972 0.3337867 0.5509809 0.3226754 0.5509809 0.3226754 0.5486617 0.3256216 0.5597704 0.3352085 0.4208865 0.3448308 0.4288838 0.3300356 0.425821 0.3278974 0.425821 0.3278974 0.4170519 0.3440409 0.4208865 0.3448308 0.5486617 0.3256216 0.5249019 0.3222029 0.5265848 0.3345861 0.5265848 0.3345861 0.5597704 0.3352085 0.5486617 0.3256216 0.4286341 0.3448492 0.4358466 0.3307348 0.4288838 0.3300356 0.4288838 0.3300356 0.4208865 0.3448308 0.4286341 0.3448492 0.4633312 0.3314804 0.4711627 0.3165313 0.4461303 0.3179233 0.4461303 0.3179233 0.4358466 0.3307348 0.4633312 0.3314804 0.3681209 0.4498268 0.3996865 0.4452285 0.4004423 0.4553564 0.4004423 0.4553564 0.3712003 0.4596799 0.3681209 0.4498268 0.4308729 0.4296219 0.4616966 0.423557 0.4621644 0.436087 0.4621644 0.436087 0.4309495 0.4406538 0.4308729 0.4296219 0.4196576 0.3595314 0.4162141 0.3605772 0.4271262 0.374387 0.4271262 0.374387 0.4293758 0.3715351 0.4196576 0.3595314 0.5615035 0.3462294 0.5591281 0.3571321 0.5621774 0.3587538 0.5621774 0.3587538 0.5652503 0.3463493 0.5615035 0.3462294 0.4293758 0.3715351 0.4272348 0.3589159 0.4196576 0.3595314 0.5591281 0.3571321 0.5615035 0.3462294 0.5261937 0.3456439 0.5261937 0.3456439 0.5239642 0.3566734 0.5591281 0.3571321 0.4286341 0.3448492 0.4272348 0.3589159 0.4564675 0.3587073 0.4564675 0.3587073 0.4583478 0.3450946 0.4286341 0.3448492 0.4825344 0.4082575 0.4929031 0.4180301 0.4616966 0.423557 0.4616966 0.423557 0.4579476 0.4106121 0.4825344 0.4082575 0.4461303 0.3179233 0.4711627 0.3165313 0.4708782 0.3127659 0.4708782 0.3127659 0.4444822 0.3146735 0.4461303 0.3179233 0.4564648 0.3736978 0.4558629 0.3774692 0.4882432 0.3743736 0.4882432 0.3743736 0.4880088 0.3705977 0.4564648 0.3736978 0.4583478 0.3450946 0.4633312 0.3314804 0.4358466 0.3307348 0.4358466 0.3307348 0.4286341 0.3448492 0.4583478 0.3450946 0.4309495 0.4406538 0.4621644 0.436087 0.4592208 0.4491242 0.4592208 0.4491242 0.4299196 0.4518609 0.4309495 0.4406538 0.4583478 0.3450946 0.4564675 0.3587073 0.4905105 0.3574017 0.4905105 0.3574017 0.4927451 0.3453324 0.4583478 0.3450946 0.4309495 0.4406538 0.3996865 0.4452285 0.3999531 0.4349726 0.3999531 0.4349726 0.4308729 0.4296219 0.4309495 0.4406538 0.5470504 0.3662287 0.5195755 0.3688539 0.5203047 0.3724188 0.5203047 0.3724188 0.5489276 0.3692543 0.5470504 0.3662287 0.5249019 0.3222029 0.5259782 0.3184735 0.4984576 0.3161326 0.4984576 0.3161326 0.4979853 0.3198937 0.5249019 0.3222029 0.3783318 0.4293697 0.4028441 0.4235782 0.3999531 0.4349726 0.3999531 0.4349726 0.3686922 0.4395134 0.3783318 0.4293697 0.5261937 0.3456439 0.5265848 0.3345861 0.4952211 0.3332562 0.4952211 0.3332562 0.4927451 0.3453324 0.5261937 0.3456439 0.1231714 0.1890523 0.127206 0.1888241 0.1174699 0.2146356 0.1174699 0.2146356 0.1126461 0.2139673 0.1231714 0.1890523 0.04591542 0.2218745 0.05700737 0.2304379 0.0540179 0.2342283 0.0540179 0.2342283 0.04173409 0.2229846 0.04591542 0.2218745 0.0962612 0.2282277 0.09998953 0.2313374 0.07860058 0.2401736 0.07860058 0.2401736 0.08021998 0.2339009 0.0962612 0.2282277 0.0347985 0.1975575 0.02966111 0.1962224 0.02937942 0.1615226 0.02937942 0.1615226 0.03322821 0.1603916 0.0347985 0.1975575 0.1231714 0.1890523 0.1126461 0.2139673 0.1035045 0.2067165 0.1035045 0.2067165 0.1116181 0.1848207 0.1231714 0.1890523 0.06150609 0.2219797 0.05700737 0.2304379 0.04591542 0.2218745 0.04591542 0.2218745 0.05311346 0.2152637 0.06150609 0.2219797 0.0962612 0.2282277 0.08021998 0.2339009 0.07847821 0.2234237 0.07847821 0.2234237 0.09098458 0.2187821 0.0962612 0.2282277 0.03322821 0.1603916 0.04641461 0.1600466 0.04628169 0.1940491 0.04628169 0.1940491 0.0347985 0.1975575 0.03322821 0.1603916 0.1037465 0.1551338 0.1163499 0.156368 0.1116181 0.1848207 0.1116181 0.1848207 0.1003577 0.1783677 0.1037465 0.1551338 0.06621199 0.2056728 0.07665079 0.2063458 0.07162189 0.2240787 0.07162189 0.2240787 0.06150609 0.2219797 0.06621199 0.2056728 0.08862751 0.2020673 0.09771275 0.1959998 0.1035045 0.2067165 0.1035045 0.2067165 0.09098458 0.2187821 0.08862751 0.2020673 0.04628169 0.1940491 0.05851078 0.1850306 0.05867159 0.2034438 0.05867159 0.2034438 0.05311346 0.2152637 0.04628169 0.1940491 0.05922967 0.1584212 0.06986105 0.1568022 0.06874817 0.183605 0.06874817 0.183605 0.05851078 0.1850306 0.05922967 0.1584212 0.08130568 0.1556956 0.09300005 0.1551215 0.08939969 0.1806843 0.08939969 0.1806843 0.07864356 0.183539 0.08130568 0.1556956 0.1126461 0.2139673 0.1174699 0.2146356 0.09998953 0.2313374 0.09998953 0.2313374 0.0962612 0.2282277 0.1126461 0.2139673 0.1126461 0.2139673 0.0962612 0.2282277 0.09098458 0.2187821 0.09098458 0.2187821 0.1035045 0.2067165 0.1126461 0.2139673 0.09098458 0.2187821 0.07847821 0.2234237 0.07665079 0.2063458 0.07665079 0.2063458 0.08862751 0.2020673 0.09098458 0.2187821 0.08939969 0.1806843 0.1003577 0.1783677 0.09771275 0.1959998 0.09771275 0.1959998 0.08862751 0.2020673 0.08939969 0.1806843 0.07029151 0.2352464 0.07133311 0.2437991 0.0540179 0.2342283 0.0540179 0.2342283 0.05700737 0.2304379 0.07029151 0.2352464 0.06150609 0.2219797 0.07162189 0.2240787 0.07029151 0.2352464 0.07029151 0.2352464 0.05700737 0.2304379 0.06150609 0.2219797 0.05311346 0.2152637 0.05867159 0.2034438 0.06621199 0.2056728 0.06621199 0.2056728 0.06150609 0.2219797 0.05311346 0.2152637 0.07665079 0.2063458 0.06621199 0.2056728 0.06874817 0.183605 0.06874817 0.183605 0.07864356 0.183539 0.07665079 0.2063458 0.04173409 0.2229846 0.02966111 0.1962224 0.0347985 0.1975575 0.0347985 0.1975575 0.04591542 0.2218745 0.04173409 0.2229846 0.05311346 0.2152637 0.04591542 0.2218745 0.0347985 0.1975575 0.0347985 0.1975575 0.04628169 0.1940491 0.05311346 0.2152637 0.1116181 0.1848207 0.1035045 0.2067165 0.09771275 0.1959998 0.09771275 0.1959998 0.1003577 0.1783677 0.1116181 0.1848207 0.06621199 0.2056728 0.05867159 0.2034438 0.05851078 0.1850306 0.05851078 0.1850306 0.06874817 0.183605 0.06621199 0.2056728 0.08862751 0.2020673 0.07665079 0.2063458 0.07864356 0.183539 0.07864356 0.183539 0.08939969 0.1806843 0.08862751 0.2020673 0.1330148 0.1609092 0.127206 0.1888241 0.1231714 0.1890523 0.1231714 0.1890523 0.1293569 0.1588685 0.1330148 0.1609092 0.1231714 0.1890523 0.1116181 0.1848207 0.1163499 0.156368 0.1163499 0.156368 0.1293569 0.1588685 0.1231714 0.1890523 0.05851078 0.1850306 0.04628169 0.1940491 0.04641461 0.1600466 0.04641461 0.1600466 0.05922967 0.1584212 0.05851078 0.1850306 0.1003577 0.1783677 0.08939969 0.1806843 0.09300005 0.1551215 0.09300005 0.1551215 0.1037465 0.1551338 0.1003577 0.1783677 0.07864356 0.183539 0.06874817 0.183605 0.06986105 0.1568022 0.06986105 0.1568022 0.08130568 0.1556956 0.07864356 0.183539 0.07029151 0.2352464 0.08021998 0.2339009 0.07860058 0.2401736 0.08021998 0.2339009 0.07029151 0.2352464 0.07162189 0.2240787 0.07162189 0.2240787 0.07847821 0.2234237 0.08021998 0.2339009 0.07847821 0.2234237 0.07162189 0.2240787 0.07665079 0.2063458 0.1293569 0.1588685 0.1288264 0.1570242 0.1323721 0.1558041 0.1163499 0.156368 0.116598 0.154756 0.1288264 0.1570242 0.1288264 0.1570242 0.1293569 0.1588685 0.1163499 0.156368 0.1163499 0.156368 0.1037465 0.1551338 0.1038209 0.1532424 0.1038209 0.1532424 0.116598 0.154756 0.1163499 0.156368 0.1037465 0.1551338 0.09300005 0.1551215 0.09268856 0.1530421 0.09268856 0.1530421 0.1038209 0.1532424 0.1037465 0.1551338 0.09300005 0.1551215 0.08130568 0.1556956 0.08084905 0.1535785 0.08084905 0.1535785 0.09268856 0.1530421 0.09300005 0.1551215 0.08130568 0.1556956 0.06986105 0.1568022 0.06931102 0.1547748 0.06931102 0.1547748 0.08084905 0.1535785 0.08130568 0.1556956 0.06986105 0.1568022 0.05922967 0.1584212 0.05861914 0.1565695 0.05861914 0.1565695 0.06931102 0.1547748 0.06986105 0.1568022 0.05922967 0.1584212 0.04641461 0.1600466 0.04608672 0.1580841 0.04608672 0.1580841 0.05861914 0.1565695 0.05922967 0.1584212 0.04641461 0.1600466 0.03322821 0.1603916 0.03407508 0.1584702 0.03407508 0.1584702 0.04608672 0.1580841 0.04641461 0.1600466 0.03322821 0.1603916 0.03073877 0.157271 0.03407508 0.1584702 0.9879112 0.04654145 0.9650591 0.04654145 0.9650591 0.09065878 0.9650591 0.09065878 0.9879112 0.09065872 0.9879112 0.04654145 0.9879112 0.1312149 0.9879112 0.09065872 0.9650591 0.09065878 0.9650591 0.09065878 0.9650591 0.131215 0.9879112 0.1312149 0.9879112 0.1728029 0.9879112 0.1312149 0.9650591 0.131215 0.9650591 0.131215 0.9650591 0.172803 0.9879112 0.1728029 0.9650591 0.172803 0.9650591 0.2091926 0.9879112 0.2091926 0.9879112 0.2091926 0.9879112 0.1728029 0.9650591 0.172803 0.9650591 0.2091926 0.9650592 0.2479568 0.9879114 0.2479567 0.9879114 0.2479567 0.9879112 0.2091926 0.9650591 0.2091926 0.9879112 0.2091926 0.9920218 0.2087934 0.9920218 0.1722459 0.9920218 0.1722459 0.9879112 0.1728029 0.9879112 0.2091926 0.9920218 0.1305503 0.9879112 0.1312149 0.9879112 0.1728029 0.9879112 0.1728029 0.9920218 0.1722459 0.9920218 0.1305503 0.9879112 0.09065872 0.9879112 0.1312149 0.9920218 0.1305503 0.9920218 0.1305503 0.9920218 0.09060734 0.9879112 0.09065872 0.9879112 0.04654145 0.9879112 0.09065872 0.9920218 0.09060734 0.9920218 0.09060734 0.9920218 0.04774785 0.9879112 0.04654145 0.9879112 0.04654145 0.9920218 0.04774785 0.9920218 0.007622182 0.9920218 0.007622182 0.9879112 0.009209752 0.9879112 0.04654145 0.9650591 0.04654145 0.9609504 0.0447427 0.9609504 0.09046936 0.9609504 0.09046936 0.9650591 0.09065878 0.9650591 0.04654145 0.9609504 0.131728 0.9650591 0.131215 0.9650591 0.09065878 0.9650591 0.09065878 0.9609504 0.09046936 0.9609504 0.131728 0.9609504 0.1734869 0.9650591 0.172803 0.9650591 0.131215 0.9650591 0.131215 0.9609504 0.131728 0.9609504 0.1734869 0.9609504 0.1734869 0.9609504 0.2093704 0.9650591 0.2091926 0.9650591 0.2091926 0.9650591 0.172803 0.9609504 0.1734869 0.9609504 0.2481346 0.9650592 0.2479568 0.9650591 0.2091926 0.9650591 0.2091926 0.9609504 0.2093704 0.9609504 0.2481346 0.9879112 0.009209752 0.9650591 0.009209752 0.9650591 0.04654145 0.9650591 0.04654145 0.9879112 0.04654145 0.9879112 0.009209752 0.9920218 0.2087934 0.9879112 0.2091926 0.9879114 0.2479567 0.9879114 0.2479567 0.992022 0.2477986 0.9920218 0.2087934 0.9650591 0.04654145 0.9650591 0.009209752 0.9609504 0.007622182 0.9609504 0.007622182 0.9609504 0.0447427 0.9650591 0.04654145 0.9650592 0.4264129 0.9650592 0.4489356 0.9879114 0.4489356 0.9879114 0.4489356 0.9879114 0.4264129 0.9650592 0.4264129 0.9650592 0.4043415 0.9879114 0.4043415 0.9879114 0.3643492 0.9879114 0.3643492 0.9650592 0.3643492 0.9650592 0.4043415 0.9650592 0.3643492 0.9879114 0.3643492 0.9879114 0.3237312 0.9879114 0.3237312 0.9650592 0.3237312 0.9650592 0.3643492 0.9650592 0.2860759 0.9650592 0.3237312 0.9879114 0.3237312 0.9879114 0.3237312 0.9879114 0.2860758 0.9650592 0.2860759 0.9879114 0.2860758 0.9879114 0.2479567 0.9650592 0.2479568 0.9650592 0.2479568 0.9650592 0.2860759 0.9879114 0.2860758 0.992022 0.286172 0.9879114 0.2860758 0.9879114 0.3237312 0.9879114 0.3237312 0.992022 0.323981 0.992022 0.286172 0.992022 0.323981 0.9879114 0.3237312 0.9879114 0.3643492 0.9879114 0.3643492 0.992022 0.3646397 0.992022 0.323981 0.992022 0.3646397 0.9879114 0.3643492 0.9879114 0.4043415 0.9879114 0.4043415 0.992022 0.4042382 0.992022 0.3646397 0.992022 0.4255929 0.992022 0.4042382 0.9879114 0.4043415 0.9879114 0.4043415 0.9879114 0.4264129 0.992022 0.4255929 0.9609506 0.4487143 0.9650592 0.4489356 0.9650592 0.4264129 0.9650592 0.4264129 0.9609506 0.4260986 0.9609506 0.4487143 0.9609504 0.404643 0.9650592 0.4043415 0.9650592 0.3643492 0.9650592 0.3643492 0.9609504 0.3641692 0.9609504 0.404643 0.9609504 0.3641692 0.9650592 0.3643492 0.9650592 0.3237312 0.9650592 0.3237312 0.9609504 0.3234075 0.9609504 0.3641692 0.9609504 0.2862353 0.9609504 0.3234075 0.9650592 0.3237312 0.9650592 0.3237312 0.9650592 0.2860759 0.9609504 0.2862353 0.9609504 0.2862353 0.9650592 0.2860759 0.9650592 0.2479568 0.9650592 0.2479568 0.9609504 0.2481346 0.9609504 0.2862353 0.9879114 0.2860758 0.992022 0.286172 0.992022 0.2477986 0.992022 0.2477986 0.9879114 0.2479567 0.9879114 0.2860758 0.9879114 0.4896008 0.9879114 0.4489356 0.9650592 0.4489356 0.9650592 0.4489356 0.9650592 0.4896008 0.9879114 0.4896008 0.992022 0.4488066 0.9879114 0.4489356 0.9879114 0.4896008 0.9879114 0.4896008 0.992022 0.4904752 0.992022 0.4488066 0.9650592 0.4489356 0.9609506 0.4487143 0.9609506 0.4886295 0.9609506 0.4886295 0.9650592 0.4896008 0.9650592 0.4489356 0.9879114 0.5127279 0.9879114 0.4896008 0.9650592 0.4896008 0.9650592 0.4896008 0.9650592 0.5127279 0.9879114 0.5127279 0.992022 0.5150552 0.992022 0.4904752 0.9879114 0.4896008 0.9879114 0.4896008 0.9879114 0.5127279 0.992022 0.5150552 0.9650592 0.4896008 0.9609506 0.4886295 0.9609506 0.5150552 0.9609506 0.5150552 0.9650592 0.5127279 0.9650592 0.4896008 0.992022 0.5150552 0.9879114 0.5127279 0.9650592 0.5127279 0.9650592 0.5127279 0.9609506 0.5150552 0.992022 0.5150552 0.997786 0.870222 0.9489855 0.870222 0.9489855 0.9460588 0.9489855 0.9460588 0.997786 0.9460588 0.997786 0.870222 0.9489858 0.9914309 0.997786 0.9914309 0.997786 0.9460588 0.997786 0.9460588 0.9489855 0.9460588 0.9489858 0.9914309 0.9879112 0.009209752 0.9920218 0.007622182 0.9609504 0.007622182 0.9609504 0.007622182 0.9650591 0.009209752 0.9879112 0.009209752 0.9650592 0.4043415 0.9650592 0.4264129 0.9879114 0.4264129 0.9879114 0.4264129 0.9879114 0.4043415 0.9650592 0.4043415 0.992022 0.4488066 0.992022 0.4255929 0.9879114 0.4264129 0.9879114 0.4264129 0.9879114 0.4489356 0.992022 0.4488066 0.9609506 0.4260986 0.9650592 0.4264129 0.9650592 0.4043415 0.9650592 0.4043415 0.9609504 0.404643 0.9609506 0.4260986 0.02630668 0.6151581 0.02630281 0.6273648 0.05802077 0.6273978 0.05802077 0.6273978 0.05802124 0.6151354 0.02630668 0.6151581 0.02630668 0.6151581 0.01256048 0.6151495 0.01255297 0.6273605 0.01255297 0.6273605 0.02630281 0.6273648 0.02630668 0.6151581 0.08688312 0.6273639 0.1006256 0.6273605 0.1006189 0.6151561 0.1006189 0.6151561 0.08688002 0.6151637 0.08688312 0.6273639 0.02974975 0.6120577 0.02630668 0.6151581 0.05802124 0.6151354 0.05802124 0.6151354 0.05800867 0.6117472 0.02974975 0.6120577 0.08973324 0.6114968 0.08688002 0.6151637 0.1006189 0.6151561 0.1006189 0.6151561 0.101388 0.6104189 0.08973324 0.6114968 0.1052644 0.6139513 0.1006189 0.6151561 0.1006256 0.6273605 0.1006256 0.6273605 0.1052724 0.6285601 0.1052644 0.6139513 0.1013942 0.632099 0.1006256 0.6273605 0.08688312 0.6273639 0.08688312 0.6273639 0.0897352 0.6310332 0.1013942 0.632099 0.08341777 0.6304342 0.08688312 0.6273639 0.05802077 0.6273978 0.05802077 0.6273978 0.05800807 0.6307865 0.08341777 0.6304342 0.02344417 0.6310321 0.02630281 0.6273648 0.01255297 0.6273605 0.01255297 0.6273605 0.01177906 0.6321007 0.02344417 0.6310321 0.007903635 0.6285604 0.01255297 0.6273605 0.01256048 0.6151495 0.01256048 0.6151495 0.007912695 0.6139438 0.007903635 0.6285604 0.01179587 0.6104092 0.01256048 0.6151495 0.02630668 0.6151581 0.02630668 0.6151581 0.02345705 0.6114854 0.01179587 0.6104092 0.08688002 0.6151637 0.05802124 0.6151354 0.05802077 0.6273978 0.05802077 0.6273978 0.08688312 0.6273639 0.08688002 0.6151637 0.08341449 0.6120946 0.05800867 0.6117472 0.05802124 0.6151354 0.05802124 0.6151354 0.08688002 0.6151637 0.08341449 0.6120946 0.02974528 0.6304668 0.05800807 0.6307865 0.05802077 0.6273978 0.05802077 0.6273978 0.02630281 0.6273648 0.02974528 0.6304668 0.1978703 0.3629205 0.1821992 0.3629156 0.1821569 0.4036351 0.1821569 0.4036351 0.1978994 0.4036356 0.1978703 0.3629205 0.1978703 0.3629205 0.1978812 0.3452732 0.1822048 0.3452634 0.1822048 0.3452634 0.1821992 0.3629156 0.1978703 0.3629205 0.1822004 0.4406886 0.1822048 0.4583313 0.1978729 0.4583226 0.1978729 0.4583226 0.1978632 0.4406846 0.1822004 0.4406886 0.2018505 0.3673407 0.1978703 0.3629205 0.1978994 0.4036356 0.1978994 0.4036356 0.2022492 0.4036195 0.2018505 0.3673407 0.2025706 0.4443476 0.1978632 0.4406846 0.1978729 0.4583226 0.1978729 0.4583226 0.2039543 0.4593101 0.2025706 0.4443476 0.1994194 0.4642864 0.1978729 0.4583226 0.1822048 0.4583313 0.1822048 0.4583313 0.1806648 0.4642968 0.1994194 0.4642864 0.1761215 0.4593179 0.1822048 0.4583313 0.1822004 0.4406886 0.1822004 0.4406886 0.1774898 0.4443501 0.1761215 0.4593179 0.1782588 0.4362397 0.1822004 0.4406886 0.1821569 0.4036351 0.1821569 0.4036351 0.1778064 0.4036188 0.1782588 0.4362397 0.1774912 0.3592455 0.1821992 0.3629156 0.1822048 0.3452634 0.1822048 0.3452634 0.1761193 0.3442699 0.1774912 0.3592455 0.1806644 0.3392946 0.1822048 0.3452634 0.1978812 0.3452732 0.1978812 0.3452732 0.199429 0.3393062 0.1806644 0.3392946 0.203967 0.3442915 0.1978812 0.3452732 0.1978703 0.3629205 0.1978703 0.3629205 0.2025853 0.3592621 0.203967 0.3442915 0.1978632 0.4406846 0.1978994 0.4036356 0.1821569 0.4036351 0.1821569 0.4036351 0.1822004 0.4406886 0.1978632 0.4406846 0.2018032 0.4362356 0.2022492 0.4036195 0.1978994 0.4036356 0.1978994 0.4036356 0.1978632 0.4406846 0.2018032 0.4362356 0.1782169 0.367335 0.1778064 0.4036188 0.1821569 0.4036351 0.1821569 0.4036351 0.1821992 0.3629156 0.1782169 0.367335 0.09160387 0.1447948 0.09160822 0.1310889 0.05599474 0.1310518 0.05599474 0.1310518 0.05599433 0.1448203 0.09160387 0.1447948 0.09160387 0.1447948 0.1070383 0.1448044 0.1070468 0.1310937 0.1070468 0.1310937 0.09160822 0.1310889 0.09160387 0.1447948 0.0235877 0.1310899 0.008157372 0.1310937 0.008164882 0.1447971 0.008164882 0.1447971 0.02359116 0.1447886 0.0235877 0.1310899 0.08773797 0.1482759 0.09160387 0.1447948 0.05599433 0.1448203 0.05599433 0.1448203 0.05600833 0.1486246 0.08773797 0.1482759 0.02038747 0.1489058 0.02359116 0.1447886 0.008164882 0.1447971 0.008164882 0.1447971 0.00730127 0.1501159 0.02038747 0.1489058 0.002948939 0.1461497 0.008164882 0.1447971 0.008157372 0.1310937 0.008157372 0.1310937 0.002939879 0.1297469 0.002948939 0.1461497 0.007294356 0.1257733 0.008157372 0.1310937 0.0235877 0.1310899 0.0235877 0.1310899 0.02038532 0.1269699 0.007294356 0.1257733 0.02747863 0.1276426 0.0235877 0.1310899 0.05599474 0.1310518 0.05599474 0.1310518 0.05600905 0.1272469 0.02747863 0.1276426 0.09481805 0.1269712 0.09160822 0.1310889 0.1070468 0.1310937 0.1070468 0.1310937 0.1079157 0.1257713 0.09481805 0.1269712 0.1122672 0.1297464 0.1070468 0.1310937 0.1070383 0.1448044 0.1070383 0.1448044 0.112257 0.1461582 0.1122672 0.1297464 0.1078969 0.150127 0.1070383 0.1448044 0.09160387 0.1447948 0.09160387 0.1447948 0.09480351 0.1489186 0.1078969 0.150127 0.02359116 0.1447886 0.05599433 0.1448203 0.05599474 0.1310518 0.05599474 0.1310518 0.0235877 0.1310899 0.02359116 0.1447886 0.02748233 0.1482346 0.05600833 0.1486246 0.05599433 0.1448203 0.05599433 0.1448203 0.02359116 0.1447886 0.02748233 0.1482346 0.08774298 0.1276059 0.05600905 0.1272469 0.05599474 0.1310518 0.05599474 0.1310518 0.09160822 0.1310889 0.08774298 0.1276059 0.09160387 0.1447948 0.05599433 0.1448203 0.05599474 0.1310518 0.05599474 0.1310518 0.09160822 0.1310889 0.09160387 0.1447948 0.09160387 0.1447948 0.09160822 0.1310889 0.1070468 0.1310937 0.1070468 0.1310937 0.1070383 0.1448044 0.09160387 0.1447948 0.0235877 0.1310899 0.02359116 0.1447886 0.008164882 0.1447971 0.008164882 0.1447971 0.008157372 0.1310937 0.0235877 0.1310899 0.08773797 0.1482759 0.05600833 0.1486246 0.05599433 0.1448203 0.05599433 0.1448203 0.09160387 0.1447948 0.08773797 0.1482759 0.02038747 0.1489058 0.00730127 0.1501159 0.008164882 0.1447971 0.008164882 0.1447971 0.02359116 0.1447886 0.02038747 0.1489058 0.002948939 0.1461497 0.002939879 0.1297469 0.008157372 0.1310937 0.008157372 0.1310937 0.008164882 0.1447971 0.002948939 0.1461497 0.007294356 0.1257733 0.02038532 0.1269699 0.0235877 0.1310899 0.0235877 0.1310899 0.008157372 0.1310937 0.007294356 0.1257733 0.02747863 0.1276426 0.05600905 0.1272469 0.05599474 0.1310518 0.05599474 0.1310518 0.0235877 0.1310899 0.02747863 0.1276426 0.09481805 0.1269712 0.1079157 0.1257713 0.1070468 0.1310937 0.1070468 0.1310937 0.09160822 0.1310889 0.09481805 0.1269712 0.1122672 0.1297464 0.112257 0.1461582 0.1070383 0.1448044 0.1070383 0.1448044 0.1070468 0.1310937 0.1122672 0.1297464 0.1078969 0.150127 0.09480351 0.1489186 0.09160387 0.1447948 0.09160387 0.1447948 0.1070383 0.1448044 0.1078969 0.150127 0.02359116 0.1447886 0.0235877 0.1310899 0.05599474 0.1310518 0.05599474 0.1310518 0.05599433 0.1448203 0.02359116 0.1447886 0.02748233 0.1482346 0.02359116 0.1447886 0.05599433 0.1448203 0.05599433 0.1448203 0.05600833 0.1486246 0.02748233 0.1482346 0.08774298 0.1276059 0.09160822 0.1310889 0.05599474 0.1310518 0.05599474 0.1310518 0.05600905 0.1272469 0.08774298 0.1276059 0.1978703 0.3629205 0.1978994 0.4036356 0.1821569 0.4036351 0.1821569 0.4036351 0.1821992 0.3629156 0.1978703 0.3629205 0.1978703 0.3629205 0.1821992 0.3629156 0.1822048 0.3452634 0.1822048 0.3452634 0.1978812 0.3452732 0.1978703 0.3629205 0.1822004 0.4406886 0.1978632 0.4406846 0.1978729 0.4583226 0.1978729 0.4583226 0.1822048 0.4583313 0.1822004 0.4406886 0.2018505 0.3673407 0.2022492 0.4036195 0.1978994 0.4036356 0.1978994 0.4036356 0.1978703 0.3629205 0.2018505 0.3673407 0.2025706 0.4443476 0.2039543 0.4593101 0.1978729 0.4583226 0.1978729 0.4583226 0.1978632 0.4406846 0.2025706 0.4443476 0.1994194 0.4642864 0.1806648 0.4642968 0.1822048 0.4583313 0.1822048 0.4583313 0.1978729 0.4583226 0.1994194 0.4642864 0.1761215 0.4593179 0.1774898 0.4443501 0.1822004 0.4406886 0.1822004 0.4406886 0.1822048 0.4583313 0.1761215 0.4593179 0.1782588 0.4362397 0.1778064 0.4036188 0.1821569 0.4036351 0.1821569 0.4036351 0.1822004 0.4406886 0.1782588 0.4362397 0.1774912 0.3592455 0.1761193 0.3442699 0.1822048 0.3452634 0.1822048 0.3452634 0.1821992 0.3629156 0.1774912 0.3592455 0.1806644 0.3392946 0.199429 0.3393062 0.1978812 0.3452732 0.1978812 0.3452732 0.1822048 0.3452634 0.1806644 0.3392946 0.203967 0.3442915 0.2025853 0.3592621 0.1978703 0.3629205 0.1978703 0.3629205 0.1978812 0.3452732 0.203967 0.3442915 0.1978632 0.4406846 0.1822004 0.4406886 0.1821569 0.4036351 0.1821569 0.4036351 0.1978994 0.4036356 0.1978632 0.4406846 0.2018032 0.4362356 0.1978632 0.4406846 0.1978994 0.4036356 0.1978994 0.4036356 0.2022492 0.4036195 0.2018032 0.4362356 0.1782169 0.367335 0.1821992 0.3629156 0.1821569 0.4036351 0.1821569 0.4036351 0.1778064 0.4036188 0.1782169 0.367335 0.02630668 0.6151581 0.05802124 0.6151354 0.05802077 0.6273978 0.05802077 0.6273978 0.02630281 0.6273648 0.02630668 0.6151581 0.02630668 0.6151581 0.02630281 0.6273648 0.01255297 0.6273605 0.01255297 0.6273605 0.01256048 0.6151495 0.02630668 0.6151581 0.08688312 0.6273639 0.08688002 0.6151637 0.1006189 0.6151561 0.1006189 0.6151561 0.1006256 0.6273605 0.08688312 0.6273639 0.02974975 0.6120577 0.05800867 0.6117472 0.05802124 0.6151354 0.05802124 0.6151354 0.02630668 0.6151581 0.02974975 0.6120577 0.08973324 0.6114968 0.101388 0.6104189 0.1006189 0.6151561 0.1006189 0.6151561 0.08688002 0.6151637 0.08973324 0.6114968 0.1052644 0.6139513 0.1052724 0.6285601 0.1006256 0.6273605 0.1006256 0.6273605 0.1006189 0.6151561 0.1052644 0.6139513 0.1013942 0.632099 0.0897352 0.6310332 0.08688312 0.6273639 0.08688312 0.6273639 0.1006256 0.6273605 0.1013942 0.632099 0.08341777 0.6304342 0.05800807 0.6307865 0.05802077 0.6273978 0.05802077 0.6273978 0.08688312 0.6273639 0.08341777 0.6304342 0.02344417 0.6310321 0.01177906 0.6321007 0.01255297 0.6273605 0.01255297 0.6273605 0.02630281 0.6273648 0.02344417 0.6310321 0.007903635 0.6285604 0.007912695 0.6139438 0.01256048 0.6151495 0.01256048 0.6151495 0.01255297 0.6273605 0.007903635 0.6285604 0.01179587 0.6104092 0.02345705 0.6114854 0.02630668 0.6151581 0.02630668 0.6151581 0.01256048 0.6151495 0.01179587 0.6104092 0.08688002 0.6151637 0.08688312 0.6273639 0.05802077 0.6273978 0.05802077 0.6273978 0.05802124 0.6151354 0.08688002 0.6151637 0.08341449 0.6120946 0.08688002 0.6151637 0.05802124 0.6151354 0.05802124 0.6151354 0.05800867 0.6117472 0.08341449 0.6120946 0.02974528 0.6304668 0.02630281 0.6273648 0.05802077 0.6273978 0.05802077 0.6273978 0.05800807 0.6307865 0.02974528 0.6304668 0.7676743 0.007337927 0.7683808 0.03314155 0.7446675 0.03203916 0.7446675 0.03203916 0.7424387 0.005835652 0.7676743 0.007337927 0.7980591 0.009597957 0.7975488 0.03286522 0.7683808 0.03314155 0.7683808 0.03314155 0.7676743 0.007337927 0.7980591 0.009597957 0.8284243 0.01124292 0.8281896 0.03372931 0.7975488 0.03286522 0.7975488 0.03286522 0.7980591 0.009597957 0.8284243 0.01124292 0.7446675 0.03203916 0.7028989 0.03575605 0.7020699 0.01009178 0.7020699 0.01009178 0.7424387 0.005835652 0.7446675 0.03203916 0.7028989 0.03575605 0.6666268 0.03914761 0.6647911 0.01263171 0.6647911 0.01263171 0.7020699 0.01009178 0.7028989 0.03575605 0.6647911 0.01263171 0.6666268 0.03914761 0.6341262 0.03815698 0.6341262 0.03815698 0.6328268 0.01463705 0.6647911 0.01263171 0.6328268 0.01463705 0.6341262 0.03815698 0.5964554 0.03354477 0.5964554 0.03354477 0.600937 0.0104593 0.6328268 0.01463705 0.8284243 0.01124292 0.8607125 0.009200811 0.8617138 0.03245306 0.8617138 0.03245306 0.8281896 0.03372931 0.8284243 0.01124292 0.7683808 0.03314155 0.7744129 0.06399172 0.7464636 0.06181424 0.7464636 0.06181424 0.7446675 0.03203916 0.7683808 0.03314155 0.7975488 0.03286522 0.8044216 0.05838274 0.7744129 0.06399172 0.7744129 0.06399172 0.7683808 0.03314155 0.7975488 0.03286522 0.8281896 0.03372931 0.832347 0.05089199 0.8044216 0.05838274 0.8044216 0.05838274 0.7975488 0.03286522 0.8281896 0.03372931 0.8617138 0.03245306 0.8767032 0.04911118 0.832347 0.05089199 0.832347 0.05089199 0.8281896 0.03372931 0.8617138 0.03245306 0.6341262 0.03815698 0.637173 0.06288284 0.6073112 0.05343937 0.6073112 0.05343937 0.5964554 0.03354477 0.6341262 0.03815698 0.7039746 0.06886982 0.6671189 0.0672596 0.6666268 0.03914761 0.6666268 0.03914761 0.7028989 0.03575605 0.7039746 0.06886982 0.7464636 0.06181424 0.7039746 0.06886982 0.7028989 0.03575605 0.7028989 0.03575605 0.7446675 0.03203916 0.7464636 0.06181424 0.6666268 0.03914761 0.6671189 0.0672596 0.637173 0.06288284 0.637173 0.06288284 0.6341262 0.03815698 0.6666268 0.03914761 0.7744129 0.06399172 0.7751471 0.09549647 0.7442037 0.09396559 0.7442037 0.09396559 0.7464636 0.06181424 0.7744129 0.06399172 0.7732479 0.1264967 0.7720479 0.145209 0.7409788 0.1425613 0.7409788 0.1425613 0.7411946 0.126353 0.7732479 0.1264967 0.7442037 0.09396559 0.7751471 0.09549647 0.7732479 0.1264967 0.7732479 0.1264967 0.7411946 0.126353 0.7442037 0.09396559 0.7934082 0.154041 0.8034135 0.1226543 0.8196234 0.146821 0.8196234 0.146821 0.8099984 0.1637468 0.7934082 0.154041 0.7732479 0.1264967 0.8034135 0.1226543 0.7934082 0.154041 0.7934082 0.154041 0.7720479 0.145209 0.7732479 0.1264967 0.7751471 0.09549647 0.80505 0.09050077 0.8034135 0.1226543 0.8034135 0.1226543 0.7732479 0.1264967 0.7751471 0.09549647 0.80505 0.09050077 0.7751471 0.09549647 0.7744129 0.06399172 0.7744129 0.06399172 0.8044216 0.05838274 0.80505 0.09050077 0.8355881 0.07834982 0.80505 0.09050077 0.8044216 0.05838274 0.8044216 0.05838274 0.832347 0.05089199 0.8355881 0.07834982 0.7084481 0.1459235 0.7056258 0.1287603 0.7411946 0.126353 0.7411946 0.126353 0.7409788 0.1425613 0.7084481 0.1459235 0.7411946 0.126353 0.7056258 0.1287603 0.7050034 0.101935 0.7050034 0.101935 0.7442037 0.09396559 0.7411946 0.126353 0.6827998 0.1511252 0.6436184 0.1658081 0.6732441 0.1294704 0.7442037 0.09396559 0.7050034 0.101935 0.7039746 0.06886982 0.7039746 0.06886982 0.7464636 0.06181424 0.7442037 0.09396559 0.6827998 0.1511252 0.6732441 0.1294704 0.7056258 0.1287603 0.7056258 0.1287603 0.7084481 0.1459235 0.6827998 0.1511252 0.6732441 0.1294704 0.6696209 0.09845364 0.7050034 0.101935 0.7050034 0.101935 0.7056258 0.1287603 0.6732441 0.1294704 0.6671189 0.0672596 0.6696209 0.09845364 0.6395205 0.09316146 0.6395205 0.09316146 0.637173 0.06288284 0.6671189 0.0672596 0.7039746 0.06886982 0.7050034 0.101935 0.6696209 0.09845364 0.6696209 0.09845364 0.6671189 0.0672596 0.7039746 0.06886982 0.6436184 0.1658081 0.6335631 0.1390059 0.6397259 0.1238368 0.6397259 0.1238368 0.6732441 0.1294704 0.6436184 0.1658081 0.6397259 0.1238368 0.6395205 0.09316146 0.6696209 0.09845364 0.6696209 0.09845364 0.6732441 0.1294704 0.6397259 0.1238368 0.8767032 0.04911118 0.8837755 0.07504785 0.8355881 0.07834982 0.8355881 0.07834982 0.832347 0.05089199 0.8767032 0.04911118 0.637173 0.06288284 0.6395205 0.09316146 0.6142492 0.08027863 0.6142492 0.08027863 0.6073112 0.05343937 0.637173 0.06288284 0.2309501 0.006878852 0.2563039 0.006562829 0.2539548 0.03239792 0.2539548 0.03239792 0.2296267 0.03344309 0.2309501 0.006878852 0.2539548 0.03239792 0.2563039 0.006562829 0.2974659 0.01004409 0.2974659 0.01004409 0.2968478 0.03629273 0.2539548 0.03239792 0.2296267 0.03344309 0.2539548 0.03239792 0.2519319 0.0626741 0.2519319 0.0626741 0.2232753 0.06519156 0.2296267 0.03344309 0.2519319 0.0626741 0.2539548 0.03239792 0.2968478 0.03629273 0.2968478 0.03629273 0.2952012 0.07036852 0.2519319 0.0626741 0.2004699 0.03342574 0.2296267 0.03344309 0.2232753 0.06519156 0.2232753 0.06519156 0.1925151 0.05969679 0.2004699 0.03342574 0.3336202 0.04007369 0.3662282 0.03958034 0.3627265 0.06466478 0.3627265 0.06466478 0.3324127 0.06933408 0.3336202 0.04007369 0.2968478 0.03629273 0.2974659 0.01004409 0.335175 0.01275646 0.335175 0.01275646 0.3336202 0.04007369 0.2968478 0.03629273 0.2968478 0.03629273 0.3336202 0.04007369 0.3324127 0.06933408 0.3324127 0.06933408 0.2952012 0.07036852 0.2968478 0.03629273 0.2251582 0.1292982 0.2575545 0.1293356 0.2578274 0.1462013 0.2578274 0.1462013 0.2264257 0.1488257 0.2251582 0.1292982 0.2550303 0.09682732 0.2575545 0.1293356 0.2251582 0.1292982 0.2251582 0.1292982 0.2232814 0.0971353 0.2550303 0.09682732 0.2905145 0.149417 0.2578274 0.1462013 0.2575545 0.1293356 0.2575545 0.1293356 0.2931374 0.1314993 0.2905145 0.149417 0.2575545 0.1293356 0.2550303 0.09682732 0.2935164 0.104479 0.2935164 0.104479 0.2931374 0.1314993 0.2575545 0.1293356 0.2251582 0.1292982 0.2264257 0.1488257 0.204837 0.1578125 0.204837 0.1578125 0.1945447 0.1255577 0.2251582 0.1292982 0.2232814 0.0971353 0.2251582 0.1292982 0.1945447 0.1255577 0.1945447 0.1255577 0.1929555 0.0925464 0.2232814 0.0971353 0.1945447 0.1255577 0.1782255 0.1502532 0.1523432 0.123487 0.1523432 0.123487 0.1614787 0.1042202 0.1945447 0.1255577 0.1929555 0.0925464 0.1945447 0.1255577 0.1614787 0.1042202 0.1614787 0.1042202 0.1614094 0.07661563 0.1929555 0.0925464 0.1782255 0.1502532 0.1945447 0.1255577 0.204837 0.1578125 0.204837 0.1578125 0.1870293 0.1669217 0.1782255 0.1502532 0.09956568 0.09970819 0.1614787 0.1042202 0.1523432 0.123487 0.1523432 0.123487 0.09545326 0.1097772 0.09956568 0.09970819 0.1123501 0.07685518 0.1614094 0.07661563 0.1614787 0.1042202 0.1614787 0.1042202 0.09956568 0.09970819 0.1123501 0.07685518 0.3158516 0.1558797 0.2905145 0.149417 0.2931374 0.1314993 0.2931374 0.1314993 0.325273 0.1325998 0.3158516 0.1558797 0.325273 0.1325998 0.2931374 0.1314993 0.2935164 0.104479 0.2935164 0.104479 0.3293918 0.100981 0.325273 0.1325998 0.3556409 0.1701489 0.325273 0.1325998 0.3598052 0.127092 0.3598052 0.127092 0.3656811 0.1424496 0.3556409 0.1701489 0.3598052 0.127092 0.325273 0.1325998 0.3293918 0.100981 0.3293918 0.100981 0.3604136 0.09562039 0.3598052 0.127092 0.325273 0.1325998 0.3556409 0.1701489 0.3158516 0.1558797 0.3905957 0.1197832 0.3656811 0.1424496 0.3598052 0.127092 0.3598052 0.127092 0.384502 0.1102076 0.3905957 0.1197832 0.384502 0.1102076 0.3598052 0.127092 0.3604136 0.09562039 0.3604136 0.09562039 0.3882412 0.08294111 0.384502 0.1102076 0.2519319 0.0626741 0.2550303 0.09682732 0.2232814 0.0971353 0.2232814 0.0971353 0.2232753 0.06519156 0.2519319 0.0626741 0.2550303 0.09682732 0.2519319 0.0626741 0.2952012 0.07036852 0.2952012 0.07036852 0.2935164 0.104479 0.2550303 0.09682732 0.2232753 0.06519156 0.2232814 0.0971353 0.1929555 0.0925464 0.1929555 0.0925464 0.1925151 0.05969679 0.2232753 0.06519156 0.1925151 0.05969679 0.1929555 0.0925464 0.1614094 0.07661563 0.1614094 0.07661563 0.1598558 0.04989713 0.1925151 0.05969679 0.1196579 0.0501427 0.1598558 0.04989713 0.1614094 0.07661563 0.1614094 0.07661563 0.1123501 0.07685518 0.1196579 0.0501427 0.3293918 0.100981 0.2935164 0.104479 0.2952012 0.07036852 0.2952012 0.07036852 0.3324127 0.06933408 0.3293918 0.100981 0.3604136 0.09562039 0.3293918 0.100981 0.3324127 0.06933408 0.3324127 0.06933408 0.3627265 0.06466478 0.3604136 0.09562039 0.3882412 0.08294111 0.3604136 0.09562039 0.3627265 0.06466478 0.3627265 0.06466478 0.394306 0.05446386 0.3882412 0.08294111 0.1870293 0.1669217 0.162369 0.1874154 0.1552019 0.1738537 0.1552019 0.1738537 0.1782255 0.1502532 0.1870293 0.1669217 0.8407607 0.1696766 0.834738 0.1830528 0.8099984 0.1637468 0.8099984 0.1637468 0.8196234 0.146821 0.8407607 0.1696766 0.8567609 0.1329286 0.8407607 0.1696766 0.8196234 0.146821 0.8196234 0.146821 0.8446269 0.1212377 0.8567609 0.1329286 0.1782255 0.1502532 0.1552019 0.1738537 0.139589 0.1355482 0.139589 0.1355482 0.1523432 0.123487 0.1782255 0.1502532 0.8999513 0.1084806 0.9016208 0.1168279 0.8567609 0.1329286 0.8567609 0.1329286 0.8446269 0.1212377 0.8999513 0.1084806 0.139589 0.1355482 0.09378433 0.118185 0.09545326 0.1097772 0.09545326 0.1097772 0.1523432 0.123487 0.139589 0.1355482 0.6211986 0.1468319 0.6010136 0.1187874 0.6100514 0.1163231 0.6100514 0.1163231 0.6335631 0.1390059 0.6211986 0.1468319 0.6436184 0.1658081 0.6298967 0.172339 0.6211986 0.1468319 0.6211986 0.1468319 0.6335631 0.1390059 0.6436184 0.1658081 0.3905957 0.1197832 0.3996742 0.1224983 0.3778944 0.1521179 0.3778944 0.1521179 0.3656811 0.1424496 0.3905957 0.1197832 0.3778944 0.1521179 0.3696148 0.1769606 0.3556409 0.1701489 0.3556409 0.1701489 0.3656811 0.1424496 0.3778944 0.1521179 0.8034135 0.1226543 0.8360211 0.1020762 0.8446269 0.1212377 0.8446269 0.1212377 0.8196234 0.146821 0.8034135 0.1226543 0.80505 0.09050077 0.8355881 0.07834982 0.8360211 0.1020762 0.8360211 0.1020762 0.8034135 0.1226543 0.80505 0.09050077 0.8446269 0.1212377 0.8360211 0.1020762 0.8957898 0.09716629 0.8957898 0.09716629 0.8999513 0.1084806 0.8446269 0.1212377 0.8837755 0.07504785 0.8957898 0.09716629 0.8360211 0.1020762 0.8360211 0.1020762 0.8355881 0.07834982 0.8837755 0.07504785 0.6100514 0.1163231 0.617652 0.1061584 0.6397259 0.1238368 0.6397259 0.1238368 0.6335631 0.1390059 0.6100514 0.1163231 0.617652 0.1061584 0.6142492 0.08027863 0.6395205 0.09316146 0.6395205 0.09316146 0.6397259 0.1238368 0.617652 0.1061584 0.1925151 0.05969679 0.1598558 0.04989713 0.1697314 0.03340673 0.1697314 0.03340673 0.2004699 0.03342574 0.1925151 0.05969679 0.2296267 0.03344309 0.2004699 0.03342574 0.2003586 0.009464204 0.2003586 0.009464204 0.2309501 0.006878852 0.2296267 0.03344309 0.1720573 0.01128196 0.2003586 0.009464204 0.2004699 0.03342574 0.2004699 0.03342574 0.1697314 0.03340673 0.1720573 0.01128196 0.1598558 0.04989713 0.1196579 0.0501427 0.1366471 0.03213965 0.1366471 0.03213965 0.1697314 0.03340673 0.1598558 0.04989713 0.3662282 0.03958034 0.4075974 0.03256535 0.394306 0.05446386 0.394306 0.05446386 0.3627265 0.06466478 0.3662282 0.03958034 0.3673032 0.01517152 0.4005281 0.01211345 0.4075974 0.03256535 0.4075974 0.03256535 0.3662282 0.03958034 0.3673032 0.01517152 0.335175 0.01275646 0.3673032 0.01517152 0.3662282 0.03958034 0.3662282 0.03958034 0.3336202 0.04007369 0.335175 0.01275646 0.1366471 0.03213965 0.1348544 0.01063489 0.1720573 0.01128196 0.1720573 0.01128196 0.1697314 0.03340673 0.1366471 0.03213965 0.6961753 0.9920194 0.6561191 0.992048 0.6561196 0.9765604 0.6561196 0.9765604 0.6961803 0.976602 0.6961753 0.9920194 0.6961753 0.9920194 0.6961803 0.976602 0.7135468 0.9766075 0.7135468 0.9766075 0.7135372 0.9920303 0.6961753 0.9920194 0.6196658 0.9766032 0.6196697 0.9920125 0.6023172 0.992022 0.6023172 0.992022 0.6023086 0.9766075 0.6196658 0.9766032 0.6918267 0.9959353 0.6561349 0.9963276 0.6561191 0.992048 0.6561191 0.992048 0.6961753 0.9920194 0.6918267 0.9959353 0.6160659 0.9966436 0.6013457 0.998005 0.6023172 0.992022 0.6023172 0.992022 0.6196697 0.9920125 0.6160659 0.9966436 0.5964498 0.9935435 0.5964396 0.9750924 0.6023086 0.9766075 0.6023086 0.9766075 0.6023172 0.992022 0.5964498 0.9935435 0.6013379 0.9706227 0.6160635 0.9719688 0.6196658 0.9766032 0.6196658 0.9766032 0.6023086 0.9766075 0.6013379 0.9706227 0.6240426 0.9727254 0.6561357 0.9722803 0.6561196 0.9765604 0.6561196 0.9765604 0.6196658 0.9766032 0.6240426 0.9727254 0.6997908 0.9719701 0.7145242 0.9706204 0.7135468 0.9766075 0.7135468 0.9766075 0.6961803 0.976602 0.6997908 0.9719701 0.719419 0.9750919 0.7194075 0.9935529 0.7135372 0.9920303 0.7135372 0.9920303 0.7135468 0.9766075 0.719419 0.9750919 0.7145029 0.9980176 0.6997745 0.9966582 0.6961753 0.9920194 0.6961753 0.9920194 0.7135372 0.9920303 0.7145029 0.9980176 0.6196697 0.9920125 0.6196658 0.9766032 0.6561196 0.9765604 0.6561196 0.9765604 0.6561191 0.992048 0.6196697 0.9920125 0.6240467 0.9958887 0.6196697 0.9920125 0.6561191 0.992048 0.6561191 0.992048 0.6561349 0.9963276 0.6240467 0.9958887 0.6918323 0.9726842 0.6961803 0.976602 0.6561196 0.9765604 0.6561196 0.9765604 0.6561357 0.9722803 0.6918323 0.9726842 0.1978703 0.3629205 0.1821992 0.3629156 0.1821569 0.4036351 0.1821569 0.4036351 0.1978994 0.4036356 0.1978703 0.3629205 0.1978703 0.3629205 0.1978812 0.3452732 0.1822048 0.3452634 0.1822048 0.3452634 0.1821992 0.3629156 0.1978703 0.3629205 0.1822004 0.4406886 0.1822048 0.4583313 0.1978729 0.4583226 0.1978729 0.4583226 0.1978632 0.4406846 0.1822004 0.4406886 0.2018505 0.3673407 0.1978703 0.3629205 0.1978994 0.4036356 0.1978994 0.4036356 0.2022492 0.4036195 0.2018505 0.3673407 0.2025706 0.4443476 0.1978632 0.4406846 0.1978729 0.4583226 0.1978729 0.4583226 0.2039543 0.4593101 0.2025706 0.4443476 0.1994194 0.4642864 0.1978729 0.4583226 0.1822048 0.4583313 0.1822048 0.4583313 0.1806648 0.4642968 0.1994194 0.4642864 0.1761215 0.4593179 0.1822048 0.4583313 0.1822004 0.4406886 0.1822004 0.4406886 0.1774898 0.4443501 0.1761215 0.4593179 0.1782588 0.4362397 0.1822004 0.4406886 0.1821569 0.4036351 0.1821569 0.4036351 0.1778064 0.4036188 0.1782588 0.4362397 0.1774912 0.3592455 0.1821992 0.3629156 0.1822048 0.3452634 0.1822048 0.3452634 0.1761193 0.3442699 0.1774912 0.3592455 0.1806644 0.3392946 0.1822048 0.3452634 0.1978812 0.3452732 0.1978812 0.3452732 0.199429 0.3393062 0.1806644 0.3392946 0.203967 0.3442915 0.1978812 0.3452732 0.1978703 0.3629205 0.1978703 0.3629205 0.2025853 0.3592621 0.203967 0.3442915 0.1978632 0.4406846 0.1978994 0.4036356 0.1821569 0.4036351 0.1821569 0.4036351 0.1822004 0.4406886 0.1978632 0.4406846 0.2018032 0.4362356 0.2022492 0.4036195 0.1978994 0.4036356 0.1978994 0.4036356 0.1978632 0.4406846 0.2018032 0.4362356 0.1782169 0.367335 0.1778064 0.4036188 0.1821569 0.4036351 0.1821569 0.4036351 0.1821992 0.3629156 0.1782169 0.367335 0.6961753 0.9920194 0.6961803 0.976602 0.6561196 0.9765604 0.6561196 0.9765604 0.6561191 0.992048 0.6961753 0.9920194 0.6961753 0.9920194 0.7135372 0.9920303 0.7135468 0.9766075 0.7135468 0.9766075 0.6961803 0.976602 0.6961753 0.9920194 0.6196658 0.9766032 0.6023086 0.9766075 0.6023172 0.992022 0.6023172 0.992022 0.6196697 0.9920125 0.6196658 0.9766032 0.6918267 0.9959353 0.6961753 0.9920194 0.6561191 0.992048 0.6561191 0.992048 0.6561349 0.9963276 0.6918267 0.9959353 0.6160659 0.9966436 0.6196697 0.9920125 0.6023172 0.992022 0.6023172 0.992022 0.6013457 0.998005 0.6160659 0.9966436 0.5964498 0.9935435 0.6023172 0.992022 0.6023086 0.9766075 0.6023086 0.9766075 0.5964396 0.9750924 0.5964498 0.9935435 0.6013379 0.9706227 0.6023086 0.9766075 0.6196658 0.9766032 0.6196658 0.9766032 0.6160635 0.9719688 0.6013379 0.9706227 0.6240426 0.9727254 0.6196658 0.9766032 0.6561196 0.9765604 0.6561196 0.9765604 0.6561357 0.9722803 0.6240426 0.9727254 0.6997908 0.9719701 0.6961803 0.976602 0.7135468 0.9766075 0.7135468 0.9766075 0.7145242 0.9706204 0.6997908 0.9719701 0.719419 0.9750919 0.7135468 0.9766075 0.7135372 0.9920303 0.7135372 0.9920303 0.7194075 0.9935529 0.719419 0.9750919 0.7145029 0.9980176 0.7135372 0.9920303 0.6961753 0.9920194 0.6961753 0.9920194 0.6997745 0.9966582 0.7145029 0.9980176 0.6196697 0.9920125 0.6561191 0.992048 0.6561196 0.9765604 0.6561196 0.9765604 0.6196658 0.9766032 0.6196697 0.9920125 0.6240467 0.9958887 0.6561349 0.9963276 0.6561191 0.992048 0.6561191 0.992048 0.6196697 0.9920125 0.6240467 0.9958887 0.6918323 0.9726842 0.6561357 0.9722803 0.6561196 0.9765604 0.6561196 0.9765604 0.6961803 0.976602 0.6918323 0.9726842 0.7409788 0.1425613 0.7720479 0.145209 0.7720479 0.145209 0.7720479 0.145209 0.7409788 0.1425613 0.7409788 0.1425613 0.7934082 0.154041 0.8099984 0.1637468 0.8099984 0.1637468 0.8099984 0.1637468 0.7934082 0.154041 0.7934082 0.154041 0.7720479 0.145209 0.7934082 0.154041 0.7934082 0.154041 0.7934082 0.154041 0.7720479 0.145209 0.7720479 0.145209 0.7084481 0.1459235 0.7409788 0.1425613 0.7409788 0.1425613 0.7409788 0.1425613 0.7084481 0.1459235 0.7084481 0.1459235 0.6436184 0.1658081 0.6827998 0.1511252 0.6827998 0.1511252 0.6827998 0.1511252 0.6436184 0.1658081 0.6436184 0.1658081 0.6827998 0.1511252 0.7084481 0.1459235 0.7084481 0.1459235 0.7084481 0.1459235 0.6827998 0.1511252 0.6827998 0.1511252 0.2264257 0.1488257 0.2578274 0.1462013 0.2578274 0.1462013 0.2578274 0.1462013 0.2264257 0.1488257 0.2264257 0.1488257 0.2578274 0.1462013 0.2905145 0.149417 0.2905145 0.149417 0.2905145 0.149417 0.2578274 0.1462013 0.2578274 0.1462013 0.204837 0.1578125 0.2264257 0.1488257 0.2264257 0.1488257 0.2264257 0.1488257 0.204837 0.1578125 0.204837 0.1578125 0.1870293 0.1669217 0.204837 0.1578125 0.204837 0.1578125 0.204837 0.1578125 0.1870293 0.1669217 0.1870293 0.1669217 0.2905145 0.149417 0.3158516 0.1558797 0.3158516 0.1558797 0.3158516 0.1558797 0.2905145 0.149417 0.2905145 0.149417 0.3158516 0.1558797 0.3556409 0.1701489 0.3556409 0.1701489 0.3556409 0.1701489 0.3158516 0.1558797 0.3158516 0.1558797 0.162369 0.1874154 0.1870293 0.1669217 0.1870293 0.1669217 0.1870293 0.1669217 0.162369 0.1874154 0.162369 0.1874154 0.8099984 0.1637468 0.834738 0.1830528 0.834738 0.1830528 0.834738 0.1830528 0.8099984 0.1637468 0.8099984 0.1637468 0.6298967 0.172339 0.6436184 0.1658081 0.6436184 0.1658081 0.6436184 0.1658081 0.6298967 0.172339 0.6298967 0.172339 0.3556409 0.1701489 0.3696148 0.1769606 0.3696148 0.1769606 0.3696148 0.1769606 0.3556409 0.1701489 0.3556409 0.1701489 0.8891662 0.9912499 0.8857067 0.9770121 0.9056721 0.9705289 0.9056721 0.9705289 0.9112372 0.9840818 0.8891662 0.9912499 0.8430624 0.9952834 0.8439969 0.980659 0.8649922 0.9804142 0.8649922 0.9804142 0.8662686 0.9950109 0.8430624 0.9952834 0.8662686 0.9950109 0.8649922 0.9804142 0.8857067 0.9770121 0.8857067 0.9770121 0.8891662 0.9912499 0.8662686 0.9950109 0.9112372 0.9840818 0.9056721 0.9705289 0.9244316 0.9611136 0.9244316 0.9611136 0.9319728 0.9736735 0.9112372 0.9840818 0.820077 0.9920581 0.8232042 0.9777404 0.8439969 0.980659 0.8439969 0.980659 0.8430624 0.9952834 0.820077 0.9920581 0.7978396 0.9854086 0.8030855 0.9717251 0.8232042 0.9777404 0.8232042 0.9777404 0.820077 0.9920581 0.7978396 0.9854086 0.005999803 0.8015405 0.006062209 0.7812463 0.02366971 0.7711538 0.005999803 0.8015405 0.02366971 0.7711538 0.04121154 0.7813549 0.02354532 0.8117401 0.005999803 0.8015405 0.04121154 0.7813549 0.04114937 0.8016476 0.02354532 0.8117401 0.04121154 0.7813549 0.5004021 0.9087476 0.5038864 0.9110391 0.5085774 0.9134845 0.5085774 0.9134845 0.5136305 0.9146452 0.5197606 0.9162648 0.5004021 0.9087476 0.5085774 0.9134845 0.5197606 0.9162648 0.5197606 0.9162648 0.5268808 0.9159155 0.533153 0.9136539 0.533153 0.9136539 0.5390723 0.9086177 0.5461584 0.9069322 0.5197606 0.9162648 0.533153 0.9136539 0.5461584 0.9069322 0.5004021 0.9087476 0.5197606 0.9162648 0.5461584 0.9069322 0.5004021 0.9087476 0.5461584 0.9069322 0.5508385 0.9021375 0.5566368 0.8977674 0.5004021 0.9087476 0.5508385 0.9021375</float_array>
          <technique_common>
            <accessor source="#mremireh_body-mesh-map-0-array" count="13152" stride="2">
              <param name="S" type="float"/>
              <param name="T" type="float"/>
            </accessor>
          </technique_common>
        </source>
        <vertices id="mremireh_body-mesh-vertices">
          <input semantic="POSITION" source="#mremireh_body-mesh-positions"/>
        </vertices>
        <triangles material="emireh_body_material-material" count="4384">
          <input semantic="VERTEX" source="#mremireh_body-mesh-vertices" offset="0"/>
          <input semantic="NORMAL" source="#mremireh_body-mesh-normals" offset="1"/>
          <input semantic="TEXCOORD" source="#mremireh_body-mesh-map-0" offset="2" set="0"/>
          <p>2 0 0 3 1 1 0 2 2 0 2 3 1 3 4 2 0 5 3 1 6 2 0 7 4 4 8 4 4 9 5 5 10 3 1 11 5 5 12 4 4 13 6 6 14 6 6 15 7 7 16 5 5 17 9 8 18 7 7 19 6 6 20 6 6 21 8 9 22 9 8 23 9 8 24 8 9 25 10 10 26 10 10 27 11 11 28 9 8 29 11 11 30 10 10 31 12 12 32 12 12 33 13 13 34 11 11 35 16 14 36 17 15 37 14 16 38 14 16 39 15 17 40 16 14 41 0 2 42 16 14 43 15 17 44 15 17 45 1 3 46 0 2 47 20 18 48 21 19 49 18 20 50 18 20 51 19 21 52 20 18 53 1 3 54 15 17 55 20 18 56 20 18 57 19 21 58 1 3 59 22 22 60 2 0 61 1 3 62 1 3 63 19 21 64 22 22 65 2 0 66 22 22 67 23 23 68 23 23 69 4 4 70 2 0 71 4 4 72 23 23 73 24 24 74 24 24 75 6 6 76 4 4 77 6 6 78 24 24 79 25 25 80 25 25 81 8 9 82 6 6 83 8 9 84 25 25 85 26 26 86 26 26 87 10 10 88 8 9 89 10 10 90 26 26 91 27 27 92 27 27 93 12 12 94 10 10 95 15 17 96 14 16 97 28 28 98 28 28 99 20 18 100 15 17 101 29 29 102 21 19 103 20 18 104 20 18 105 28 28 106 29 29 107 18 20 108 31 30 109 30 31 110 30 31 111 19 21 112 18 20 113 22 22 114 19 21 115 30 31 116 30 31 117 32 32 118 22 22 119 23 23 120 22 22 121 32 32 122 32 32 123 33 33 124 23 23 125 24 24 126 23 23 127 33 33 128 33 33 129 34 34 130 24 24 131 25 25 132 24 24 133 34 34 134 34 34 135 35 35 136 25 25 137 25 25 138 35 35 139 36 36 140 36 36 141 26 26 142 25 25 143 37 37 144 27 27 145 26 26 146 26 26 147 36 36 148 37 37 149 40 38 150 41 39 151 38 40 152 38 40 153 39 41 154 40 38 155 42 42 156 43 43 157 39 41 158 39 41 159 38 40 160 42 42 161 38 40 162 41 39 163 44 44 164 44 44 165 45 45 166 38 40 167 42 42 168 38 40 169 45 45 170 45 45 171 46 46 172 42 42 173 48 47 174 40 38 175 39 41 176 39 41 177 47 48 178 48 47 179 51 49 180 52 50 181 49 51 182 49 51 183 50 52 184 51 49 185 53 53 186 54 54 187 51 49 188 51 49 189 50 52 190 53 53 191 55 55 192 56 56 193 54 54 194 54 54 195 53 53 196 55 55 197 57 57 198 58 58 199 56 56 200 56 56 201 55 55 202 57 57 203 47 48 204 39 41 205 43 43 206 43 43 207 59 59 208 47 48 209 49 51 210 47 48 211 59 59 212 59 59 213 60 60 214 49 51 215 61 61 216 50 52 217 49 51 218 49 51 219 60 60 220 61 61 221 62 62 222 63 63 223 43 43 224 43 43 225 42 42 226 62 62 227 62 62 228 42 42 229 46 46 230 46 46 231 64 64 232 62 62 233 66 65 234 62 62 235 64 64 236 64 64 237 65 66 238 66 65 239 65 66 240 64 64 241 67 67 242 64 64 243 46 46 244 68 68 245 68 68 246 67 67 247 64 64 248 69 69 249 70 70 250 66 65 251 66 65 252 65 66 253 69 69 254 71 71 255 69 69 256 65 66 257 65 66 258 67 67 259 71 71 260 67 67 261 73 72 262 72 73 263 72 73 264 71 71 265 67 67 266 72 73 267 73 72 268 74 74 269 74 74 270 75 75 271 72 73 272 69 69 273 71 71 274 76 76 275 76 76 276 77 77 277 69 69 278 70 70 279 69 69 280 77 77 281 77 77 282 78 78 283 70 70 284 80 79 285 70 70 286 78 78 287 78 78 288 79 80 289 80 79 290 82 81 291 80 79 292 79 80 293 79 80 294 81 82 295 82 81 296 83 83 297 63 63 298 62 62 299 62 62 300 66 65 301 83 83 302 83 83 303 66 65 304 70 70 305 70 70 306 80 79 307 83 83 308 63 63 309 83 83 310 84 84 311 84 84 312 85 85 313 63 63 314 80 79 315 82 81 316 84 84 317 84 84 318 83 83 319 80 79 320 86 86 321 87 87 322 88 88 323 79 80 324 78 78 325 86 86 326 86 86 327 88 88 328 79 80 329 90 89 330 84 84 331 82 81 332 82 81 333 89 90 334 90 89 335 90 89 336 85 85 337 84 84 338 93 91 339 94 92 340 91 93 341 91 93 342 92 94 343 93 91 344 96 95 345 92 94 346 91 93 347 91 93 348 95 96 349 96 95 350 85 85 351 90 89 352 97 97 353 97 97 354 98 98 355 85 85 356 97 97 357 95 96 358 98 98 359 34 34 360 33 33 361 99 99 362 99 99 363 100 100 364 34 34 365 101 101 366 100 100 367 99 99 368 98 98 369 95 96 370 91 93 371 91 93 372 101 101 373 98 98 374 91 93 375 94 92 376 100 100 377 100 100 378 101 101 379 91 93 380 87 87 381 103 102 382 93 91 383 93 91 384 102 103 385 87 87 386 102 103 387 93 91 388 92 94 389 92 94 390 96 95 391 102 103 392 88 88 393 87 87 394 102 103 395 102 103 396 104 104 397 88 88 398 81 82 399 79 80 400 88 88 401 88 88 402 104 104 403 81 82 404 96 95 405 95 96 406 97 97 407 97 97 408 105 105 409 96 95 410 102 103 411 96 95 412 105 105 413 97 97 414 90 89 415 89 90 416 89 90 417 105 105 418 97 97 419 104 104 420 102 103 421 105 105 422 89 90 423 82 81 424 81 82 425 81 82 426 104 104 427 89 90 428 105 105 429 89 90 430 104 104 431 46 46 432 45 45 433 106 106 434 106 106 435 68 68 436 46 46 437 67 67 438 68 68 439 107 107 440 107 107 441 73 72 442 67 67 443 107 107 444 68 68 445 106 106 446 106 106 447 108 108 448 107 107 449 109 109 450 74 74 451 73 72 452 73 72 453 107 107 454 109 109 455 112 110 456 113 111 457 110 112 458 110 112 459 111 113 460 112 110 461 112 110 462 115 114 463 114 115 464 114 115 465 113 111 466 112 110 467 118 116 468 119 117 469 116 118 470 116 118 471 117 119 472 118 116 473 117 119 474 121 120 475 120 121 476 120 121 477 118 116 478 117 119 479 122 122 480 123 123 481 116 118 482 116 118 483 119 117 484 122 122 485 124 124 486 125 125 487 123 123 488 123 123 489 122 122 490 124 124 491 128 126 492 129 127 493 126 128 494 126 128 495 127 129 496 128 126 497 129 127 498 131 130 499 130 131 500 130 131 501 126 128 502 129 127 503 132 132 504 133 133 505 130 131 506 130 131 507 131 130 508 132 132 509 132 132 510 120 121 511 121 120 512 121 120 513 133 133 514 132 132 515 119 117 516 118 116 517 134 134 518 134 134 519 115 114 520 119 117 521 112 110 522 122 122 523 119 117 524 119 117 525 115 114 526 112 110 527 118 116 528 120 121 529 135 135 530 135 135 531 134 134 532 118 116 533 120 121 534 132 132 535 136 136 536 136 136 537 135 135 538 120 121 539 132 132 540 131 130 541 137 137 542 137 137 543 136 136 544 132 132 545 131 130 546 129 127 547 138 138 548 138 138 549 137 137 550 131 130 551 129 127 552 128 126 553 139 139 554 139 139 555 138 138 556 129 127 557 122 122 558 112 110 559 111 113 560 111 113 561 124 124 562 122 122 563 135 135 564 141 140 565 140 141 566 140 141 567 134 134 568 135 135 569 136 136 570 142 142 571 141 140 572 141 140 573 135 135 574 136 136 575 137 137 576 143 143 577 142 142 578 142 142 579 136 136 580 137 137 581 137 137 582 138 138 583 144 144 584 144 144 585 143 143 586 137 137 587 139 139 588 145 145 589 144 144 590 144 144 591 138 138 592 139 139 593 141 140 594 147 146 595 146 147 596 146 147 597 140 141 598 141 140 599 142 142 600 148 148 601 147 146 602 147 146 603 141 140 604 142 142 605 146 147 606 147 146 607 149 149 608 149 149 609 150 150 610 146 147 611 147 146 612 148 148 613 151 151 614 151 151 615 152 152 616 149 149 617 149 149 618 147 146 619 151 151 620 148 148 621 154 153 622 153 154 623 153 154 624 151 151 625 148 148 626 157 155 627 158 156 628 155 157 629 155 157 630 156 158 631 157 155 632 161 159 633 162 160 634 159 161 635 159 161 636 160 162 637 161 159 638 165 163 639 166 164 640 163 165 641 163 165 642 164 166 643 165 163 644 168 167 645 166 164 646 165 163 647 165 163 648 167 168 649 168 167 650 165 163 651 164 166 652 169 169 653 169 169 654 170 170 655 165 163 656 170 170 657 171 171 658 167 168 659 167 168 660 165 163 661 170 170 662 163 165 663 173 172 664 172 173 665 172 173 666 164 166 667 163 165 668 164 166 669 172 173 670 174 174 671 174 174 672 175 175 673 164 166 674 175 175 675 176 176 676 169 169 677 169 169 678 164 166 679 175 175 680 173 172 681 149 149 682 152 152 683 152 152 684 172 173 685 173 172 686 172 173 687 152 152 688 177 177 689 177 177 690 178 178 691 172 173 692 172 173 693 178 178 694 174 174 695 152 152 696 179 179 697 177 177 698 153 154 699 179 179 700 152 152 701 152 152 702 151 151 703 153 154 704 181 180 705 170 170 706 169 169 707 169 169 708 180 181 709 181 180 710 176 176 711 182 182 712 180 181 713 180 181 714 169 169 715 176 176 716 170 170 717 181 180 718 183 183 719 183 183 720 171 171 721 170 170 722 180 181 723 185 184 724 184 185 725 184 185 726 181 180 727 180 181 728 181 180 729 184 185 730 162 160 731 162 160 732 183 183 733 181 180 734 182 182 735 185 184 736 180 181 737 185 184 738 187 186 739 186 187 740 186 187 741 184 185 742 185 184 743 186 187 744 159 161 745 162 160 746 162 160 747 184 185 748 186 187 749 182 182 750 189 188 751 188 189 752 188 189 753 185 184 754 182 182 755 190 190 756 187 186 757 185 184 758 185 184 759 188 189 760 190 190 761 192 191 762 186 187 763 187 186 764 187 186 765 191 192 766 192 191 767 190 190 768 193 193 769 191 192 770 191 192 771 187 186 772 190 190 773 194 194 774 195 195 775 153 154 776 153 154 777 154 153 778 194 194 779 196 196 780 197 197 781 177 177 782 177 177 783 179 179 784 196 196 785 153 154 786 195 195 787 196 196 788 196 196 789 179 179 790 153 154 791 178 178 792 199 198 793 198 199 794 198 199 795 174 174 796 178 178 797 177 177 798 197 197 799 199 198 800 199 198 801 178 178 802 177 177 803 201 200 804 176 176 805 175 175 806 175 175 807 200 201 808 201 200 809 174 174 810 198 199 811 200 201 812 200 201 813 175 175 814 174 174 815 189 188 816 182 182 817 176 176 818 176 176 819 201 200 820 189 188 821 202 202 822 196 196 823 195 195 824 195 195 825 194 194 826 202 202 827 204 203 828 202 202 829 194 194 830 194 194 831 203 204 832 204 203 833 196 196 834 202 202 835 197 197 836 205 205 837 206 206 838 198 199 839 198 199 840 199 198 841 205 205 842 197 197 843 205 205 844 199 198 845 208 207 846 201 200 847 200 201 848 200 201 849 207 208 850 208 207 851 198 199 852 206 206 853 207 208 854 207 208 855 200 201 856 198 199 857 209 209 858 189 188 859 201 200 860 201 200 861 208 207 862 209 209 863 210 210 864 205 205 865 202 202 866 202 202 867 204 203 868 210 210 869 202 202 870 205 205 871 197 197 872 210 210 873 207 208 874 206 206 875 206 206 876 205 205 877 210 210 878 211 211 879 208 207 880 207 208 881 207 208 882 210 210 883 211 211 884 210 210 885 204 203 886 211 211 887 215 212 888 212 213 889 213 214 890 213 214 891 214 215 892 215 212 893 217 216 894 218 217 895 213 214 896 213 214 897 216 218 898 217 216 899 213 214 900 212 213 901 219 219 902 219 219 903 216 218 904 213 214 905 212 213 906 221 220 907 220 221 908 220 221 909 219 219 910 212 213 911 29 29 912 217 216 913 216 218 914 216 218 915 222 222 916 29 29 917 216 218 918 219 219 919 223 223 920 223 223 921 222 222 922 216 218 923 219 219 924 220 221 925 110 112 926 110 112 927 223 223 928 219 219 929 21 19 930 29 29 931 222 222 932 222 222 933 224 224 934 21 19 935 224 224 936 222 222 937 223 223 938 223 223 939 225 225 940 224 224 941 223 223 942 110 112 943 113 111 944 113 111 945 225 225 946 223 223 947 18 20 948 21 19 949 224 224 950 224 224 951 226 226 952 18 20 953 226 226 954 224 224 955 225 225 956 225 225 957 227 227 958 226 226 959 225 225 960 113 111 961 114 115 962 114 115 963 227 227 964 225 225 965 31 30 966 18 20 967 226 226 968 226 226 969 228 228 970 31 30 971 228 228 972 226 226 973 227 227 974 227 227 975 229 229 976 228 228 977 31 30 978 228 228 979 230 230 980 230 230 981 231 231 982 31 30 983 231 231 984 230 230 985 232 232 986 232 232 987 233 233 988 231 231 989 234 234 990 58 58 991 233 233 992 233 233 993 232 232 994 234 234 995 235 235 996 236 236 997 108 108 998 108 108 999 106 106 1000 235 235 1001 45 45 1002 44 44 1003 235 235 1004 235 235 1005 106 106 1006 45 45 1007 160 162 1008 239 237 1009 237 238 1010 237 238 1011 238 239 1012 160 162 1013 240 240 1014 236 236 1015 238 239 1016 238 239 1017 237 238 1018 240 240 1019 161 159 1020 160 162 1021 238 239 1022 238 239 1023 241 241 1024 161 159 1025 238 239 1026 236 236 1027 235 235 1028 235 235 1029 241 241 1030 238 239 1031 183 183 1032 162 160 1033 161 159 1034 161 159 1035 242 242 1036 183 183 1037 241 241 1038 235 235 1039 44 44 1040 44 44 1041 243 243 1042 241 241 1043 171 171 1044 183 183 1045 242 242 1046 242 242 1047 244 244 1048 171 171 1049 242 242 1050 161 159 1051 241 241 1052 241 241 1053 243 243 1054 242 242 1055 171 171 1056 244 244 1057 245 245 1058 245 245 1059 167 168 1060 171 171 1061 243 243 1062 44 44 1063 41 39 1064 41 39 1065 246 246 1066 243 243 1067 244 244 1068 242 242 1069 243 243 1070 243 243 1071 246 246 1072 244 244 1073 167 168 1074 245 245 1075 247 247 1076 247 247 1077 168 167 1078 167 168 1079 246 246 1080 41 39 1081 40 38 1082 40 38 1083 248 248 1084 246 246 1085 244 244 1086 246 246 1087 248 248 1088 248 248 1089 245 245 1090 244 244 1091 249 249 1092 248 248 1093 40 38 1094 40 38 1095 48 47 1096 249 249 1097 247 247 1098 245 245 1099 248 248 1100 248 248 1101 249 249 1102 247 247 1103 56 56 1104 58 58 1105 234 234 1106 234 234 1107 250 250 1108 56 56 1109 250 250 1110 234 234 1111 251 251 1112 251 251 1113 252 252 1114 250 250 1115 250 250 1116 253 253 1117 54 54 1118 54 54 1119 56 56 1120 250 250 1121 252 252 1122 253 253 1123 250 250 1124 251 251 1125 156 158 1126 155 157 1127 155 157 1128 252 252 1129 251 251 1130 252 252 1131 155 157 1132 254 254 1133 254 254 1134 253 253 1135 252 252 1136 214 215 1137 213 214 1138 218 217 1139 218 217 1140 255 255 1141 214 215 1142 214 215 1143 255 255 1144 256 256 1145 256 256 1146 215 212 1147 214 215 1148 221 220 1149 212 213 1150 215 212 1151 215 212 1152 256 256 1153 221 220 1154 258 257 1155 13 13 1156 12 12 1157 12 12 1158 257 258 1159 258 257 1160 14 16 1161 17 15 1162 259 259 1163 259 259 1164 260 260 1165 14 16 1166 258 257 1167 257 258 1168 261 261 1169 261 261 1170 262 262 1171 258 257 1172 259 259 1173 262 262 1174 261 261 1175 261 261 1176 260 260 1177 259 259 1178 217 216 1179 29 29 1180 28 28 1181 28 28 1182 263 263 1183 217 216 1184 257 258 1185 12 12 1186 27 27 1187 27 27 1188 264 264 1189 257 258 1190 14 16 1191 260 260 1192 263 263 1193 263 263 1194 28 28 1195 14 16 1196 257 258 1197 264 264 1198 265 265 1199 265 265 1200 261 261 1201 257 258 1202 260 260 1203 261 261 1204 265 265 1205 265 265 1206 263 263 1207 260 260 1208 27 27 1209 37 37 1210 266 266 1211 266 266 1212 264 264 1213 27 27 1214 218 217 1215 217 216 1216 263 263 1217 263 263 1218 267 267 1219 218 217 1220 267 267 1221 263 263 1222 265 265 1223 265 265 1224 268 268 1225 267 267 1226 268 268 1227 265 265 1228 264 264 1229 264 264 1230 266 266 1231 268 268 1232 255 255 1233 218 217 1234 267 267 1235 267 267 1236 269 269 1237 255 255 1238 271 270 1239 268 268 1240 266 266 1241 266 266 1242 270 271 1243 271 270 1244 273 272 1245 221 220 1246 256 256 1247 256 256 1248 272 273 1249 273 272 1250 221 220 1251 273 272 1252 274 274 1253 274 274 1254 220 221 1255 221 220 1256 276 275 1257 145 145 1258 139 139 1259 139 139 1260 275 276 1261 276 275 1262 111 113 1263 110 112 1264 220 221 1265 220 221 1266 274 274 1267 111 113 1268 278 277 1269 276 275 1270 275 276 1271 275 276 1272 277 278 1273 278 277 1274 273 272 1275 278 277 1276 277 278 1277 277 278 1278 274 274 1279 273 272 1280 124 124 1281 111 113 1282 274 274 1283 274 274 1284 279 279 1285 124 124 1286 139 139 1287 128 126 1288 280 280 1289 280 280 1290 275 276 1291 139 139 1292 277 278 1293 275 276 1294 280 280 1295 280 280 1296 281 281 1297 277 278 1298 279 279 1299 274 274 1300 277 278 1301 277 278 1302 281 281 1303 279 279 1304 282 282 1305 125 125 1306 124 124 1307 124 124 1308 279 279 1309 282 282 1310 281 281 1311 283 283 1312 282 282 1313 282 282 1314 279 279 1315 281 281 1316 280 280 1317 128 126 1318 127 129 1319 127 129 1320 284 284 1321 280 280 1322 281 281 1323 280 280 1324 284 284 1325 284 284 1326 283 283 1327 281 281 1328 269 269 1329 267 267 1330 268 268 1331 268 268 1332 271 270 1333 269 269 1334 278 277 1335 273 272 1336 272 273 1337 272 273 1338 285 285 1339 278 277 1340 287 286 1341 285 285 1342 272 273 1343 272 273 1344 286 287 1345 287 286 1346 269 269 1347 271 270 1348 288 288 1349 288 288 1350 289 289 1351 269 269 1352 255 255 1353 269 269 1354 289 289 1355 289 289 1356 290 290 1357 255 255 1358 290 290 1359 289 289 1360 291 291 1361 291 291 1362 292 292 1363 290 290 1364 255 255 1365 290 290 1366 293 293 1367 293 293 1368 256 256 1369 255 255 1370 286 287 1371 272 273 1372 256 256 1373 256 256 1374 293 293 1375 286 287 1376 293 293 1377 290 290 1378 292 292 1379 292 292 1380 294 294 1381 293 293 1382 295 295 1383 286 287 1384 293 293 1385 293 293 1386 294 294 1387 295 295 1388 292 292 1389 291 291 1390 295 295 1391 295 295 1392 294 294 1393 292 292 1394 291 291 1395 289 289 1396 288 288 1397 288 288 1398 296 296 1399 291 291 1400 291 291 1401 296 296 1402 297 297 1403 297 297 1404 295 295 1405 291 291 1406 287 286 1407 286 287 1408 295 295 1409 295 295 1410 297 297 1411 287 286 1412 299 298 1413 287 286 1414 297 297 1415 297 297 1416 298 299 1417 299 298 1418 301 300 1419 299 298 1420 298 299 1421 298 299 1422 300 301 1423 301 300 1424 300 301 1425 302 302 1426 301 300 1427 296 296 1428 288 288 1429 302 302 1430 302 302 1431 300 301 1432 296 296 1433 297 297 1434 296 296 1435 300 301 1436 300 301 1437 298 299 1438 297 297 1439 288 288 1440 271 270 1441 303 303 1442 303 303 1443 302 302 1444 288 288 1445 304 304 1446 301 300 1447 302 302 1448 302 302 1449 303 303 1450 304 304 1451 299 298 1452 301 300 1453 304 304 1454 304 304 1455 305 305 1456 299 298 1457 285 285 1458 287 286 1459 299 298 1460 299 298 1461 305 305 1462 285 285 1463 276 275 1464 278 277 1465 285 285 1466 285 285 1467 306 306 1468 276 275 1469 303 303 1470 308 307 1471 307 308 1472 307 308 1473 304 304 1474 303 303 1475 303 303 1476 271 270 1477 270 271 1478 270 271 1479 308 307 1480 303 303 1481 270 271 1482 266 266 1483 37 37 1484 37 37 1485 309 309 1486 270 271 1487 270 271 1488 309 309 1489 310 310 1490 310 310 1491 308 307 1492 270 271 1493 305 305 1494 304 304 1495 307 308 1496 307 308 1497 311 311 1498 305 305 1499 306 306 1500 285 285 1501 305 305 1502 305 305 1503 311 311 1504 306 306 1505 276 275 1506 306 306 1507 312 312 1508 312 312 1509 145 145 1510 276 275 1511 306 306 1512 311 311 1513 313 313 1514 313 313 1515 312 312 1516 306 306 1517 315 314 1518 309 309 1519 37 37 1520 37 37 1521 314 315 1522 315 314 1523 316 316 1524 310 310 1525 309 309 1526 309 309 1527 315 314 1528 316 316 1529 318 317 1530 316 316 1531 315 314 1532 315 314 1533 317 318 1534 318 317 1535 312 312 1536 313 313 1537 319 319 1538 319 319 1539 320 320 1540 312 312 1541 145 145 1542 312 312 1543 320 320 1544 320 320 1545 321 321 1546 145 145 1547 320 320 1548 319 319 1549 322 322 1550 322 322 1551 323 323 1552 320 320 1553 308 307 1554 325 324 1555 324 325 1556 324 325 1557 307 308 1558 308 307 1559 307 308 1560 324 325 1561 326 326 1562 326 326 1563 311 311 1564 307 308 1565 311 311 1566 326 326 1567 327 327 1568 327 327 1569 313 313 1570 311 311 1571 313 313 1572 327 327 1573 328 328 1574 328 328 1575 319 319 1576 313 313 1577 322 322 1578 319 319 1579 328 328 1580 328 328 1581 329 329 1582 322 322 1583 331 330 1584 322 322 1585 329 329 1586 329 329 1587 330 331 1588 331 330 1589 331 330 1590 330 331 1591 332 332 1592 332 332 1593 333 333 1594 331 330 1595 335 334 1596 333 333 1597 332 332 1598 332 332 1599 334 335 1600 335 334 1601 337 336 1602 335 334 1603 334 335 1604 334 335 1605 336 337 1606 337 336 1607 337 336 1608 336 337 1609 338 338 1610 338 338 1611 339 339 1612 337 336 1613 339 339 1614 338 338 1615 340 340 1616 340 340 1617 341 341 1618 339 339 1619 343 342 1620 341 341 1621 340 340 1622 340 340 1623 342 343 1624 343 342 1625 144 144 1626 145 145 1627 321 321 1628 321 321 1629 344 344 1630 144 144 1631 142 142 1632 143 143 1633 345 345 1634 345 345 1635 148 148 1636 142 142 1637 143 143 1638 144 144 1639 344 344 1640 344 344 1641 345 345 1642 143 143 1643 192 191 1644 191 192 1645 346 346 1646 346 346 1647 347 347 1648 192 191 1649 314 315 1650 37 37 1651 36 36 1652 36 36 1653 348 348 1654 314 315 1655 36 36 1656 35 35 1657 349 349 1658 349 349 1659 348 348 1660 36 36 1661 34 34 1662 100 100 1663 349 349 1664 349 349 1665 35 35 1666 34 34 1667 351 350 1668 74 74 1669 109 109 1670 109 109 1671 350 351 1672 351 350 1673 348 348 1674 349 349 1675 352 352 1676 352 352 1677 353 353 1678 348 348 1679 350 351 1680 353 353 1681 352 352 1682 352 352 1683 351 350 1684 350 351 1685 354 354 1686 94 92 1687 93 91 1688 354 354 1689 349 349 1690 100 100 1691 100 100 1692 94 92 1693 354 354 1694 75 75 1695 74 74 1696 351 350 1697 351 350 1698 355 355 1699 75 75 1700 349 349 1701 354 354 1702 356 356 1703 356 356 1704 352 352 1705 349 349 1706 355 355 1707 351 350 1708 352 352 1709 352 352 1710 356 356 1711 355 355 1712 354 354 1713 93 91 1714 103 102 1715 103 102 1716 357 357 1717 354 354 1718 356 356 1719 354 354 1720 357 357 1721 357 357 1722 358 358 1723 356 356 1724 103 102 1725 87 87 1726 86 86 1727 86 86 1728 359 359 1729 103 102 1730 355 355 1731 356 356 1732 358 358 1733 358 358 1734 360 360 1735 355 355 1736 78 78 1737 77 77 1738 359 359 1739 359 359 1740 86 86 1741 78 78 1742 361 361 1743 359 359 1744 77 77 1745 77 77 1746 76 76 1747 361 361 1748 76 76 1749 71 71 1750 72 73 1751 72 73 1752 75 75 1753 76 76 1754 75 75 1755 355 355 1756 360 360 1757 360 360 1758 76 76 1759 75 75 1760 76 76 1761 360 360 1762 361 361 1763 357 357 1764 103 102 1765 359 359 1766 359 359 1767 361 361 1768 357 357 1769 358 358 1770 357 357 1771 361 361 1772 361 361 1773 360 360 1774 358 358 1775 363 362 1776 345 345 1777 344 344 1778 344 344 1779 362 363 1780 363 362 1781 363 362 1782 362 363 1783 347 347 1784 347 347 1785 346 346 1786 363 362 1787 194 194 1788 154 153 1789 364 364 1790 148 148 1791 345 345 1792 364 364 1793 364 364 1794 154 153 1795 148 148 1796 346 346 1797 191 192 1798 193 193 1799 193 193 1800 365 365 1801 346 346 1802 366 366 1803 364 364 1804 345 345 1805 345 345 1806 363 362 1807 366 366 1808 363 362 1809 346 346 1810 365 365 1811 365 365 1812 366 366 1813 363 362 1814 368 367 1815 364 364 1816 366 366 1817 366 366 1818 367 368 1819 368 367 1820 367 368 1821 366 366 1822 365 365 1823 365 365 1824 369 369 1825 367 368 1826 370 370 1827 193 193 1828 190 190 1829 190 190 1830 188 189 1831 370 370 1832 371 371 1833 369 369 1834 370 370 1835 369 369 1836 365 365 1837 193 193 1838 193 193 1839 370 370 1840 369 369 1841 188 189 1842 189 188 1843 209 209 1844 209 209 1845 370 370 1846 188 189 1847 367 368 1848 369 369 1849 371 371 1850 203 204 1851 194 194 1852 364 364 1853 364 364 1854 368 367 1855 203 204 1856 372 372 1857 203 204 1858 368 367 1859 367 368 1860 371 371 1861 372 372 1862 372 372 1863 368 367 1864 367 368 1865 372 372 1866 209 209 1867 208 207 1868 208 207 1869 211 211 1870 372 372 1871 371 371 1872 370 370 1873 209 209 1874 209 209 1875 372 372 1876 371 371 1877 211 211 1878 204 203 1879 203 204 1880 203 204 1881 372 372 1882 211 211 1883 321 321 1884 320 320 1885 323 323 1886 323 323 1887 373 373 1888 321 321 1889 322 322 1890 331 330 1891 374 374 1892 374 374 1893 323 323 1894 322 322 1895 374 374 1896 331 330 1897 333 333 1898 333 333 1899 375 375 1900 374 374 1901 375 375 1902 333 333 1903 335 334 1904 335 334 1905 376 376 1906 375 375 1907 376 376 1908 335 334 1909 337 336 1910 337 336 1911 377 377 1912 376 376 1913 377 377 1914 337 336 1915 339 339 1916 339 339 1917 378 378 1918 377 377 1919 317 318 1920 315 314 1921 314 315 1922 314 315 1923 379 379 1924 317 318 1925 382 380 1926 383 381 1927 380 382 1928 380 382 1929 381 383 1930 382 380 1931 382 380 1932 381 383 1933 384 384 1934 384 384 1935 385 385 1936 382 380 1937 387 386 1938 385 385 1939 384 384 1940 384 384 1941 386 387 1942 387 386 1943 343 342 1944 387 386 1945 386 387 1946 386 387 1947 388 388 1948 343 342 1949 341 341 1950 343 342 1951 388 388 1952 388 388 1953 389 389 1954 341 341 1955 341 341 1956 389 389 1957 378 378 1958 378 378 1959 339 339 1960 341 341 1961 314 315 1962 348 348 1963 390 390 1964 390 390 1965 379 379 1966 314 315 1967 381 383 1968 380 382 1969 391 391 1970 391 391 1971 392 392 1972 381 383 1973 384 384 1974 381 383 1975 392 392 1976 392 392 1977 393 393 1978 384 384 1979 386 387 1980 384 384 1981 393 393 1982 393 393 1983 394 394 1984 386 387 1985 386 387 1986 394 394 1987 395 395 1988 395 395 1989 388 388 1990 386 387 1991 389 389 1992 388 388 1993 395 395 1994 395 395 1995 396 396 1996 389 389 1997 397 397 1998 378 378 1999 389 389 2000 389 389 2001 396 396 2002 397 397 2003 398 398 2004 377 377 2005 378 378 2006 378 378 2007 397 397 2008 398 398 2009 376 376 2010 377 377 2011 398 398 2012 398 398 2013 399 399 2014 376 376 2015 375 375 2016 376 376 2017 399 399 2018 399 399 2019 400 400 2020 375 375 2021 401 401 2022 374 374 2023 375 375 2024 375 375 2025 400 400 2026 401 401 2027 373 373 2028 323 323 2029 374 374 2030 374 374 2031 401 401 2032 373 373 2033 402 402 2034 344 344 2035 321 321 2036 321 321 2037 373 373 2038 402 402 2039 387 386 2040 343 342 2041 342 343 2042 342 343 2043 403 403 2044 387 386 2045 404 404 2046 385 385 2047 387 386 2048 387 386 2049 403 403 2050 404 404 2051 405 405 2052 382 380 2053 385 385 2054 385 385 2055 404 404 2056 405 405 2057 406 406 2058 383 381 2059 382 380 2060 382 380 2061 405 405 2062 406 406 2063 318 317 2064 407 407 2065 408 408 2066 408 408 2067 316 316 2068 318 317 2069 310 310 2070 316 316 2071 408 408 2072 408 408 2073 409 409 2074 310 310 2075 325 324 2076 308 307 2077 310 310 2078 310 310 2079 409 409 2080 325 324 2081 411 410 2082 317 318 2083 379 379 2084 379 379 2085 410 411 2086 411 410 2087 391 391 2088 380 382 2089 412 412 2090 412 412 2091 413 413 2092 391 391 2093 411 410 2094 410 411 2095 414 414 2096 414 414 2097 415 415 2098 411 410 2099 414 414 2100 413 413 2101 412 412 2102 412 412 2103 415 415 2104 414 414 2105 380 382 2106 383 381 2107 416 416 2108 416 416 2109 412 412 2110 380 382 2111 417 417 2112 318 317 2113 317 318 2114 317 318 2115 411 410 2116 417 417 2117 418 418 2118 417 417 2119 411 410 2120 411 410 2121 415 415 2122 418 418 2123 415 415 2124 412 412 2125 416 416 2126 416 416 2127 418 418 2128 415 415 2129 419 419 2130 407 407 2131 318 317 2132 318 317 2133 417 417 2134 419 419 2135 420 420 2136 416 416 2137 383 381 2138 383 381 2139 406 406 2140 420 420 2141 421 421 2142 419 419 2143 417 417 2144 417 417 2145 418 418 2146 421 421 2147 418 418 2148 416 416 2149 420 420 2150 420 420 2151 421 421 2152 418 418 2153 390 390 2154 348 348 2155 353 353 2156 353 353 2157 422 422 2158 390 390 2159 402 402 2160 373 373 2161 401 401 2162 401 401 2163 423 423 2164 402 402 2165 362 363 2166 344 344 2167 402 402 2168 402 402 2169 424 424 2170 362 363 2171 424 424 2172 402 402 2173 423 423 2174 423 423 2175 425 425 2176 424 424 2177 401 401 2178 400 400 2179 426 426 2180 426 426 2181 423 423 2182 401 401 2183 347 347 2184 362 363 2185 424 424 2186 424 424 2187 427 427 2188 347 347 2189 427 427 2190 424 424 2191 425 425 2192 425 425 2193 428 428 2194 427 427 2195 422 422 2196 353 353 2197 350 351 2198 350 351 2199 429 429 2200 422 422 2201 379 379 2202 390 390 2203 430 430 2204 430 430 2205 410 411 2206 379 379 2207 430 430 2208 390 390 2209 422 422 2210 422 422 2211 431 431 2212 430 430 2213 429 429 2214 350 351 2215 109 109 2216 109 109 2217 432 432 2218 429 429 2219 435 433 2220 436 434 2221 433 435 2222 433 435 2223 434 436 2224 435 433 2225 438 437 2226 433 435 2227 436 434 2228 436 434 2229 437 438 2230 438 437 2231 437 438 2232 436 434 2233 439 439 2234 439 439 2235 440 440 2236 437 438 2237 439 439 2238 240 240 2239 237 238 2240 237 238 2241 440 440 2242 439 439 2243 438 437 2244 437 438 2245 441 441 2246 441 441 2247 442 442 2248 438 437 2249 437 438 2250 440 440 2251 443 443 2252 443 443 2253 441 441 2254 437 438 2255 237 238 2256 239 237 2257 443 443 2258 443 443 2259 440 440 2260 237 238 2261 442 442 2262 441 441 2263 444 444 2264 444 444 2265 445 445 2266 442 442 2267 446 446 2268 439 439 2269 436 434 2270 436 434 2271 435 433 2272 446 446 2273 448 447 2274 435 433 2275 434 436 2276 434 436 2277 447 448 2278 448 447 2279 450 449 2280 448 447 2281 447 448 2282 447 448 2283 449 450 2284 450 449 2285 452 451 2286 450 449 2287 449 450 2288 449 450 2289 451 452 2290 452 451 2291 451 452 2292 454 453 2293 453 454 2294 453 454 2295 452 451 2296 451 452 2297 453 454 2298 454 453 2299 455 455 2300 455 455 2301 456 456 2302 453 454 2303 456 456 2304 455 455 2305 457 457 2306 457 457 2307 458 458 2308 456 456 2309 445 445 2310 444 444 2311 458 458 2312 458 458 2313 457 457 2314 445 445 2315 441 441 2316 443 443 2317 459 459 2318 459 459 2319 444 444 2320 441 441 2321 240 240 2322 439 439 2323 446 446 2324 446 446 2325 460 460 2326 240 240 2327 108 108 2328 236 236 2329 240 240 2330 240 240 2331 460 460 2332 108 108 2333 461 461 2334 107 107 2335 108 108 2336 108 108 2337 460 460 2338 461 461 2339 462 462 2340 446 446 2341 435 433 2342 435 433 2343 448 447 2344 462 462 2345 462 462 2346 448 447 2347 450 449 2348 450 449 2349 463 463 2350 462 462 2351 464 464 2352 463 463 2353 450 449 2354 450 449 2355 452 451 2356 464 464 2357 465 465 2358 464 464 2359 452 451 2360 452 451 2361 453 454 2362 465 465 2363 465 465 2364 453 454 2365 456 456 2366 456 456 2367 466 466 2368 465 465 2369 466 466 2370 456 456 2371 458 458 2372 458 458 2373 467 467 2374 466 466 2375 467 467 2376 458 458 2377 444 444 2378 444 444 2379 459 459 2380 467 467 2381 239 237 2382 160 162 2383 159 161 2384 159 161 2385 468 468 2386 239 237 2387 459 459 2388 443 443 2389 239 237 2390 239 237 2391 468 468 2392 459 459 2393 461 461 2394 460 460 2395 469 469 2396 469 469 2397 470 470 2398 461 461 2399 446 446 2400 462 462 2401 469 469 2402 469 469 2403 460 460 2404 446 446 2405 470 470 2406 469 469 2407 471 471 2408 471 471 2409 472 472 2410 470 470 2411 469 469 2412 462 462 2413 463 463 2414 463 463 2415 471 471 2416 469 469 2417 472 472 2418 471 471 2419 473 473 2420 473 473 2421 474 474 2422 472 472 2423 471 471 2424 463 463 2425 464 464 2426 464 464 2427 473 473 2428 471 471 2429 475 475 2430 473 473 2431 464 464 2432 464 464 2433 465 465 2434 475 475 2435 476 476 2436 475 475 2437 465 465 2438 465 465 2439 466 466 2440 476 476 2441 476 476 2442 466 466 2443 467 467 2444 467 467 2445 477 477 2446 476 476 2447 477 477 2448 467 467 2449 459 459 2450 459 459 2451 468 468 2452 477 477 2453 478 478 2454 468 468 2455 159 161 2456 159 161 2457 186 187 2458 478 478 2459 479 479 2460 474 474 2461 473 473 2462 473 473 2463 475 475 2464 479 479 2465 480 480 2466 479 479 2467 475 475 2468 475 475 2469 476 476 2470 480 480 2471 481 481 2472 480 480 2473 476 476 2474 476 476 2475 477 477 2476 481 481 2477 481 481 2478 477 477 2479 468 468 2480 468 468 2481 478 478 2482 481 481 2483 482 482 2484 192 191 2485 347 347 2486 347 347 2487 427 427 2488 482 482 2489 484 483 2490 474 474 2491 479 479 2492 479 479 2493 483 484 2494 484 483 2495 395 395 2496 394 394 2497 485 485 2498 485 485 2499 486 486 2500 395 395 2501 393 393 2502 392 392 2503 487 487 2504 487 487 2505 488 488 2506 393 393 2507 394 394 2508 393 393 2509 488 488 2510 488 488 2511 485 485 2512 394 394 2513 489 489 2514 472 472 2515 474 474 2516 474 474 2517 484 483 2518 489 489 2519 490 490 2520 483 484 2521 479 479 2522 479 479 2523 480 480 2524 490 490 2525 487 487 2526 392 392 2527 391 391 2528 391 391 2529 491 491 2530 487 487 2531 488 488 2532 487 487 2533 491 491 2534 491 491 2535 492 492 2536 488 488 2537 492 492 2538 493 493 2539 485 485 2540 485 485 2541 488 488 2542 492 492 2543 494 494 2544 486 486 2545 485 485 2546 485 485 2547 493 493 2548 494 494 2549 396 396 2550 395 395 2551 486 486 2552 486 486 2553 494 494 2554 396 396 2555 484 483 2556 483 484 2557 493 493 2558 493 493 2559 492 492 2560 484 483 2561 397 397 2562 396 396 2563 494 494 2564 494 494 2565 495 495 2566 397 397 2567 491 491 2568 391 391 2569 413 413 2570 413 413 2571 496 496 2572 491 491 2573 484 483 2574 492 492 2575 497 497 2576 497 497 2577 489 489 2578 484 483 2579 400 400 2580 399 399 2581 498 498 2582 498 498 2583 426 426 2584 400 400 2585 398 398 2586 397 397 2587 495 495 2588 495 495 2589 499 499 2590 398 398 2591 499 499 2592 495 495 2593 500 500 2594 399 399 2595 398 398 2596 499 499 2597 499 499 2598 498 498 2599 399 399 2600 500 500 2601 501 501 2602 498 498 2603 498 498 2604 499 499 2605 500 500 2606 500 500 2607 493 493 2608 483 484 2609 483 484 2610 490 490 2611 500 500 2612 495 495 2613 494 494 2614 493 493 2615 493 493 2616 500 500 2617 495 495 2618 410 411 2619 430 430 2620 502 502 2621 502 502 2622 414 414 2623 410 411 2624 502 502 2625 496 496 2626 413 413 2627 413 413 2628 414 414 2629 502 502 2630 497 497 2631 496 496 2632 502 502 2633 502 502 2634 504 503 2635 503 504 2636 503 504 2637 497 497 2638 502 502 2639 497 497 2640 492 492 2641 491 491 2642 491 491 2643 496 496 2644 497 497 2645 506 505 2646 498 498 2647 501 501 2648 501 501 2649 505 506 2650 506 505 2651 505 506 2652 490 490 2653 480 480 2654 480 480 2655 481 481 2656 505 506 2657 501 501 2658 500 500 2659 490 490 2660 490 490 2661 505 506 2662 501 501 2663 502 502 2664 430 430 2665 507 507 2666 507 507 2667 504 503 2668 502 502 2669 503 504 2670 504 503 2671 507 507 2672 507 507 2673 508 508 2674 503 504 2675 508 508 2676 470 470 2677 472 472 2678 472 472 2679 489 489 2680 508 508 2681 489 489 2682 497 497 2683 503 504 2684 503 504 2685 508 508 2686 489 489 2687 109 109 2688 107 107 2689 461 461 2690 461 461 2691 432 432 2692 109 109 2693 432 432 2694 461 461 2695 470 470 2696 470 470 2697 508 508 2698 432 432 2699 509 509 2700 429 429 2701 432 432 2702 508 508 2703 507 507 2704 509 509 2705 509 509 2706 432 432 2707 508 508 2708 431 431 2709 422 422 2710 429 429 2711 429 429 2712 509 509 2713 431 431 2714 507 507 2715 430 430 2716 431 431 2717 431 431 2718 509 509 2719 507 507 2720 478 478 2721 186 187 2722 192 191 2723 192 191 2724 482 482 2725 478 478 2726 481 481 2727 478 478 2728 482 482 2729 482 482 2730 505 506 2731 481 481 2732 482 482 2733 427 427 2734 428 428 2735 506 505 2736 505 506 2737 482 482 2738 482 482 2739 428 428 2740 506 505 2741 425 425 2742 423 423 2743 426 426 2744 426 426 2745 428 428 2746 425 425 2747 426 426 2748 498 498 2749 506 505 2750 506 505 2751 428 428 2752 426 426 2753 511 510 2754 324 325 2755 325 324 2756 325 324 2757 510 511 2758 511 510 2759 326 326 2760 324 325 2761 511 510 2762 511 510 2763 512 512 2764 326 326 2765 327 327 2766 326 326 2767 512 512 2768 512 512 2769 513 513 2770 327 327 2771 328 328 2772 327 327 2773 513 513 2774 513 513 2775 514 514 2776 328 328 2777 329 329 2778 328 328 2779 514 514 2780 514 514 2781 515 515 2782 329 329 2783 329 329 2784 515 515 2785 516 516 2786 516 516 2787 330 331 2788 329 329 2789 330 331 2790 516 516 2791 517 517 2792 517 517 2793 332 332 2794 330 331 2795 332 332 2796 517 517 2797 518 518 2798 518 518 2799 334 335 2800 332 332 2801 334 335 2802 518 518 2803 519 519 2804 519 519 2805 336 337 2806 334 335 2807 338 338 2808 336 337 2809 519 519 2810 519 519 2811 520 520 2812 338 338 2813 338 338 2814 520 520 2815 521 521 2816 521 521 2817 340 340 2818 338 338 2819 510 511 2820 325 324 2821 409 409 2822 409 409 2823 522 522 2824 510 511 2825 522 522 2826 409 409 2827 408 408 2828 408 408 2829 523 523 2830 522 522 2831 523 523 2832 408 408 2833 407 407 2834 407 407 2835 524 524 2836 523 523 2837 407 407 2838 419 419 2839 525 525 2840 525 525 2841 524 524 2842 407 407 2843 419 419 2844 421 421 2845 526 526 2846 526 526 2847 525 525 2848 419 419 2849 421 421 2850 420 420 2851 527 527 2852 527 527 2853 526 526 2854 421 421 2855 527 527 2856 420 420 2857 406 406 2858 406 406 2859 528 528 2860 527 527 2861 406 406 2862 405 405 2863 529 529 2864 529 529 2865 528 528 2866 406 406 2867 529 529 2868 405 405 2869 404 404 2870 404 404 2871 530 530 2872 529 529 2873 404 404 2874 403 403 2875 531 531 2876 531 531 2877 530 530 2878 404 404 2879 403 403 2880 342 343 2881 532 532 2882 532 532 2883 531 531 2884 403 403 2885 342 343 2886 340 340 2887 521 521 2888 521 521 2889 532 532 2890 342 343 2891 534 533 2892 510 511 2893 522 522 2894 522 522 2895 533 534 2896 534 533 2897 535 535 2898 511 510 2899 510 511 2900 510 511 2901 534 533 2902 535 535 2903 511 510 2904 535 535 2905 536 536 2906 536 536 2907 512 512 2908 511 510 2909 515 515 2910 514 514 2911 537 537 2912 537 537 2913 538 538 2914 515 515 2915 515 515 2916 538 538 2917 539 539 2918 539 539 2919 516 516 2920 515 515 2921 516 516 2922 539 539 2923 540 540 2924 540 540 2925 517 517 2926 516 516 2927 517 517 2928 540 540 2929 541 541 2930 541 541 2931 518 518 2932 517 517 2933 520 520 2934 543 542 2935 542 543 2936 542 543 2937 521 521 2938 520 520 2939 544 544 2940 532 532 2941 521 521 2942 521 521 2943 542 543 2944 544 544 2945 531 531 2946 532 532 2947 544 544 2948 544 544 2949 545 545 2950 531 531 2951 530 530 2952 531 531 2953 545 545 2954 545 545 2955 546 546 2956 530 530 2957 529 529 2958 530 530 2959 546 546 2960 546 546 2961 547 547 2962 529 529 2963 528 528 2964 529 529 2965 547 547 2966 547 547 2967 548 548 2968 528 528 2969 525 525 2970 526 526 2971 549 549 2972 549 549 2973 550 550 2974 525 525 2975 524 524 2976 525 525 2977 550 550 2978 550 550 2979 551 551 2980 524 524 2981 552 552 2982 523 523 2983 524 524 2984 524 524 2985 551 551 2986 552 552 2987 533 534 2988 522 522 2989 523 523 2990 523 523 2991 552 552 2992 533 534 2993 543 542 2994 520 520 2995 519 519 2996 519 519 2997 553 553 2998 543 542 2999 518 518 3000 541 541 3001 553 553 3002 553 553 3003 519 519 3004 518 518 3005 527 527 3006 528 528 3007 548 548 3008 548 548 3009 554 554 3010 527 527 3011 554 554 3012 549 549 3013 526 526 3014 526 526 3015 527 527 3016 554 554 3017 537 537 3018 514 514 3019 513 513 3020 513 513 3021 555 555 3022 537 537 3023 512 512 3024 536 536 3025 555 555 3026 555 555 3027 513 513 3028 512 512 3029 557 556 3030 534 533 3031 533 534 3032 533 534 3033 556 557 3034 557 556 3035 534 533 3036 557 556 3037 558 558 3038 558 558 3039 535 535 3040 534 533 3041 536 536 3042 535 535 3043 558 558 3044 558 558 3045 559 559 3046 536 536 3047 555 555 3048 536 536 3049 559 559 3050 560 560 3051 537 537 3052 555 555 3053 555 555 3054 559 559 3055 560 560 3056 538 538 3057 537 537 3058 560 560 3059 560 560 3060 561 561 3061 538 538 3062 539 539 3063 538 538 3064 561 561 3065 561 561 3066 562 562 3067 539 539 3068 539 539 3069 562 562 3070 563 563 3071 563 563 3072 540 540 3073 539 539 3074 540 540 3075 563 563 3076 564 564 3077 564 564 3078 541 541 3079 540 540 3080 553 553 3081 541 541 3082 564 564 3083 565 565 3084 543 542 3085 553 553 3086 553 553 3087 564 564 3088 565 565 3089 543 542 3090 565 565 3091 566 566 3092 566 566 3093 542 543 3094 543 542 3095 544 544 3096 542 543 3097 566 566 3098 567 567 3099 545 545 3100 544 544 3101 544 544 3102 566 566 3103 567 567 3104 546 546 3105 545 545 3106 567 567 3107 567 567 3108 568 568 3109 546 546 3110 547 547 3111 546 546 3112 568 568 3113 568 568 3114 569 569 3115 547 547 3116 547 547 3117 569 569 3118 570 570 3119 570 570 3120 548 548 3121 547 547 3122 548 548 3123 570 570 3124 571 571 3125 571 571 3126 554 554 3127 548 548 3128 571 571 3129 549 549 3130 554 554 3131 550 550 3132 549 549 3133 571 571 3134 571 571 3135 572 572 3136 550 550 3137 551 551 3138 550 550 3139 572 572 3140 572 572 3141 573 573 3142 551 551 3143 551 551 3144 573 573 3145 574 574 3146 574 574 3147 552 552 3148 551 551 3149 556 557 3150 533 534 3151 552 552 3152 552 552 3153 574 574 3154 556 557 3155 576 575 3156 556 557 3157 574 574 3158 574 574 3159 575 576 3160 576 575 3161 558 558 3162 557 556 3163 577 577 3164 577 577 3165 557 556 3166 556 557 3167 556 557 3168 576 575 3169 577 577 3170 558 558 3171 577 577 3172 578 578 3173 578 578 3174 559 559 3175 558 558 3176 578 578 3177 577 577 3178 579 579 3179 560 560 3180 559 559 3181 578 578 3182 578 578 3183 580 580 3184 560 560 3185 579 579 3186 581 581 3187 580 580 3188 580 580 3189 578 578 3190 579 579 3191 561 561 3192 560 560 3193 580 580 3194 580 580 3195 582 582 3196 561 561 3197 562 562 3198 561 561 3199 582 582 3200 582 582 3201 583 583 3202 562 562 3203 563 563 3204 562 562 3205 583 583 3206 583 583 3207 584 584 3208 563 563 3209 582 582 3210 580 580 3211 581 581 3212 581 581 3213 585 585 3214 582 582 3215 583 583 3216 582 582 3217 585 585 3218 584 584 3219 583 583 3220 585 585 3221 585 585 3222 586 586 3223 584 584 3224 563 563 3225 584 584 3226 587 587 3227 587 587 3228 564 564 3229 563 563 3230 584 584 3231 586 586 3232 588 588 3233 588 588 3234 587 587 3235 584 584 3236 564 564 3237 587 587 3238 589 589 3239 589 589 3240 565 565 3241 564 564 3242 565 565 3243 589 589 3244 590 590 3245 590 590 3246 566 566 3247 565 565 3248 566 566 3249 590 590 3250 591 591 3251 591 591 3252 567 567 3253 566 566 3254 567 567 3255 591 591 3256 592 592 3257 591 591 3258 590 590 3259 593 593 3260 587 587 3261 588 588 3262 593 593 3263 593 593 3264 589 589 3265 587 587 3266 590 590 3267 589 589 3268 593 593 3269 592 592 3270 591 591 3271 593 593 3272 593 593 3273 594 594 3274 592 592 3275 568 568 3276 567 567 3277 592 592 3278 592 592 3279 595 595 3280 568 568 3281 569 569 3282 568 568 3283 595 595 3284 569 569 3285 595 595 3286 596 596 3287 596 596 3288 570 570 3289 569 569 3290 570 570 3291 596 596 3292 597 597 3293 597 597 3294 571 571 3295 570 570 3296 595 595 3297 592 592 3298 594 594 3299 594 594 3300 598 598 3301 595 595 3302 596 596 3303 595 595 3304 598 598 3305 599 599 3306 597 597 3307 596 596 3308 596 596 3309 598 598 3310 599 599 3311 572 572 3312 571 571 3313 597 597 3314 597 597 3315 600 600 3316 572 572 3317 575 576 3318 574 574 3319 573 573 3320 573 573 3321 601 601 3322 575 576 3323 572 572 3324 600 600 3325 601 601 3326 601 601 3327 573 573 3328 572 572 3329 597 597 3330 599 599 3331 602 602 3332 602 602 3333 600 600 3334 597 597 3335 603 603 3336 575 576 3337 601 601 3338 601 601 3339 602 602 3340 603 603 3341 576 575 3342 575 576 3343 603 603 3344 577 577 3345 576 575 3346 603 603 3347 603 603 3348 579 579 3349 577 577 3350 601 601 3351 600 600 3352 602 602 3353 604 604 3354 605 605 3355 606 606 3356 158 156 3357 605 605 3358 604 604 3359 604 604 3360 607 607 3361 158 156 3362 254 254 3363 155 157 3364 158 156 3365 158 156 3366 607 607 3367 254 254 3368 54 54 3369 253 253 3370 608 608 3371 608 608 3372 51 49 3373 54 54 3374 609 609 3375 249 249 3376 48 47 3377 48 47 3378 52 50 3379 609 609 3380 52 50 3381 48 47 3382 47 48 3383 47 48 3384 49 51 3385 52 50 3386 149 149 3387 173 172 3388 606 606 3389 606 606 3390 150 150 3391 149 149 3392 173 172 3393 163 165 3394 610 610 3395 610 610 3396 606 606 3397 173 172 3398 163 165 3399 166 164 3400 611 611 3401 611 611 3402 610 610 3403 163 165 3404 166 164 3405 168 167 3406 612 612 3407 612 612 3408 611 611 3409 166 164 3410 168 167 3411 247 247 3412 613 613 3413 613 613 3414 612 612 3415 168 167 3416 613 613 3417 247 247 3418 249 249 3419 249 249 3420 609 609 3421 613 613 3422 614 614 3423 606 606 3424 615 615 3425 604 604 3426 606 606 3427 614 614 3428 614 614 3429 616 616 3430 604 604 3431 607 607 3432 604 604 3433 616 616 3434 608 608 3435 253 253 3436 254 254 3437 254 254 3438 617 617 3439 608 608 3440 617 617 3441 254 254 3442 607 607 3443 607 607 3444 616 616 3445 617 617 3446 615 615 3447 606 606 3448 610 610 3449 618 618 3450 615 615 3451 610 610 3452 610 610 3453 611 611 3454 618 618 3455 619 619 3456 618 618 3457 611 611 3458 611 611 3459 612 612 3460 619 619 3461 619 619 3462 612 612 3463 613 613 3464 613 613 3465 620 620 3466 619 619 3467 621 621 3468 613 613 3469 609 609 3470 51 49 3471 608 608 3472 621 621 3473 621 621 3474 52 50 3475 51 49 3476 621 621 3477 608 608 3478 617 617 3479 620 620 3480 613 613 3481 621 621 3482 621 621 3483 609 609 3484 52 50 3485 621 621 3486 617 617 3487 622 622 3488 623 623 3489 620 620 3490 621 621 3491 623 623 3492 621 621 3493 622 622 3494 624 624 3495 623 623 3496 622 622 3497 624 624 3498 619 619 3499 620 620 3500 620 620 3501 623 623 3502 624 624 3503 616 616 3504 614 614 3505 625 625 3506 625 625 3507 614 614 3508 615 615 3509 615 615 3510 626 626 3511 625 625 3512 617 617 3513 616 616 3514 625 625 3515 625 625 3516 622 622 3517 617 617 3518 626 626 3519 624 624 3520 622 622 3521 622 622 3522 625 625 3523 626 626 3524 626 626 3525 615 615 3526 618 618 3527 618 618 3528 619 619 3529 624 624 3530 624 624 3531 626 626 3532 618 618 3533 50 52 3534 61 61 3535 627 627 3536 627 627 3537 53 53 3538 50 52 3539 627 627 3540 628 628 3541 55 55 3542 55 55 3543 53 53 3544 627 627 3545 629 629 3546 233 233 3547 58 58 3548 58 58 3549 57 57 3550 629 629 3551 57 57 3552 55 55 3553 628 628 3554 628 628 3555 629 629 3556 57 57 3557 33 33 3558 32 32 3559 630 630 3560 630 630 3561 99 99 3562 33 33 3563 233 233 3564 629 629 3565 631 631 3566 631 631 3567 231 231 3568 233 233 3569 30 31 3570 31 30 3571 231 231 3572 231 231 3573 631 631 3574 30 31 3575 32 32 3576 30 31 3577 631 631 3578 631 631 3579 630 630 3580 32 32 3581 60 60 3582 59 59 3583 632 632 3584 632 632 3585 61 61 3586 60 60 3587 633 633 3588 627 627 3589 61 61 3590 61 61 3591 632 632 3592 633 633 3593 634 634 3594 627 627 3595 633 633 3596 628 628 3597 627 627 3598 634 634 3599 634 634 3600 635 635 3601 628 628 3602 632 632 3603 59 59 3604 43 43 3605 43 43 3606 63 63 3607 632 632 3608 632 632 3609 63 63 3610 85 85 3611 85 85 3612 636 636 3613 632 632 3614 633 633 3615 632 632 3616 637 637 3617 632 632 3618 636 636 3619 638 638 3620 637 637 3621 632 632 3622 638 638 3623 636 636 3624 85 85 3625 98 98 3626 98 98 3627 639 639 3628 636 636 3629 639 639 3630 98 98 3631 101 101 3632 101 101 3633 99 99 3634 639 639 3635 640 640 3636 639 639 3637 99 99 3638 99 99 3639 630 630 3640 640 640 3641 641 641 3642 640 640 3643 630 630 3644 630 630 3645 631 631 3646 641 641 3647 629 629 3648 628 628 3649 635 635 3650 635 635 3651 642 642 3652 629 629 3653 641 641 3654 631 631 3655 629 629 3656 629 629 3657 642 642 3658 641 641 3659 643 643 3660 641 641 3661 642 642 3662 642 642 3663 635 635 3664 644 644 3665 643 643 3666 642 642 3667 644 644 3668 644 644 3669 645 645 3670 643 643 3671 640 640 3672 641 641 3673 643 643 3674 643 643 3675 645 645 3676 640 640 3677 633 633 3678 637 637 3679 646 646 3680 646 646 3681 634 634 3682 633 633 3683 637 637 3684 638 638 3685 647 647 3686 647 647 3687 646 646 3688 637 637 3689 644 644 3690 635 635 3691 634 634 3692 634 634 3693 646 646 3694 644 644 3695 645 645 3696 644 644 3697 646 646 3698 646 646 3699 647 647 3700 645 645 3701 647 647 3702 638 638 3703 636 636 3704 636 636 3705 639 639 3706 647 647 3707 647 647 3708 639 639 3709 640 640 3710 640 640 3711 645 645 3712 647 647 3713 146 147 3714 150 150 3715 648 648 3716 648 648 3717 649 649 3718 146 147 3719 650 650 3720 229 229 3721 227 227 3722 227 227 3723 114 115 3724 650 650 3725 232 232 3726 230 230 3727 651 651 3728 651 651 3729 652 652 3730 232 232 3731 653 653 3732 156 158 3733 251 251 3734 251 251 3735 652 652 3736 653 653 3737 251 251 3738 234 234 3739 232 232 3740 232 232 3741 652 652 3742 251 251 3743 654 654 3744 653 653 3745 652 652 3746 655 655 3747 656 656 3748 654 654 3749 156 158 3750 653 653 3751 648 648 3752 648 648 3753 157 155 3754 156 158 3755 653 653 3756 654 654 3757 657 657 3758 657 657 3759 648 648 3760 653 653 3761 150 150 3762 606 606 3763 605 605 3764 605 605 3765 648 648 3766 150 150 3767 605 605 3768 158 156 3769 157 155 3770 157 155 3771 648 648 3772 605 605 3773 657 657 3774 654 654 3775 656 656 3776 114 115 3777 115 114 3778 658 658 3779 658 658 3780 650 650 3781 114 115 3782 658 658 3783 115 114 3784 134 134 3785 134 134 3786 140 141 3787 658 658 3788 140 141 3789 146 147 3790 649 649 3791 649 649 3792 658 658 3793 140 141 3794 658 658 3795 649 649 3796 659 659 3797 657 657 3798 656 656 3799 659 659 3800 649 649 3801 648 648 3802 657 657 3803 657 657 3804 659 659 3805 649 649 3806 654 654 3807 652 652 3808 651 651 3809 651 651 3810 655 655 3811 654 654 3812 229 229 3813 650 650 3814 660 660 3815 660 660 3816 651 651 3817 229 229 3818 230 230 3819 228 228 3820 229 229 3821 229 229 3822 651 651 3823 230 230 3824 660 660 3825 655 655 3826 651 651 3827 650 650 3828 658 658 3829 659 659 3830 659 659 3831 660 660 3832 650 650 3833 660 660 3834 659 659 3835 656 656 3836 660 660 3837 656 656 3838 655 655 3839 664 661 3840 661 662 3841 662 663 3842 662 663 3843 663 664 3844 664 661 3845 663 664 3846 662 663 3847 665 665 3848 665 665 3849 666 666 3850 663 664 3851 666 666 3852 665 665 3853 667 667 3854 667 667 3855 668 668 3856 666 666 3857 668 668 3858 667 667 3859 669 669 3860 669 669 3861 670 670 3862 668 668 3863 670 670 3864 669 669 3865 671 671 3866 671 671 3867 672 672 3868 670 670 3869 672 672 3870 671 671 3871 673 673 3872 673 673 3873 674 674 3874 672 672 3875 674 674 3876 673 673 3877 675 675 3878 675 675 3879 676 676 3880 674 674 3881 676 676 3882 675 675 3883 677 677 3884 677 677 3885 678 678 3886 676 676 3887 678 678 3888 677 677 3889 679 679 3890 679 679 3891 680 680 3892 678 678 3893 680 680 3894 679 679 3895 681 681 3896 681 681 3897 682 682 3898 680 680 3899 682 682 3900 681 681 3901 683 683 3902 683 683 3903 684 684 3904 682 682 3905 684 684 3906 683 683 3907 685 685 3908 685 685 3909 686 686 3910 684 684 3911 686 686 3912 685 685 3913 687 687 3914 687 687 3915 688 688 3916 686 686 3917 688 688 3918 687 687 3919 689 689 3920 689 689 3921 690 690 3922 688 688 3923 690 690 3924 689 689 3925 691 691 3926 691 691 3927 692 692 3928 690 690 3929 692 692 3930 691 691 3931 661 662 3932 661 662 3933 664 661 3934 692 692 3935 661 662 3936 693 693 3937 694 694 3938 694 694 3939 662 663 3940 661 662 3941 662 663 3942 694 694 3943 695 695 3944 695 695 3945 665 665 3946 662 663 3947 665 665 3948 695 695 3949 696 696 3950 696 696 3951 667 667 3952 665 665 3953 667 667 3954 696 696 3955 697 697 3956 697 697 3957 669 669 3958 667 667 3959 669 669 3960 697 697 3961 698 698 3962 698 698 3963 671 671 3964 669 669 3965 671 671 3966 698 698 3967 699 699 3968 699 699 3969 673 673 3970 671 671 3971 673 673 3972 699 699 3973 700 700 3974 700 700 3975 675 675 3976 673 673 3977 675 675 3978 700 700 3979 701 701 3980 701 701 3981 677 677 3982 675 675 3983 677 677 3984 701 701 3985 702 702 3986 702 702 3987 679 679 3988 677 677 3989 679 679 3990 702 702 3991 703 703 3992 703 703 3993 681 681 3994 679 679 3995 681 681 3996 703 703 3997 704 704 3998 704 704 3999 683 683 4000 681 681 4001 683 683 4002 704 704 4003 705 705 4004 705 705 4005 685 685 4006 683 683 4007 685 685 4008 705 705 4009 706 706 4010 706 706 4011 687 687 4012 685 685 4013 687 687 4014 706 706 4015 707 707 4016 707 707 4017 689 689 4018 687 687 4019 689 689 4020 707 707 4021 708 708 4022 708 708 4023 691 691 4024 689 689 4025 691 691 4026 708 708 4027 693 693 4028 693 693 4029 661 662 4030 691 691 4031 693 693 4032 709 709 4033 710 710 4034 710 710 4035 694 694 4036 693 693 4037 694 694 4038 710 710 4039 711 711 4040 711 711 4041 695 695 4042 694 694 4043 695 695 4044 711 711 4045 712 712 4046 712 712 4047 696 696 4048 695 695 4049 696 696 4050 712 712 4051 713 713 4052 713 713 4053 697 697 4054 696 696 4055 697 697 4056 713 713 4057 714 714 4058 714 714 4059 698 698 4060 697 697 4061 698 698 4062 714 714 4063 715 715 4064 715 715 4065 699 699 4066 698 698 4067 699 699 4068 715 715 4069 716 716 4070 716 716 4071 700 700 4072 699 699 4073 700 700 4074 716 716 4075 717 717 4076 717 717 4077 701 701 4078 700 700 4079 701 701 4080 717 717 4081 718 718 4082 718 718 4083 702 702 4084 701 701 4085 702 702 4086 718 718 4087 719 719 4088 719 719 4089 703 703 4090 702 702 4091 703 703 4092 719 719 4093 720 720 4094 720 720 4095 704 704 4096 703 703 4097 704 704 4098 720 720 4099 721 721 4100 721 721 4101 705 705 4102 704 704 4103 705 705 4104 721 721 4105 722 722 4106 722 722 4107 706 706 4108 705 705 4109 706 706 4110 722 722 4111 723 723 4112 723 723 4113 707 707 4114 706 706 4115 707 707 4116 723 723 4117 724 724 4118 724 724 4119 708 708 4120 707 707 4121 708 708 4122 724 724 4123 709 709 4124 709 709 4125 693 693 4126 708 708 4127 709 709 4128 725 725 4129 726 726 4130 726 726 4131 710 710 4132 709 709 4133 710 710 4134 726 726 4135 727 727 4136 727 727 4137 711 711 4138 710 710 4139 711 711 4140 727 727 4141 728 728 4142 728 728 4143 712 712 4144 711 711 4145 712 712 4146 728 728 4147 729 729 4148 729 729 4149 713 713 4150 712 712 4151 713 713 4152 729 729 4153 730 730 4154 730 730 4155 714 714 4156 713 713 4157 714 714 4158 730 730 4159 731 731 4160 731 731 4161 715 715 4162 714 714 4163 715 715 4164 731 731 4165 732 732 4166 732 732 4167 716 716 4168 715 715 4169 716 716 4170 732 732 4171 733 733 4172 733 733 4173 717 717 4174 716 716 4175 717 717 4176 733 733 4177 734 734 4178 734 734 4179 718 718 4180 717 717 4181 718 718 4182 734 734 4183 735 735 4184 735 735 4185 719 719 4186 718 718 4187 719 719 4188 735 735 4189 736 736 4190 736 736 4191 720 720 4192 719 719 4193 720 720 4194 736 736 4195 737 737 4196 737 737 4197 721 721 4198 720 720 4199 721 721 4200 737 737 4201 738 738 4202 738 738 4203 722 722 4204 721 721 4205 722 722 4206 738 738 4207 739 739 4208 739 739 4209 723 723 4210 722 722 4211 723 723 4212 739 739 4213 740 740 4214 740 740 4215 724 724 4216 723 723 4217 724 724 4218 740 740 4219 725 725 4220 725 725 4221 709 709 4222 724 724 4223 741 741 4224 726 726 4225 725 725 4226 741 741 4227 727 727 4228 726 726 4229 741 741 4230 728 728 4231 727 727 4232 741 741 4233 729 729 4234 728 728 4235 741 741 4236 730 730 4237 729 729 4238 741 741 4239 731 731 4240 730 730 4241 741 741 4242 732 732 4243 731 731 4244 741 741 4245 733 733 4246 732 732 4247 741 741 4248 734 734 4249 733 733 4250 741 741 4251 735 735 4252 734 734 4253 741 741 4254 736 736 4255 735 735 4256 741 741 4257 737 737 4258 736 736 4259 741 741 4260 738 738 4261 737 737 4262 741 741 4263 739 739 4264 738 738 4265 741 741 4266 740 740 4267 739 739 4268 741 741 4269 725 725 4270 740 740 4271 745 742 4272 742 743 4273 743 744 4274 743 744 4275 744 745 4276 745 742 4277 744 745 4278 743 744 4279 746 746 4280 746 746 4281 747 747 4282 744 745 4283 747 747 4284 746 746 4285 748 748 4286 748 748 4287 749 749 4288 747 747 4289 749 749 4290 748 748 4291 750 750 4292 750 750 4293 751 751 4294 749 749 4295 751 751 4296 750 750 4297 752 752 4298 752 752 4299 753 753 4300 751 751 4301 753 753 4302 752 752 4303 754 754 4304 754 754 4305 755 755 4306 753 753 4307 755 755 4308 754 754 4309 756 756 4310 756 756 4311 757 757 4312 755 755 4313 757 757 4314 756 756 4315 758 758 4316 758 758 4317 759 759 4318 757 757 4319 759 759 4320 758 758 4321 760 760 4322 760 760 4323 761 761 4324 759 759 4325 761 761 4326 760 760 4327 762 762 4328 762 762 4329 763 763 4330 761 761 4331 763 763 4332 762 762 4333 764 764 4334 764 764 4335 765 765 4336 763 763 4337 765 765 4338 764 764 4339 766 766 4340 766 766 4341 767 767 4342 765 765 4343 767 767 4344 766 766 4345 768 768 4346 768 768 4347 769 769 4348 767 767 4349 769 769 4350 768 768 4351 770 770 4352 770 770 4353 771 771 4354 769 769 4355 771 771 4356 770 770 4357 772 772 4358 772 772 4359 773 773 4360 771 771 4361 773 773 4362 772 772 4363 742 743 4364 742 743 4365 745 742 4366 773 773 4367 742 743 4368 774 774 4369 775 775 4370 775 775 4371 743 744 4372 742 743 4373 743 744 4374 775 775 4375 776 776 4376 776 776 4377 746 746 4378 743 744 4379 746 746 4380 776 776 4381 777 777 4382 777 777 4383 748 748 4384 746 746 4385 748 748 4386 777 777 4387 778 778 4388 778 778 4389 750 750 4390 748 748 4391 750 750 4392 778 778 4393 779 779 4394 779 779 4395 752 752 4396 750 750 4397 752 752 4398 779 779 4399 780 780 4400 780 780 4401 754 754 4402 752 752 4403 754 754 4404 780 780 4405 781 781 4406 781 781 4407 756 756 4408 754 754 4409 756 756 4410 781 781 4411 782 782 4412 782 782 4413 758 758 4414 756 756 4415 758 758 4416 782 782 4417 783 783 4418 783 783 4419 760 760 4420 758 758 4421 760 760 4422 783 783 4423 784 784 4424 784 784 4425 762 762 4426 760 760 4427 762 762 4428 784 784 4429 785 785 4430 785 785 4431 764 764 4432 762 762 4433 764 764 4434 785 785 4435 786 786 4436 786 786 4437 766 766 4438 764 764 4439 766 766 4440 786 786 4441 787 787 4442 787 787 4443 768 768 4444 766 766 4445 768 768 4446 787 787 4447 788 788 4448 788 788 4449 770 770 4450 768 768 4451 770 770 4452 788 788 4453 789 789 4454 789 789 4455 772 772 4456 770 770 4457 772 772 4458 789 789 4459 774 774 4460 774 774 4461 742 743 4462 772 772 4463 774 774 4464 790 790 4465 791 791 4466 791 791 4467 775 775 4468 774 774 4469 775 775 4470 791 791 4471 792 792 4472 792 792 4473 776 776 4474 775 775 4475 776 776 4476 792 792 4477 793 793 4478 793 793 4479 777 777 4480 776 776 4481 777 777 4482 793 793 4483 794 794 4484 794 794 4485 778 778 4486 777 777 4487 778 778 4488 794 794 4489 795 795 4490 795 795 4491 779 779 4492 778 778 4493 779 779 4494 795 795 4495 796 796 4496 796 796 4497 780 780 4498 779 779 4499 780 780 4500 796 796 4501 797 797 4502 797 797 4503 781 781 4504 780 780 4505 781 781 4506 797 797 4507 798 798 4508 798 798 4509 782 782 4510 781 781 4511 782 782 4512 798 798 4513 799 799 4514 799 799 4515 783 783 4516 782 782 4517 783 783 4518 799 799 4519 800 800 4520 800 800 4521 784 784 4522 783 783 4523 784 784 4524 800 800 4525 801 801 4526 801 801 4527 785 785 4528 784 784 4529 785 785 4530 801 801 4531 802 802 4532 802 802 4533 786 786 4534 785 785 4535 786 786 4536 802 802 4537 803 803 4538 803 803 4539 787 787 4540 786 786 4541 787 787 4542 803 803 4543 804 804 4544 804 804 4545 788 788 4546 787 787 4547 788 788 4548 804 804 4549 805 805 4550 805 805 4551 789 789 4552 788 788 4553 789 789 4554 805 805 4555 790 790 4556 790 790 4557 774 774 4558 789 789 4559 790 790 4560 806 806 4561 807 807 4562 807 807 4563 791 791 4564 790 790 4565 791 791 4566 807 807 4567 808 808 4568 808 808 4569 792 792 4570 791 791 4571 792 792 4572 808 808 4573 809 809 4574 809 809 4575 793 793 4576 792 792 4577 793 793 4578 809 809 4579 810 810 4580 810 810 4581 794 794 4582 793 793 4583 794 794 4584 810 810 4585 811 811 4586 811 811 4587 795 795 4588 794 794 4589 795 795 4590 811 811 4591 812 812 4592 812 812 4593 796 796 4594 795 795 4595 796 796 4596 812 812 4597 813 813 4598 813 813 4599 797 797 4600 796 796 4601 797 797 4602 813 813 4603 814 814 4604 814 814 4605 798 798 4606 797 797 4607 798 798 4608 814 814 4609 815 815 4610 815 815 4611 799 799 4612 798 798 4613 799 799 4614 815 815 4615 816 816 4616 816 816 4617 800 800 4618 799 799 4619 800 800 4620 816 816 4621 817 817 4622 817 817 4623 801 801 4624 800 800 4625 801 801 4626 817 817 4627 818 818 4628 818 818 4629 802 802 4630 801 801 4631 802 802 4632 818 818 4633 819 819 4634 819 819 4635 803 803 4636 802 802 4637 803 803 4638 819 819 4639 820 820 4640 820 820 4641 804 804 4642 803 803 4643 804 804 4644 820 820 4645 821 821 4646 821 821 4647 805 805 4648 804 804 4649 805 805 4650 821 821 4651 806 806 4652 806 806 4653 790 790 4654 805 805 4655 822 822 4656 807 807 4657 806 806 4658 822 822 4659 808 808 4660 807 807 4661 822 822 4662 809 809 4663 808 808 4664 822 822 4665 810 810 4666 809 809 4667 822 822 4668 811 811 4669 810 810 4670 822 822 4671 812 812 4672 811 811 4673 822 822 4674 813 813 4675 812 812 4676 822 822 4677 814 814 4678 813 813 4679 822 822 4680 815 815 4681 814 814 4682 822 822 4683 816 816 4684 815 815 4685 822 822 4686 817 817 4687 816 816 4688 822 822 4689 818 818 4690 817 817 4691 822 822 4692 819 819 4693 818 818 4694 822 822 4695 820 820 4696 819 819 4697 822 822 4698 821 821 4699 820 820 4700 822 822 4701 806 806 4702 821 821 4703 842 823 4704 869 824 4705 827 825 4706 830 826 4707 825 827 4708 860 828 4709 844 829 4710 864 830 4711 845 831 4712 826 832 4713 828 833 4714 848 834 4715 848 834 4716 828 833 4717 829 835 4718 828 833 4719 843 836 4720 824 837 4721 840 838 4722 823 839 4723 858 840 4724 881 841 4725 828 833 4726 826 832 4727 840 838 4728 856 842 4729 823 839 4730 840 838 4731 847 843 4732 854 844 4733 864 830 4734 829 835 4735 845 831 4736 880 845 4737 837 846 4738 831 847 4739 825 827 4740 859 848 4741 860 828 4742 832 849 4743 880 845 4744 831 847 4745 832 849 4746 831 847 4747 866 850 4748 849 851 4749 855 852 4750 835 853 4751 874 854 4752 877 855 4753 831 847 4754 848 834 4755 846 856 4756 844 829 4757 843 836 4758 844 829 4759 845 831 4760 826 832 4761 863 857 4762 881 841 4763 872 858 4764 845 831 4765 829 835 4766 845 831 4767 872 858 4768 824 837 4769 827 825 4770 850 859 4771 853 860 4772 848 834 4773 829 835 4774 846 856 4775 827 825 4776 869 824 4777 852 861 4778 871 862 4779 852 861 4780 869 824 4781 878 863 4782 841 864 4783 867 865 4784 830 826 4785 879 866 4786 825 827 4787 848 834 4788 863 857 4789 826 832 4790 823 839 4791 873 867 4792 841 864 4793 853 860 4794 850 859 4795 865 868 4796 849 851 4797 835 853 4798 852 861 4799 862 869 4800 867 865 4801 851 870 4802 856 842 4803 838 871 4804 823 839 4805 850 859 4806 827 825 4807 852 861 4808 850 859 4809 852 861 4810 865 868 4811 847 843 4812 840 838 4813 878 863 4814 862 869 4815 878 863 4816 867 865 4817 832 849 4818 834 872 4819 868 873 4820 853 860 4821 842 823 4822 827 825 4823 853 860 4824 865 868 4825 875 874 4826 851 870 4827 854 844 4828 862 869 4829 840 838 4830 854 844 4831 856 842 4832 836 875 4833 830 826 4834 839 876 4835 869 824 4836 842 823 4837 855 852 4838 842 823 4839 853 860 4840 875 874 4841 856 842 4842 851 870 4843 867 865 4844 854 844 4845 851 870 4846 856 842 4847 830 826 4848 836 875 4849 879 866 4850 859 848 4851 836 875 4852 861 877 4853 878 863 4854 823 839 4855 841 864 4856 876 878 4857 836 875 4858 859 848 4859 857 879 4860 859 848 4861 825 827 4862 860 828 4863 859 848 4864 861 877 4865 839 876 4866 830 826 4867 860 828 4868 837 846 4869 833 880 4870 874 854 4871 874 854 4872 833 880 4873 877 855 4874 824 837 4875 843 836 4876 845 831 4877 861 877 4878 839 876 4879 860 828 4880 836 875 4881 839 876 4882 861 877 4883 862 869 4884 854 844 4885 847 843 4886 862 869 4887 847 843 4888 878 863 4889 843 836 4890 863 857 4891 844 829 4892 863 857 4893 848 834 4894 844 829 4895 844 829 4896 846 856 4897 864 830 4898 846 856 4899 829 835 4900 864 830 4901 835 853 4902 865 868 4903 852 861 4904 855 852 4905 865 868 4906 835 853 4907 834 872 4908 832 849 4909 866 850 4910 833 880 4911 834 872 4912 870 881 4913 867 865 4914 838 871 4915 856 842 4916 838 871 4917 873 867 4918 823 839 4919 868 873 4920 834 872 4921 833 880 4922 868 873 4923 833 880 4924 837 846 4925 855 852 4926 849 851 4927 869 824 4928 849 851 4929 852 861 4930 871 862 4931 834 872 4932 866 850 4933 870 881 4934 866 850 4935 831 847 4936 877 855 4937 869 824 4938 849 851 4939 871 862 4940 829 835 4941 828 833 4942 872 858 4943 828 833 4944 824 837 4945 872 858 4946 873 867 4947 867 865 4948 841 864 4949 867 865 4950 873 867 4951 838 871 4952 831 847 4953 837 846 4954 874 854 4955 875 874 4956 865 868 4957 855 852 4958 855 852 4959 842 823 4960 875 874 4961 876 878 4962 859 848 4963 857 879 4964 879 866 4965 857 879 4966 825 827 4967 833 880 4968 870 881 4969 877 855 4970 866 850 4971 877 855 4972 870 881 4973 840 838 4974 858 840 4975 878 863 4976 858 840 4977 823 839 4978 878 863 4979 836 875 4980 876 878 4981 879 866 4982 876 878 4983 857 879 4984 879 866 4985 832 849 4986 868 873 4987 880 845 4988 868 873 4989 837 846 4990 880 845 4991 828 833 4992 881 841 4993 843 836 4994 863 857 4995 843 836 4996 881 841 4997 883 882 4998 885 883 4999 886 884 5000 886 884 5001 882 885 5002 883 882 5003 890 886 5004 889 887 5005 888 888 5006 888 888 5007 884 889 5008 890 886 5009 884 889 5010 888 888 5011 885 883 5012 885 883 5013 883 882 5014 884 889 5015 882 885 5016 886 884 5017 887 890 5018 887 890 5019 892 891 5020 882 885 5021 891 892 5022 893 893 5023 889 887 5024 889 887 5025 890 886 5026 891 892 5027 892 891 5028 887 890 5029 893 893 5030 893 893 5031 891 892 5032 892 891 5033 895 894 5034 897 895 5035 898 896 5036 898 896 5037 894 897 5038 895 894 5039 902 898 5040 901 899 5041 900 900 5042 900 900 5043 896 901 5044 902 898 5045 896 901 5046 900 900 5047 897 895 5048 897 895 5049 895 894 5050 896 901 5051 894 897 5052 898 896 5053 899 902 5054 899 902 5055 904 903 5056 894 897 5057 903 904 5058 905 905 5059 901 899 5060 901 899 5061 902 898 5062 903 904 5063 904 903 5064 899 902 5065 905 905 5066 905 905 5067 903 904 5068 904 903 5069 901 899 5070 905 905 5071 899 902 5072 901 899 5073 899 902 5074 898 896 5075 900 900 5076 901 899 5077 898 896 5078 897 895 5079 900 900 5080 898 896 5081 889 887 5082 893 893 5083 887 890 5084 889 887 5085 887 890 5086 886 884 5087 888 888 5088 889 887 5089 886 884 5090 885 883 5091 888 888 5092 886 884 5093 909 906 5094 908 907 5095 907 908 5096 907 908 5097 906 909 5098 909 906 5099 913 910 5100 912 911 5101 911 912 5102 911 912 5103 910 913 5104 913 910 5105 910 913 5106 915 914 5107 914 915 5108 914 915 5109 913 910 5110 910 913 5111 912 911 5112 908 907 5113 909 906 5114 909 906 5115 911 912 5116 912 911 5117 914 915 5118 915 914 5119 906 909 5120 906 909 5121 907 908 5122 914 915 5123 906 909 5124 917 916 5125 916 917 5126 916 917 5127 909 906 5128 906 909 5129 918 918 5130 911 912 5131 909 906 5132 909 906 5133 916 917 5134 918 918 5135 919 919 5136 910 913 5137 911 912 5138 911 912 5139 918 918 5140 919 919 5141 915 914 5142 910 913 5143 919 919 5144 919 919 5145 920 920 5146 915 914 5147 915 914 5148 920 920 5149 917 916 5150 917 916 5151 906 909 5152 915 914 5153 907 908 5154 908 907 5155 921 921 5156 921 921 5157 922 922 5158 907 908 5159 914 915 5160 907 908 5161 922 922 5162 922 922 5163 923 923 5164 914 915 5165 914 915 5166 923 923 5167 924 924 5168 924 924 5169 913 910 5170 914 915 5171 925 925 5172 912 911 5173 913 910 5174 913 910 5175 924 924 5176 925 925 5177 921 921 5178 908 907 5179 912 911 5180 912 911 5181 925 925 5182 921 921 5183 929 926 5184 928 927 5185 927 928 5186 927 928 5187 926 929 5188 929 926 5189 929 926 5190 926 929 5191 931 930 5192 931 930 5193 930 931 5194 929 926 5195 930 931 5196 931 930 5197 933 932 5198 933 932 5199 932 933 5200 930 931 5201 937 934 5202 936 935 5203 935 936 5204 935 936 5205 934 937 5206 937 934 5207 939 938 5208 937 934 5209 934 937 5210 934 937 5211 938 939 5212 939 938 5213 941 940 5214 940 941 5215 939 938 5216 939 938 5217 938 939 5218 941 940 5219 928 927 5220 929 926 5221 934 937 5222 934 937 5223 935 936 5224 928 927 5225 927 928 5226 928 927 5227 935 936 5228 935 936 5229 936 935 5230 927 928 5231 931 930 5232 926 929 5233 937 934 5234 937 934 5235 939 938 5236 931 930 5237 933 932 5238 931 930 5239 939 938 5240 939 938 5241 940 941 5242 933 932 5243 927 928 5244 936 935 5245 937 934 5246 937 934 5247 926 929 5248 927 928 5249 930 931 5250 938 939 5251 934 937 5252 934 937 5253 929 926 5254 930 931 5255 938 939 5256 930 931 5257 932 933 5258 932 933 5259 941 940 5260 938 939 5261 941 940 5262 932 933 5263 933 932 5264 933 932 5265 940 941 5266 941 940 5267 944 942 5268 943 943 5269 942 944 5270 942 944 5271 945 945 5272 944 942 5273 948 946 5274 947 947 5275 946 948 5276 946 948 5277 949 949 5278 948 946 5279 953 950 5280 952 951 5281 951 952 5282 951 952 5283 950 953 5284 953 950 5285 957 954 5286 956 955 5287 955 956 5288 955 956 5289 954 957 5290 957 954 5291 953 950 5292 956 955 5293 957 954 5294 957 954 5295 952 951 5296 953 950 5297 951 952 5298 954 957 5299 955 956 5300 955 956 5301 950 953 5302 951 952 5303 951 952 5304 952 951 5305 958 958 5306 958 958 5307 959 959 5308 951 952 5309 960 960 5310 953 950 5311 950 953 5312 950 953 5313 961 961 5314 960 960 5315 964 962 5316 963 963 5317 962 964 5318 962 964 5319 965 965 5320 964 962 5321 967 966 5322 966 967 5323 960 960 5324 960 960 5325 961 961 5326 967 966 5327 942 944 5328 957 954 5329 954 957 5330 954 957 5331 945 945 5332 942 944 5333 955 956 5334 956 955 5335 968 968 5336 968 968 5337 969 969 5338 955 956 5339 948 946 5340 943 943 5341 944 942 5342 944 942 5343 947 947 5344 948 946 5345 968 968 5346 949 949 5347 946 948 5348 946 948 5349 969 969 5350 968 968 5351 945 945 5352 954 957 5353 951 952 5354 951 952 5355 959 959 5356 945 945 5357 969 969 5358 961 961 5359 950 953 5360 950 953 5361 955 956 5362 969 969 5363 963 963 5364 943 943 5365 948 946 5366 948 946 5367 962 964 5368 963 963 5369 947 947 5370 944 942 5371 964 962 5372 964 962 5373 965 965 5374 947 947 5375 966 967 5376 949 949 5377 968 968 5378 968 968 5379 960 960 5380 966 967 5381 967 966 5382 961 961 5383 969 969 5384 969 969 5385 946 948 5386 967 966 5387 942 944 5388 943 943 5389 963 963 5390 963 963 5391 958 958 5392 942 944 5393 948 946 5394 949 949 5395 966 967 5396 966 967 5397 962 964 5398 948 946 5399 942 944 5400 958 958 5401 952 951 5402 952 951 5403 957 954 5404 942 944 5405 958 958 5406 963 963 5407 964 962 5408 964 962 5409 959 959 5410 958 958 5411 967 966 5412 965 965 5413 962 964 5414 962 964 5415 966 967 5416 967 966 5417 945 945 5418 959 959 5419 964 962 5420 964 962 5421 944 942 5422 945 945 5423 946 948 5424 947 947 5425 965 965 5426 965 965 5427 967 966 5428 946 948 5429 953 950 5430 960 960 5431 968 968 5432 968 968 5433 956 955 5434 953 950 5435 972 970 5436 973 971 5437 970 972 5438 970 972 5439 971 973 5440 972 970 5441 976 974 5442 977 975 5443 974 976 5444 974 976 5445 975 977 5446 976 974 5447 974 976 5448 977 975 5449 979 978 5450 979 978 5451 978 979 5452 974 976 5453 973 971 5454 976 974 5455 975 977 5456 975 977 5457 970 972 5458 973 971 5459 980 980 5460 981 981 5461 975 977 5462 975 977 5463 974 976 5464 980 980 5465 980 980 5466 974 976 5467 978 979 5468 978 979 5469 982 982 5470 980 980 5471 984 983 5472 985 984 5473 971 973 5474 971 973 5475 983 985 5476 984 983 5477 986 986 5478 983 985 5479 971 973 5480 971 973 5481 970 972 5482 986 986 5483 970 972 5484 975 977 5485 981 981 5486 981 981 5487 986 986 5488 970 972 5489 988 987 5490 989 988 5491 990 989 5492 990 989 5493 987 990 5494 988 987 5495 990 989 5496 992 991 5497 991 992 5498 991 992 5499 987 990 5500 990 989 5501 991 992 5502 992 991 5503 993 993 5504 993 993 5505 994 994 5506 991 992 5507 994 994 5508 993 993 5509 995 995 5510 995 995 5511 996 996 5512 994 994 5513 998 997 5514 994 994 5515 996 996 5516 996 996 5517 997 998 5518 998 997 5519 999 999 5520 991 992 5521 994 994 5522 994 994 5523 998 997 5524 999 999 5525 1000 1000 5526 987 990 5527 991 992 5528 991 992 5529 999 999 5530 1000 1000 5531 988 987 5532 987 990 5533 1000 1000 5534 1000 1000 5535 1001 1001 5536 988 987 5537 997 998 5538 1003 1002 5539 1002 1003 5540 1002 1003 5541 998 997 5542 997 998 5543 998 997 5544 1002 1003 5545 1004 1004 5546 1004 1004 5547 999 999 5548 998 997 5549 999 999 5550 1004 1004 5551 1005 1005 5552 1005 1005 5553 1000 1000 5554 999 999 5555 1000 1000 5556 1005 1005 5557 1006 1006 5558 1006 1006 5559 1001 1001 5560 1000 1000 5561 1008 1007 5562 983 985 5563 986 986 5564 986 986 5565 1007 1008 5566 1008 1007 5567 1010 1009 5568 1008 1007 5569 1007 1008 5570 1007 1008 5571 1009 1010 5572 1010 1009 5573 1007 1008 5574 986 986 5575 1011 1011 5576 1011 1011 5577 1012 1012 5578 1007 1008 5579 1009 1010 5580 1007 1008 5581 1012 1012 5582 1012 1012 5583 1013 1013 5584 1009 1010 5585 1012 1012 5586 1014 1014 5587 1013 1013 5588 1015 1015 5589 1016 1016 5590 1017 1017 5591 1019 1018 5592 1015 1015 5593 1017 1017 5594 1017 1017 5595 1018 1019 5596 1019 1018 5597 1021 1020 5598 1006 1006 5599 1005 1005 5600 1005 1005 5601 1020 1021 5602 1021 1020 5603 980 980 5604 982 982 5605 1019 1018 5606 1019 1018 5607 1022 1022 5608 980 980 5609 1022 1022 5610 1019 1018 5611 1018 1019 5612 1018 1019 5613 1023 1023 5614 1022 1022 5615 1023 1023 5616 1018 1019 5617 1021 1020 5618 1021 1020 5619 1020 1021 5620 1023 1023 5621 1020 1021 5622 1005 1005 5623 1004 1004 5624 1004 1004 5625 1024 1024 5626 1020 1021 5627 1025 1025 5628 981 981 5629 980 980 5630 980 980 5631 1022 1022 5632 1025 1025 5633 1011 1011 5634 986 986 5635 981 981 5636 981 981 5637 1025 1025 5638 1011 1011 5639 1012 1012 5640 1011 1011 5641 1026 1026 5642 1026 1026 5643 1014 1014 5644 1012 1012 5645 1011 1011 5646 1025 1025 5647 1027 1027 5648 1027 1027 5649 1026 1026 5650 1011 1011 5651 1003 1002 5652 1029 1028 5653 1028 1029 5654 1028 1029 5655 1002 1003 5656 1003 1002 5657 1028 1029 5658 1029 1028 5659 1026 1026 5660 1026 1026 5661 1027 1027 5662 1028 1029 5663 1024 1024 5664 1004 1004 5665 1002 1003 5666 1002 1003 5667 1028 1029 5668 1024 1024 5669 1027 1027 5670 1024 1024 5671 1028 1029 5672 1025 1025 5673 1022 1022 5674 1023 1023 5675 1023 1023 5676 1027 1027 5677 1025 1025 5678 1023 1023 5679 1020 1021 5680 1024 1024 5681 1024 1024 5682 1027 1027 5683 1023 1023 5684 1031 1030 5685 1010 1009 5686 1009 1010 5687 1009 1010 5688 1030 1031 5689 1031 1030 5690 1021 1020 5691 1018 1019 5692 1032 1032 5693 1032 1032 5694 1033 1033 5695 1021 1020 5696 1006 1006 5697 1021 1020 5698 1033 1033 5699 1033 1033 5700 1034 1034 5701 1006 1006 5702 1001 1001 5703 1006 1006 5704 1034 1034 5705 1034 1034 5706 1035 1035 5707 1001 1001 5708 988 987 5709 1001 1001 5710 1035 1035 5711 1035 1035 5712 1036 1036 5713 988 987 5714 989 988 5715 988 987 5716 1036 1036 5717 1036 1036 5718 1037 1037 5719 989 988 5720 972 970 5721 971 973 5722 985 984 5723 985 984 5724 1038 1038 5725 972 970 5726 1015 1015 5727 1019 1018 5728 982 982 5729 982 982 5730 1039 1039 5731 1015 1015 5732 1042 1040 5733 1043 1041 5734 1040 1042 5735 1040 1042 5736 1041 1043 5737 1042 1040 5738 1038 1038 5739 985 984 5740 1041 1043 5741 1041 1043 5742 1040 1042 5743 1038 1038 5744 978 979 5745 979 978 5746 1043 1041 5747 1043 1041 5748 1042 1040 5749 978 979 5750 982 982 5751 978 979 5752 1042 1040 5753 1042 1040 5754 1039 1039 5755 982 982 5756 1041 1043 5757 1044 1044 5758 1039 1039 5759 1039 1039 5760 1042 1040 5761 1041 1043 5762 985 984 5763 984 983 5764 1044 1044 5765 1044 1044 5766 1041 1043 5767 985 984 5768 984 983 5769 983 985 5770 1008 1007 5771 1008 1007 5772 1045 1045 5773 984 983 5774 1046 1046 5775 1044 1044 5776 984 983 5777 984 983 5778 1045 1045 5779 1046 1046 5780 1046 1046 5781 1015 1015 5782 1039 1039 5783 1039 1039 5784 1044 1044 5785 1046 1046 5786 1048 1047 5787 1046 1046 5788 1045 1045 5789 1045 1045 5790 1047 1048 5791 1048 1047 5792 1016 1016 5793 1015 1015 5794 1046 1046 5795 1046 1046 5796 1048 1047 5797 1016 1016 5798 1010 1009 5799 1031 1030 5800 1049 1049 5801 1049 1049 5802 1047 1048 5803 1010 1009 5804 1047 1048 5805 1049 1049 5806 1050 1050 5807 1050 1050 5808 1048 1047 5809 1047 1048 5810 1008 1007 5811 1010 1009 5812 1047 1048 5813 1047 1048 5814 1045 1045 5815 1008 1007 5816 1052 1051 5817 1050 1050 5818 1049 1049 5819 1049 1049 5820 1051 1052 5821 1052 1051 5822 1051 1052 5823 1049 1049 5824 1031 1030 5825 1031 1030 5826 1181 1053 5827 1051 1052 5828 1055 1054 5829 1056 1055 5830 1053 1056 5831 1053 1056 5832 1054 1057 5833 1055 1054 5834 1053 1056 5835 1058 1058 5836 1057 1059 5837 1057 1059 5838 1054 1057 5839 1053 1056 5840 1059 1060 5841 1060 1061 5842 1056 1055 5843 1056 1055 5844 1055 1054 5845 1059 1060 5846 1061 1062 5847 1062 1063 5848 1060 1061 5849 1060 1061 5850 1059 1060 5851 1061 1062 5852 1065 1064 5853 1066 1065 5854 1063 1066 5855 1063 1066 5856 1064 1067 5857 1065 1064 5858 1064 1067 5859 1062 1063 5860 1061 1062 5861 1061 1062 5862 1065 1064 5863 1064 1067 5864 1066 1065 5865 1068 1068 5866 1067 1069 5867 1067 1069 5868 1063 1066 5869 1066 1065 5870 1068 1068 5871 1057 1059 5872 1058 1058 5873 1058 1058 5874 1067 1069 5875 1068 1068 5876 1070 1070 5877 1055 1054 5878 1054 1057 5879 1054 1057 5880 1069 1071 5881 1070 1070 5882 1071 1072 5883 1072 1073 5884 1070 1070 5885 1070 1070 5886 1069 1071 5887 1071 1072 5888 1054 1057 5889 1057 1059 5890 1073 1074 5891 1073 1074 5892 1069 1071 5893 1054 1057 5894 1073 1074 5895 1074 1075 5896 1071 1072 5897 1071 1072 5898 1069 1071 5899 1073 1074 5900 1075 1076 5901 1059 1060 5902 1055 1054 5903 1055 1054 5904 1070 1070 5905 1075 1076 5906 1076 1077 5907 1077 1078 5908 1075 1076 5909 1075 1076 5910 1070 1070 5911 1076 1077 5912 1072 1073 5913 1078 1079 5914 1076 1077 5915 1076 1077 5916 1070 1070 5917 1072 1073 5918 1057 1059 5919 1068 1068 5920 1079 1080 5921 1079 1080 5922 1073 1074 5923 1057 1059 5924 1080 1081 5925 1074 1075 5926 1073 1074 5927 1073 1074 5928 1079 1080 5929 1080 1081 5930 1066 1065 5931 1065 1064 5932 1081 1082 5933 1081 1082 5934 1082 1083 5935 1066 1065 5936 1081 1082 5937 1084 1084 5938 1083 1085 5939 1083 1085 5940 1082 1083 5941 1081 1082 5942 1068 1068 5943 1066 1065 5944 1082 1083 5945 1082 1083 5946 1079 1080 5947 1068 1068 5948 1082 1083 5949 1083 1085 5950 1080 1081 5951 1080 1081 5952 1079 1080 5953 1082 1083 5954 1065 1064 5955 1061 1062 5956 1085 1086 5957 1085 1086 5958 1081 1082 5959 1065 1064 5960 1085 1086 5961 1086 1087 5962 1084 1084 5963 1084 1084 5964 1081 1082 5965 1085 1086 5966 1059 1060 5967 1075 1076 5968 1085 1086 5969 1085 1086 5970 1061 1062 5971 1059 1060 5972 1085 1086 5973 1075 1076 5974 1077 1078 5975 1077 1078 5976 1086 1087 5977 1085 1086 5978 1076 1077 5979 1088 1088 5980 1087 1089 5981 1087 1089 5982 1077 1078 5983 1076 1077 5984 1089 1090 5985 1086 1087 5986 1077 1078 5987 1077 1078 5988 1087 1089 5989 1089 1090 5990 1078 1079 5991 1090 1091 5992 1088 1088 5993 1088 1088 5994 1076 1077 5995 1078 1079 5996 1091 1092 5997 1084 1084 5998 1086 1087 5999 1086 1087 6000 1089 1090 6001 1091 1092 6002 1092 1093 6003 1083 1085 6004 1084 1084 6005 1084 1084 6006 1091 1092 6007 1092 1093 6008 1083 1085 6009 1092 1093 6010 1093 1094 6011 1093 1094 6012 1094 1095 6013 1080 1081 6014 1080 1081 6015 1083 1085 6016 1093 1094 6017 1095 1096 6018 1096 1097 6019 1071 1072 6020 1071 1072 6021 1074 1075 6022 1095 1096 6023 1094 1095 6024 1095 1096 6025 1074 1075 6026 1074 1075 6027 1080 1081 6028 1094 1095 6029 1096 1097 6030 1097 1098 6031 1072 1073 6032 1072 1073 6033 1071 1072 6034 1096 1097 6035 1097 1098 6036 1098 1099 6037 1078 1079 6038 1078 1079 6039 1072 1073 6040 1097 1098 6041 1098 1099 6042 1090 1091 6043 1078 1079 6044 1088 1088 6045 1100 1100 6046 1099 1101 6047 1099 1101 6048 1087 1089 6049 1088 1088 6050 1102 1102 6051 1103 1103 6052 1100 1100 6053 1100 1100 6054 1101 1104 6055 1102 1102 6056 1106 1105 6057 1107 1106 6058 1104 1107 6059 1104 1107 6060 1105 1108 6061 1106 1105 6062 1105 1108 6063 1104 1107 6064 1103 1103 6065 1103 1103 6066 1102 1102 6067 1105 1108 6068 1110 1109 6069 1107 1106 6070 1108 1110 6071 1108 1110 6072 1109 1111 6073 1110 1109 6074 1107 1106 6075 1110 1109 6076 1111 1112 6077 1111 1112 6078 1104 1107 6079 1107 1106 6080 1109 1111 6081 1113 1113 6082 1112 1114 6083 1112 1114 6084 1110 1109 6085 1109 1111 6086 1110 1109 6087 1112 1114 6088 1114 1115 6089 1114 1115 6090 1111 1112 6091 1110 1109 6092 1112 1114 6093 1113 1113 6094 1115 1116 6095 1115 1116 6096 1116 1117 6097 1112 1114 6098 1112 1114 6099 1116 1117 6100 1117 1118 6101 1117 1118 6102 1114 1115 6103 1112 1114 6104 1115 1116 6105 1119 1119 6106 1118 1120 6107 1118 1120 6108 1116 1117 6109 1115 1116 6110 1118 1120 6111 1120 1121 6112 1117 1118 6113 1117 1118 6114 1116 1117 6115 1118 1120 6116 1121 1122 6117 1122 1123 6118 1117 1118 6119 1117 1118 6120 1120 1121 6121 1121 1122 6122 1122 1123 6123 1123 1124 6124 1114 1115 6125 1114 1115 6126 1117 1118 6127 1122 1123 6128 1123 1124 6129 1124 1125 6130 1111 1112 6131 1111 1112 6132 1114 1115 6133 1123 1124 6134 1124 1125 6135 1103 1103 6136 1104 1107 6137 1104 1107 6138 1111 1112 6139 1124 1125 6140 1103 1103 6141 1124 1125 6142 1099 1101 6143 1099 1101 6144 1100 1100 6145 1103 1103 6146 1124 1125 6147 1123 1124 6148 1125 1126 6149 1125 1126 6150 1099 1101 6151 1124 1125 6152 1123 1124 6153 1122 1123 6154 1126 1127 6155 1126 1127 6156 1125 1126 6157 1123 1124 6158 1121 1122 6159 1127 1128 6160 1126 1127 6161 1126 1127 6162 1122 1123 6163 1121 1122 6164 1099 1101 6165 1125 1126 6166 1087 1089 6167 1125 1126 6168 1126 1127 6169 1089 1090 6170 1089 1090 6171 1087 1089 6172 1125 1126 6173 1127 1128 6174 1091 1092 6175 1089 1090 6176 1089 1090 6177 1126 1127 6178 1127 1128 6179 1096 1097 6180 1095 1096 6181 1128 1129 6182 1128 1129 6183 1129 1130 6184 1096 1097 6185 1128 1129 6186 1095 1096 6187 1094 1095 6188 1094 1095 6189 1130 1131 6190 1128 1129 6191 1131 1132 6192 1182 1133 6193 1129 1130 6194 1129 1130 6195 1128 1129 6196 1131 1132 6197 1132 1134 6198 1133 1135 6199 1098 1099 6200 1098 1099 6201 1097 1098 6202 1132 1134 6203 1129 1130 6204 1132 1134 6205 1097 1098 6206 1097 1098 6207 1096 1097 6208 1129 1130 6209 1132 1134 6210 1129 1130 6211 1182 1133 6212 1182 1133 6213 1183 1136 6214 1132 1134 6215 1107 1106 6216 1106 1105 6217 1134 1137 6218 1134 1137 6219 1108 1110 6220 1107 1106 6221 996 996 6222 995 995 6223 1135 1138 6224 1135 1138 6225 1136 1139 6226 996 996 6227 997 998 6228 996 996 6229 1136 1139 6230 1136 1139 6231 1137 1140 6232 997 998 6233 1139 1141 6234 1134 1137 6235 1106 1105 6236 1106 1105 6237 1138 1142 6238 1139 1141 6239 1136 1139 6240 1135 1138 6241 1139 1141 6242 1139 1141 6243 1138 1142 6244 1136 1139 6245 1003 1002 6246 997 998 6247 1137 1140 6248 1137 1140 6249 1140 1143 6250 1003 1002 6251 1138 1142 6252 1106 1105 6253 1105 1108 6254 1105 1108 6255 1141 1144 6256 1138 1142 6257 1137 1140 6258 1136 1139 6259 1138 1142 6260 1138 1142 6261 1141 1144 6262 1137 1140 6263 1029 1028 6264 1003 1002 6265 1140 1143 6266 1140 1143 6267 1142 1145 6268 1029 1028 6269 1143 1146 6270 1026 1026 6271 1029 1028 6272 1029 1028 6273 1142 1145 6274 1143 1146 6275 1141 1144 6276 1105 1108 6277 1102 1102 6278 1102 1102 6279 1144 1147 6280 1141 1144 6281 1140 1143 6282 1137 1140 6283 1141 1144 6284 1141 1144 6285 1144 1147 6286 1140 1143 6287 1100 1100 6288 1088 1088 6289 1145 1148 6290 1145 1148 6291 1101 1104 6292 1100 1100 6293 1144 1147 6294 1102 1102 6295 1101 1104 6296 1101 1104 6297 1146 1149 6298 1144 1147 6299 1142 1145 6300 1140 1143 6301 1144 1147 6302 1144 1147 6303 1146 1149 6304 1142 1145 6305 1143 1146 6306 1142 1145 6307 1146 1149 6308 1146 1149 6309 1147 1150 6310 1143 1146 6311 1146 1149 6312 1101 1104 6313 1145 1148 6314 1145 1148 6315 1147 1150 6316 1146 1149 6317 1030 1031 6318 1009 1010 6319 1013 1013 6320 1013 1013 6321 1148 1151 6322 1030 1031 6323 1181 1053 6324 1031 1030 6325 1030 1031 6326 1030 1031 6327 1184 1152 6328 1181 1053 6329 1148 1151 6330 1013 1013 6331 1014 1014 6332 1014 1014 6333 1149 1153 6334 1148 1151 6335 1014 1014 6336 1026 1026 6337 1143 1146 6338 1143 1146 6339 1149 1153 6340 1014 1014 6341 1184 1152 6342 1030 1031 6343 1148 1151 6344 1148 1151 6345 1185 1154 6346 1184 1152 6347 1150 1155 6348 1185 1154 6349 1148 1151 6350 1148 1151 6351 1149 1153 6352 1150 1155 6353 1145 1148 6354 1088 1088 6355 1090 1091 6356 1090 1091 6357 1151 1156 6358 1145 1148 6359 1090 1091 6360 1098 1099 6361 1133 1135 6362 1133 1135 6363 1151 1156 6364 1090 1091 6365 1143 1146 6366 1147 1150 6367 1152 1157 6368 1152 1157 6369 1149 1153 6370 1143 1146 6371 1145 1148 6372 1151 1156 6373 1152 1157 6374 1152 1157 6375 1147 1150 6376 1145 1148 6377 1150 1155 6378 1149 1153 6379 1152 1157 6380 1154 1158 6381 1118 1120 6382 1119 1119 6383 1119 1119 6384 1153 1159 6385 1154 1158 6386 1118 1120 6387 1154 1158 6388 1155 1160 6389 1155 1160 6390 1120 1121 6391 1118 1120 6392 1037 1037 6393 1036 1036 6394 1156 1161 6395 1156 1161 6396 1157 1162 6397 1037 1037 6398 1154 1158 6399 1153 1159 6400 1157 1162 6401 1157 1162 6402 1156 1161 6403 1154 1158 6404 1120 1121 6405 1155 1160 6406 1158 1163 6407 1158 1163 6408 1121 1122 6409 1120 1121 6410 1036 1036 6411 1035 1035 6412 1159 1164 6413 1159 1164 6414 1156 1161 6415 1036 1036 6416 1155 1160 6417 1154 1158 6418 1156 1161 6419 1156 1161 6420 1159 1164 6421 1155 1160 6422 1161 1165 6423 1091 1092 6424 1127 1128 6425 1127 1128 6426 1160 1166 6427 1161 1165 6428 1121 1122 6429 1158 1163 6430 1160 1166 6431 1160 1166 6432 1127 1128 6433 1121 1122 6434 1035 1035 6435 1034 1034 6436 1162 1167 6437 1162 1167 6438 1159 1164 6439 1035 1035 6440 1163 1168 6441 1160 1166 6442 1158 1163 6443 1158 1163 6444 1162 1167 6445 1163 1168 6446 1155 1160 6447 1159 1164 6448 1162 1167 6449 1162 1167 6450 1158 1163 6451 1155 1160 6452 1034 1034 6453 1033 1033 6454 1163 1168 6455 1163 1168 6456 1162 1167 6457 1034 1034 6458 1033 1033 6459 1032 1032 6460 1164 1169 6461 1164 1169 6462 1163 1168 6463 1033 1033 6464 1164 1169 6465 1161 1165 6466 1160 1166 6467 1160 1166 6468 1163 1168 6469 1164 1169 6470 1130 1131 6471 1094 1095 6472 1093 1094 6473 1093 1094 6474 1169 1170 6475 1130 1131 6476 1016 1016 6477 1048 1047 6478 1050 1050 6479 1050 1050 6480 1171 1171 6481 1016 1016 6482 1173 1172 6483 1131 1132 6484 1128 1129 6485 1128 1129 6486 1130 1131 6487 1173 1172 6488 1091 1092 6489 1161 1165 6490 1174 1173 6491 1174 1173 6492 1092 1093 6493 1091 1092 6494 1174 1173 6495 1161 1165 6496 1164 1169 6497 1164 1169 6498 1175 1174 6499 1174 1173 6500 1093 1094 6501 1092 1093 6502 1174 1173 6503 1174 1173 6504 1169 1170 6505 1093 1094 6506 1176 1175 6507 1169 1170 6508 1174 1173 6509 1175 1174 6510 1177 1176 6511 1176 1175 6512 1176 1175 6513 1174 1173 6514 1175 1174 6515 1178 1177 6516 1032 1032 6517 1018 1019 6518 1018 1019 6519 1017 1017 6520 1178 1177 6521 1175 1174 6522 1164 1169 6523 1032 1032 6524 1032 1032 6525 1178 1177 6526 1175 1174 6527 1178 1177 6528 1017 1017 6529 1016 1016 6530 1016 1016 6531 1171 1171 6532 1178 1177 6533 1178 1177 6534 1171 1171 6535 1179 1178 6536 1179 1178 6537 1177 1176 6538 1175 1174 6539 1175 1174 6540 1178 1177 6541 1179 1178 6542 1133 1135 6543 1132 1134 6544 1183 1136 6545 1183 1136 6546 1186 1179 6547 1133 1135 6548 1180 1180 6549 1151 1156 6550 1133 1135 6551 1133 1135 6552 1186 1179 6553 1180 1180 6554 1180 1180 6555 1152 1157 6556 1151 1156 6557 1165 1181 6558 1168 1182 6559 1176 1175 6560 1176 1175 6561 1177 1176 6562 1165 1181 6563 1166 1183 6564 1177 1176 6565 1179 1178 6566 1179 1178 6567 1170 1184 6568 1166 1183 6569 1165 1181 6570 1177 1176 6571 1166 1183 6572 1130 1131 6573 1169 1170 6574 1172 1185 6575 1172 1185 6576 1173 1172 6577 1130 1131 6578 1168 1182 6579 1172 1185 6580 1169 1170 6581 1169 1170 6582 1176 1175 6583 1168 1182 6584 1167 1186 6585 1170 1184 6586 1179 1178 6587 1179 1178 6588 1171 1171 6589 1167 1186 6590 1171 1171 6591 1050 1050 6592 1052 1051 6593 1052 1051 6594 1167 1186 6595 1171 1171 6596 1187 1187 6597 1190 1188 6598 1189 1189 6599 1189 1189 6600 1188 1190 6601 1187 1187 6602 1191 1191 6603 1192 1192 6604 1187 1187 6605 1187 1187 6606 1188 1190 6607 1191 1191 6608 1191 1191 6609 1188 1190 6610 1194 1193 6611 1194 1193 6612 1193 1194 6613 1191 1191 6614 1188 1190 6615 1189 1189 6616 1195 1195 6617 1195 1195 6618 1194 1193 6619 1188 1190 6620 1193 1194 6621 1194 1193 6622 1197 1196 6623 1197 1196 6624 1196 1197 6625 1193 1194 6626 1198 1198 6627 1193 1194 6628 1196 1197 6629 1196 1197 6630 1199 1199 6631 1198 1198 6632 1200 1200 6633 1187 1187 6634 1192 1192 6635 1192 1192 6636 1201 1201 6637 1200 1200 6638 1196 1197 6639 1197 1196 6640 1203 1202 6641 1203 1202 6642 1202 1203 6643 1196 1197 6644 1204 1204 6645 1200 1200 6646 1201 1201 6647 1201 1201 6648 1205 1205 6649 1204 1204 6650 1199 1199 6651 1196 1197 6652 1202 1203 6653 1202 1203 6654 1206 1206 6655 1199 1199 6656 1206 1206 6657 1202 1203 6658 1205 1205 6659 1205 1205 6660 1207 1207 6661 1206 1206 6662 1205 1205 6663 1201 1201 6664 1208 1208 6665 1208 1208 6666 1207 1207 6667 1205 1205 6668 1190 1188 6669 1187 1187 6670 1200 1200 6671 1200 1200 6672 1209 1209 6673 1190 1188 6674 1197 1196 6675 1194 1193 6676 1195 1195 6677 1195 1195 6678 1210 1210 6679 1197 1196 6680 1295 1211 6681 1235 1212 6682 1211 1213 6683 1211 1213 6684 1212 1214 6685 1295 1211 6686 1213 1215 6687 1299 1216 6688 1298 1217 6689 1298 1217 6690 1214 1218 6691 1213 1215 6692 1215 1219 6693 1217 1220 6694 1216 1221 6695 1218 1222 6696 1219 1223 6697 1335 1224 6698 1221 1225 6699 1223 1226 6700 1222 1227 6701 1222 1227 6702 1220 1228 6703 1221 1225 6704 1224 1229 6705 1225 1230 6706 1220 1228 6707 1220 1228 6708 1222 1227 6709 1224 1229 6710 1227 1231 6711 1256 1232 6712 1255 1233 6713 1255 1233 6714 1228 1234 6715 1227 1231 6716 1229 1235 6717 1231 1236 6718 1230 1237 6719 1234 1238 6720 1233 1239 6721 1232 1240 6722 1213 1215 6723 1211 1213 6724 1235 1212 6725 1235 1212 6726 1299 1216 6727 1213 1215 6728 1298 1217 6729 1295 1211 6730 1212 1214 6731 1212 1214 6732 1214 1218 6733 1298 1217 6734 1214 1218 6735 1212 1214 6736 1211 1213 6737 1211 1213 6738 1213 1215 6739 1214 1218 6740 1241 1241 6741 1238 1242 6742 1236 1243 6743 1236 1243 6744 1237 1244 6745 1241 1241 6746 1240 1245 6747 1236 1243 6748 1238 1242 6749 1238 1242 6750 1239 1246 6751 1240 1245 6752 1242 1247 6753 1244 1248 6754 1243 1249 6755 1246 1250 6756 1248 1251 6757 1247 1252 6758 1247 1252 6759 1245 1253 6760 1246 1250 6761 1306 1254 6762 1245 1253 6763 1247 1252 6764 1247 1252 6765 1249 1255 6766 1306 1254 6767 1250 1256 6768 1253 1257 6769 1252 1258 6770 1252 1258 6771 1251 1259 6772 1250 1256 6773 1275 1260 6774 1215 1219 6775 1231 1236 6776 1231 1236 6777 1254 1261 6778 1275 1260 6779 1259 1262 6780 1256 1232 6781 1227 1231 6782 1250 1256 6783 1255 1233 6784 1256 1232 6785 1256 1232 6786 1257 1263 6787 1250 1256 6788 1257 1263 6789 1258 1264 6790 1253 1257 6791 1253 1257 6792 1250 1256 6793 1257 1263 6794 1260 1265 6795 1257 1263 6796 1256 1232 6797 1256 1232 6798 1259 1262 6799 1260 1265 6800 1219 1223 6801 1288 1266 6802 1259 1262 6803 1259 1262 6804 1335 1224 6805 1219 1223 6806 1261 1267 6807 1227 1231 6808 1228 1234 6809 1233 1239 6810 1263 1268 6811 1264 1269 6812 1264 1269 6813 1262 1270 6814 1233 1239 6815 1263 1268 6816 1226 1271 6817 1265 1272 6818 1265 1272 6819 1264 1269 6820 1263 1268 6821 1264 1269 6822 1265 1272 6823 1267 1273 6824 1267 1273 6825 1266 1274 6826 1264 1269 6827 1268 1275 6828 1219 1223 6829 1218 1222 6830 1218 1222 6831 1269 1276 6832 1268 1275 6833 1271 1277 6834 1232 1240 6835 1233 1239 6836 1233 1239 6837 1270 1278 6838 1271 1277 6839 1233 1239 6840 1262 1270 6841 1272 1279 6842 1272 1279 6843 1270 1278 6844 1233 1239 6845 1265 1272 6846 1226 1271 6847 1270 1278 6848 1270 1278 6849 1272 1279 6850 1265 1272 6851 1273 1280 6852 1272 1279 6853 1262 1270 6854 1262 1270 6855 1274 1281 6856 1273 1280 6857 1263 1268 6858 1233 1239 6859 1234 1238 6860 1234 1238 6861 1269 1276 6862 1263 1268 6863 1263 1268 6864 1269 1276 6865 1218 1222 6866 1218 1222 6867 1226 1271 6868 1263 1268 6869 1262 1270 6870 1264 1269 6871 1266 1274 6872 1266 1274 6873 1274 1281 6874 1262 1270 6875 1267 1273 6876 1265 1272 6877 1272 1279 6878 1272 1279 6879 1273 1280 6880 1267 1273 6881 1273 1280 6882 1274 1281 6883 1266 1274 6884 1266 1274 6885 1267 1273 6886 1273 1280 6887 1234 1238 6888 1275 1260 6889 1276 1282 6890 1215 1219 6891 1275 1260 6892 1234 1238 6893 1234 1238 6894 1232 1240 6895 1215 1219 6896 1275 1260 6897 1254 1261 6898 1277 1283 6899 1277 1283 6900 1276 1282 6901 1275 1260 6902 1244 1248 6903 1278 1284 6904 1254 1261 6905 1254 1261 6906 1231 1236 6907 1244 1248 6908 1280 1285 6909 1277 1283 6910 1254 1261 6911 1254 1261 6912 1278 1284 6913 1280 1285 6914 1278 1284 6915 1258 1264 6916 1279 1286 6917 1279 1286 6918 1280 1285 6919 1278 1284 6920 1258 1264 6921 1278 1284 6922 1244 1248 6923 1244 1248 6924 1253 1257 6925 1258 1264 6926 1257 1263 6927 1260 1265 6928 1279 1286 6929 1279 1286 6930 1258 1264 6931 1257 1263 6932 1269 1276 6933 1234 1238 6934 1276 1282 6935 1276 1282 6936 1268 1275 6937 1269 1276 6938 1203 1202 6939 1197 1196 6940 1210 1210 6941 1210 1210 6942 1281 1287 6943 1203 1202 6944 1205 1205 6945 1202 1203 6946 1203 1202 6947 1203 1202 6948 1204 1204 6949 1205 1205 6950 1260 1265 6951 1282 1288 6952 1279 1286 6953 1279 1286 6954 1282 1288 6955 1283 1289 6956 1283 1289 6957 1280 1285 6958 1279 1286 6959 1190 1188 6960 1283 1289 6961 1282 1288 6962 1282 1288 6963 1189 1189 6964 1190 1188 6965 1259 1262 6966 1284 1290 6967 1282 1288 6968 1282 1288 6969 1260 1265 6970 1259 1262 6971 1284 1290 6972 1195 1195 6973 1189 1189 6974 1189 1189 6975 1282 1288 6976 1284 1290 6977 1277 1283 6978 1280 1285 6979 1283 1289 6980 1283 1289 6981 1285 1291 6982 1277 1283 6983 1190 1188 6984 1209 1209 6985 1285 1291 6986 1285 1291 6987 1283 1289 6988 1190 1188 6989 1277 1283 6990 1285 1291 6991 1286 1292 6992 1286 1292 6993 1276 1282 6994 1277 1283 6995 1268 1275 6996 1276 1282 6997 1286 1292 6998 1286 1292 6999 1287 1293 7000 1268 1275 7001 1210 1210 7002 1195 1195 7003 1284 1290 7004 1284 1290 7005 1288 1266 7006 1210 1210 7007 1219 1223 7008 1268 1275 7009 1287 1293 7010 1287 1293 7011 1288 1266 7012 1219 1223 7013 1210 1210 7014 1288 1266 7015 1287 1293 7016 1287 1293 7017 1281 1287 7018 1210 1210 7019 1286 1292 7020 1289 1294 7021 1281 1287 7022 1281 1287 7023 1287 1293 7024 1286 1292 7025 1281 1287 7026 1289 1294 7027 1204 1204 7028 1204 1204 7029 1203 1202 7030 1281 1287 7031 1289 1294 7032 1209 1209 7033 1200 1200 7034 1200 1200 7035 1204 1204 7036 1289 1294 7037 1286 1292 7038 1285 1291 7039 1209 1209 7040 1209 1209 7041 1289 1294 7042 1286 1292 7043 1290 1295 7044 1239 1246 7045 1238 1242 7046 1238 1242 7047 1241 1241 7048 1290 1295 7049 1240 1245 7050 1239 1246 7051 1290 1295 7052 1290 1295 7053 1291 1296 7054 1240 1245 7055 1236 1243 7056 1240 1245 7057 1291 1296 7058 1291 1296 7059 1237 1244 7060 1236 1243 7061 1292 1297 7062 1237 1244 7063 1291 1296 7064 1291 1296 7065 1216 1221 7066 1292 1297 7067 1292 1297 7068 1216 1221 7069 1217 1220 7070 1217 1220 7071 1293 1298 7072 1292 1297 7073 1261 1267 7074 1292 1297 7075 1293 1298 7076 1290 1295 7077 1241 1241 7078 1294 1299 7079 1294 1299 7080 1230 1237 7081 1290 1295 7082 1241 1241 7083 1237 1244 7084 1292 1297 7085 1292 1297 7086 1294 1299 7087 1241 1241 7088 1228 1234 7089 1294 1299 7090 1292 1297 7091 1292 1297 7092 1261 1267 7093 1228 1234 7094 1296 1300 7095 1232 1240 7096 1271 1277 7097 1271 1277 7098 1297 1301 7099 1296 1300 7100 1296 1300 7101 1297 1301 7102 1235 1212 7103 1235 1212 7104 1295 1211 7105 1296 1300 7106 1299 1216 7107 1293 1298 7108 1217 1220 7109 1217 1220 7110 1298 1217 7111 1299 1216 7112 1297 1301 7113 1271 1277 7114 1261 1267 7115 1261 1267 7116 1293 1298 7117 1297 1301 7118 1235 1212 7119 1297 1301 7120 1293 1298 7121 1293 1298 7122 1299 1216 7123 1235 1212 7124 1300 1302 7125 1221 1225 7126 1220 1228 7127 1220 1228 7128 1225 1230 7129 1300 1302 7130 1222 1227 7131 1223 1226 7132 1301 1303 7133 1301 1303 7134 1224 1229 7135 1222 1227 7136 1243 1249 7137 1300 1302 7138 1225 1230 7139 1225 1230 7140 1302 1304 7141 1243 1249 7142 1303 1305 7143 1229 1235 7144 1230 1237 7145 1230 1237 7146 1294 1299 7147 1303 1305 7148 1303 1305 7149 1224 1229 7150 1301 1303 7151 1301 1303 7152 1229 1235 7153 1303 1305 7154 1228 1234 7155 1303 1305 7156 1294 1299 7157 1221 1225 7158 1300 1302 7159 1301 1303 7160 1301 1303 7161 1223 1226 7162 1221 1225 7163 1225 1230 7164 1224 1229 7165 1303 1305 7166 1303 1305 7167 1302 1304 7168 1225 1230 7169 1302 1304 7170 1303 1305 7171 1228 1234 7172 1228 1234 7173 1255 1233 7174 1302 1304 7175 1247 1252 7176 1248 1251 7177 1304 1306 7178 1304 1306 7179 1249 1255 7180 1247 1252 7181 1252 1258 7182 1305 1307 7183 1306 1254 7184 1306 1254 7185 1251 1259 7186 1252 1258 7187 1305 1307 7188 1246 1250 7189 1245 1253 7190 1245 1253 7191 1306 1254 7192 1305 1307 7193 1307 1308 7194 1242 1247 7195 1243 1249 7196 1243 1249 7197 1302 1304 7198 1307 1308 7199 1242 1247 7200 1307 1308 7201 1249 1255 7202 1249 1255 7203 1304 1306 7204 1242 1247 7205 1255 1233 7206 1307 1308 7207 1302 1304 7208 1305 1307 7209 1304 1306 7210 1248 1251 7211 1248 1251 7212 1246 1250 7213 1305 1307 7214 1251 1259 7215 1306 1254 7216 1249 1255 7217 1249 1255 7218 1307 1308 7219 1251 1259 7220 1251 1259 7221 1307 1308 7222 1255 1233 7223 1255 1233 7224 1250 1256 7225 1251 1259 7226 1252 1258 7227 1242 1247 7228 1304 1306 7229 1304 1306 7230 1305 1307 7231 1252 1258 7232 1253 1257 7233 1244 1248 7234 1242 1247 7235 1242 1247 7236 1252 1258 7237 1253 1257 7238 1231 1236 7239 1229 1235 7240 1243 1249 7241 1243 1249 7242 1244 1248 7243 1231 1236 7244 1300 1302 7245 1243 1249 7246 1229 1235 7247 1229 1235 7248 1301 1303 7249 1300 1302 7250 1230 1237 7251 1231 1236 7252 1215 1219 7253 1215 1219 7254 1216 1221 7255 1230 1237 7256 1291 1296 7257 1290 1295 7258 1230 1237 7259 1230 1237 7260 1216 1221 7261 1291 1296 7262 1232 1240 7263 1296 1300 7264 1217 1220 7265 1217 1220 7266 1215 1219 7267 1232 1240 7268 1217 1220 7269 1296 1300 7270 1295 1211 7271 1295 1211 7272 1298 1217 7273 1217 1220 7274 1308 1309 7275 1206 1206 7276 1207 1207 7277 1207 1207 7278 1309 1310 7279 1308 1309 7280 1308 1309 7281 1310 1311 7282 1199 1199 7283 1199 1199 7284 1206 1206 7285 1308 1309 7286 1311 1312 7287 1314 1313 7288 1313 1314 7289 1313 1314 7290 1312 1315 7291 1311 1312 7292 1314 1313 7293 1310 1311 7294 1308 1309 7295 1308 1309 7296 1313 1314 7297 1314 1313 7298 1313 1314 7299 1308 1309 7300 1309 1310 7301 1309 1310 7302 1315 1316 7303 1313 1314 7304 1317 1317 7305 1316 1318 7306 1315 1316 7307 1315 1316 7308 1318 1319 7309 1317 1317 7310 1312 1315 7311 1313 1314 7312 1315 1316 7313 1315 1316 7314 1316 1318 7315 1312 1315 7316 1314 1313 7317 1311 1312 7318 1320 1320 7319 1320 1320 7320 1319 1321 7321 1314 1313 7322 1321 1322 7323 1317 1317 7324 1318 1319 7325 1318 1319 7326 1322 1323 7327 1321 1322 7328 1320 1320 7329 1324 1324 7330 1323 1325 7331 1323 1325 7332 1319 1321 7333 1320 1320 7334 1324 1324 7335 1321 1322 7336 1322 1323 7337 1322 1323 7338 1323 1325 7339 1324 1324 7340 1323 1325 7341 1322 1323 7342 1326 1326 7343 1326 1326 7344 1325 1327 7345 1323 1325 7346 1319 1321 7347 1323 1325 7348 1325 1327 7349 1325 1327 7350 1327 1328 7351 1319 1321 7352 1327 1328 7353 1310 1311 7354 1314 1313 7355 1314 1313 7356 1319 1321 7357 1327 1328 7358 1198 1198 7359 1199 1199 7360 1310 1311 7361 1310 1311 7362 1327 1328 7363 1198 1198 7364 1325 1327 7365 1328 1329 7366 1327 1328 7367 1329 1330 7368 1191 1191 7369 1193 1194 7370 1193 1194 7371 1198 1198 7372 1329 1330 7373 1330 1331 7374 1327 1328 7375 1328 1329 7376 1198 1198 7377 1327 1328 7378 1330 1331 7379 1330 1331 7380 1329 1330 7381 1198 1198 7382 1192 1192 7383 1191 1191 7384 1329 1330 7385 1329 1330 7386 1331 1332 7387 1192 1192 7388 1332 1333 7389 1328 1329 7390 1325 1327 7391 1325 1327 7392 1326 1326 7393 1332 1333 7394 1331 1332 7395 1208 1208 7396 1201 1201 7397 1201 1201 7398 1192 1192 7399 1331 1332 7400 1309 1310 7401 1207 1207 7402 1208 1208 7403 1208 1208 7404 1333 1334 7405 1309 1310 7406 1331 1332 7407 1329 1330 7408 1330 1331 7409 1330 1331 7410 1334 1335 7411 1331 1332 7412 1333 1334 7413 1334 1335 7414 1332 1333 7415 1326 1326 7416 1333 1334 7417 1332 1333 7418 1315 1316 7419 1309 1310 7420 1333 1334 7421 1333 1334 7422 1318 1319 7423 1315 1316 7424 1208 1208 7425 1331 1332 7426 1334 1335 7427 1334 1335 7428 1333 1334 7429 1208 1208 7430 1326 1326 7431 1322 1323 7432 1318 1319 7433 1318 1319 7434 1333 1334 7435 1326 1326 7436 1328 1329 7437 1332 1333 7438 1334 1335 7439 1334 1335 7440 1330 1331 7441 1328 1329 7442 1335 1224 7443 1270 1278 7444 1226 1271 7445 1226 1271 7446 1218 1222 7447 1335 1224 7448 1335 1224 7449 1259 1262 7450 1227 1231 7451 1227 1231 7452 1270 1278 7453 1335 1224 7454 1261 1267 7455 1271 1277 7456 1270 1278 7457 1270 1278 7458 1227 1231 7459 1261 1267 7460 1259 1262 7461 1288 1266 7462 1284 1290 7463 1336 1336 7464 1337 1337 7465 1338 1338 7466 1338 1338 7467 1339 1339 7468 1336 1336 7469 1340 1340 7470 1337 1337 7471 1336 1336 7472 1336 1336 7473 1341 1341 7474 1340 1340 7475 1340 1340 7476 1342 1342 7477 1343 1343 7478 1343 1343 7479 1337 1337 7480 1340 1340 7481 1337 1337 7482 1343 1343 7483 1344 1344 7484 1344 1344 7485 1338 1338 7486 1337 1337 7487 1342 1342 7488 1345 1345 7489 1346 1346 7490 1346 1346 7491 1343 1343 7492 1342 1342 7493 1347 1347 7494 1348 1348 7495 1345 1345 7496 1345 1345 7497 1342 1342 7498 1347 1347 7499 1349 1349 7500 1350 1350 7501 1341 1341 7502 1341 1341 7503 1336 1336 7504 1349 1349 7505 1345 1345 7506 1351 1351 7507 1352 1352 7508 1352 1352 7509 1346 1346 7510 1345 1345 7511 1353 1353 7512 1354 1354 7513 1350 1350 7514 1350 1350 7515 1349 1349 7516 1353 1353 7517 1348 1348 7518 1355 1355 7519 1351 1351 7520 1351 1351 7521 1345 1345 7522 1348 1348 7523 1355 1355 7524 1356 1356 7525 1354 1354 7526 1354 1354 7527 1351 1351 7528 1355 1355 7529 1354 1354 7530 1356 1356 7531 1357 1357 7532 1357 1357 7533 1350 1350 7534 1354 1354 7535 1339 1339 7536 1358 1358 7537 1349 1349 7538 1349 1349 7539 1336 1336 7540 1339 1339 7541 1346 1346 7542 1359 1359 7543 1344 1344 7544 1344 1344 7545 1343 1343 7546 1346 1346 7547 1360 1360 7548 1384 1361 7549 1444 1362 7550 1444 1362 7551 1361 1363 7552 1360 1360 7553 1447 1364 7554 1448 1365 7555 1362 1366 7556 1362 1366 7557 1363 1367 7558 1447 1364 7559 1364 1368 7560 1365 1369 7561 1366 1370 7562 1367 1371 7563 1484 1372 7564 1368 1373 7565 1370 1374 7566 1369 1375 7567 1371 1376 7568 1371 1376 7569 1372 1377 7570 1370 1374 7571 1373 1378 7572 1371 1376 7573 1369 1375 7574 1369 1375 7575 1374 1379 7576 1373 1378 7577 1376 1380 7578 1377 1381 7579 1404 1382 7580 1404 1382 7581 1405 1383 7582 1376 1380 7583 1378 1384 7584 1379 1385 7585 1380 1386 7586 1383 1387 7587 1381 1388 7588 1382 1389 7589 1384 1361 7590 1360 1360 7591 1362 1366 7592 1362 1366 7593 1448 1365 7594 1384 1361 7595 1361 1363 7596 1444 1362 7597 1447 1364 7598 1447 1364 7599 1363 1367 7600 1361 1363 7601 1363 1367 7602 1362 1366 7603 1360 1360 7604 1360 1360 7605 1361 1363 7606 1363 1367 7607 1390 1390 7608 1386 1391 7609 1385 1392 7610 1385 1392 7611 1387 1393 7612 1390 1390 7613 1389 1394 7614 1388 1395 7615 1387 1393 7616 1387 1393 7617 1385 1392 7618 1389 1394 7619 1391 1396 7620 1392 1397 7621 1393 1398 7622 1395 1399 7623 1394 1400 7624 1396 1401 7625 1396 1401 7626 1397 1402 7627 1395 1399 7628 1455 1403 7629 1398 1404 7630 1396 1401 7631 1396 1401 7632 1394 1400 7633 1455 1403 7634 1399 1405 7635 1400 1406 7636 1401 1407 7637 1401 1407 7638 1402 1408 7639 1399 1405 7640 1424 1409 7641 1403 1410 7642 1380 1386 7643 1380 1386 7644 1364 1368 7645 1424 1409 7646 1408 1411 7647 1376 1380 7648 1405 1383 7649 1399 1405 7650 1406 1412 7651 1405 1383 7652 1405 1383 7653 1404 1382 7654 1399 1405 7655 1406 1412 7656 1399 1405 7657 1402 1408 7658 1402 1408 7659 1407 1413 7660 1406 1412 7661 1409 1414 7662 1408 1411 7663 1405 1383 7664 1405 1383 7665 1406 1412 7666 1409 1414 7667 1368 1373 7668 1484 1372 7669 1408 1411 7670 1408 1411 7671 1437 1415 7672 1368 1373 7673 1410 1416 7674 1377 1381 7675 1376 1380 7676 1382 1389 7677 1411 1417 7678 1413 1418 7679 1413 1418 7680 1412 1419 7681 1382 1389 7682 1412 1419 7683 1413 1418 7684 1414 1420 7685 1414 1420 7686 1375 1421 7687 1412 1419 7688 1413 1418 7689 1415 1422 7690 1416 1423 7691 1416 1423 7692 1414 1420 7693 1413 1418 7694 1417 1424 7695 1418 1425 7696 1367 1371 7697 1367 1371 7698 1368 1373 7699 1417 1424 7700 1420 1426 7701 1419 1427 7702 1382 1389 7703 1382 1389 7704 1381 1388 7705 1420 1426 7706 1382 1389 7707 1419 1427 7708 1421 1428 7709 1421 1428 7710 1411 1417 7711 1382 1389 7712 1414 1420 7713 1421 1428 7714 1419 1427 7715 1419 1427 7716 1375 1421 7717 1414 1420 7718 1422 1429 7719 1423 1430 7720 1411 1417 7721 1411 1417 7722 1421 1428 7723 1422 1429 7724 1412 1419 7725 1418 1425 7726 1383 1387 7727 1383 1387 7728 1382 1389 7729 1412 1419 7730 1412 1419 7731 1375 1421 7732 1367 1371 7733 1367 1371 7734 1418 1425 7735 1412 1419 7736 1411 1417 7737 1423 1430 7738 1415 1422 7739 1415 1422 7740 1413 1418 7741 1411 1417 7742 1416 1423 7743 1422 1429 7744 1421 1428 7745 1421 1428 7746 1414 1420 7747 1416 1423 7748 1422 1429 7749 1416 1423 7750 1415 1422 7751 1415 1422 7752 1423 1430 7753 1422 1429 7754 1383 1387 7755 1425 1431 7756 1424 1409 7757 1364 1368 7758 1381 1388 7759 1383 1387 7760 1383 1387 7761 1424 1409 7762 1364 1368 7763 1424 1409 7764 1425 1431 7765 1426 1432 7766 1426 1432 7767 1403 1410 7768 1424 1409 7769 1393 1398 7770 1380 1386 7771 1403 1410 7772 1403 1410 7773 1427 1433 7774 1393 1398 7775 1429 1434 7776 1427 1433 7777 1403 1410 7778 1403 1410 7779 1426 1432 7780 1429 1434 7781 1427 1433 7782 1429 1434 7783 1428 1435 7784 1428 1435 7785 1407 1413 7786 1427 1433 7787 1407 1413 7788 1402 1408 7789 1393 1398 7790 1393 1398 7791 1427 1433 7792 1407 1413 7793 1406 1412 7794 1407 1413 7795 1428 1435 7796 1428 1435 7797 1409 1414 7798 1406 1412 7799 1418 1425 7800 1417 1424 7801 1425 1431 7802 1425 1431 7803 1383 1387 7804 1418 1425 7805 1352 1352 7806 1430 1436 7807 1359 1359 7808 1359 1359 7809 1346 1346 7810 1352 1352 7811 1354 1354 7812 1353 1353 7813 1352 1352 7814 1352 1352 7815 1351 1351 7816 1354 1354 7817 1409 1414 7818 1428 1435 7819 1431 1437 7820 1428 1435 7821 1429 1434 7822 1432 1438 7823 1432 1438 7824 1431 1437 7825 1428 1435 7826 1339 1339 7827 1338 1338 7828 1431 1437 7829 1431 1437 7830 1432 1438 7831 1339 1339 7832 1408 1411 7833 1409 1414 7834 1431 1437 7835 1431 1437 7836 1433 1439 7837 1408 1411 7838 1433 1439 7839 1431 1437 7840 1338 1338 7841 1338 1338 7842 1344 1344 7843 1433 1439 7844 1426 1432 7845 1434 1440 7846 1432 1438 7847 1432 1438 7848 1429 1434 7849 1426 1432 7850 1339 1339 7851 1432 1438 7852 1434 1440 7853 1434 1440 7854 1358 1358 7855 1339 1339 7856 1426 1432 7857 1425 1431 7858 1435 1441 7859 1435 1441 7860 1434 1440 7861 1426 1432 7862 1417 1424 7863 1436 1442 7864 1435 1441 7865 1435 1441 7866 1425 1431 7867 1417 1424 7868 1359 1359 7869 1437 1415 7870 1433 1439 7871 1433 1439 7872 1344 1344 7873 1359 1359 7874 1368 1373 7875 1437 1415 7876 1436 1442 7877 1436 1442 7878 1417 1424 7879 1368 1373 7880 1359 1359 7881 1430 1436 7882 1436 1442 7883 1436 1442 7884 1437 1415 7885 1359 1359 7886 1435 1441 7887 1436 1442 7888 1430 1436 7889 1430 1436 7890 1438 1443 7891 1435 1441 7892 1430 1436 7893 1352 1352 7894 1353 1353 7895 1353 1353 7896 1438 1443 7897 1430 1436 7898 1438 1443 7899 1353 1353 7900 1349 1349 7901 1349 1349 7902 1358 1358 7903 1438 1443 7904 1435 1441 7905 1438 1443 7906 1358 1358 7907 1358 1358 7908 1434 1440 7909 1435 1441 7910 1439 1444 7911 1390 1390 7912 1387 1393 7913 1387 1393 7914 1388 1395 7915 1439 1444 7916 1389 1394 7917 1440 1445 7918 1439 1444 7919 1439 1444 7920 1388 1395 7921 1389 1394 7922 1385 1392 7923 1386 1391 7924 1440 1445 7925 1440 1445 7926 1389 1394 7927 1385 1392 7928 1441 1446 7929 1365 1369 7930 1440 1445 7931 1440 1445 7932 1386 1391 7933 1441 1446 7934 1441 1446 7935 1442 1447 7936 1366 1370 7937 1366 1370 7938 1365 1369 7939 1441 1446 7940 1410 1416 7941 1442 1447 7942 1441 1446 7943 1443 1448 7944 1390 1390 7945 1439 1444 7946 1439 1444 7947 1379 1385 7948 1443 1448 7949 1441 1446 7950 1386 1391 7951 1390 1390 7952 1390 1390 7953 1443 1448 7954 1441 1446 7955 1377 1381 7956 1410 1416 7957 1441 1446 7958 1441 1446 7959 1443 1448 7960 1377 1381 7961 1445 1449 7962 1446 1450 7963 1420 1426 7964 1420 1426 7965 1381 1388 7966 1445 1449 7967 1445 1449 7968 1444 1362 7969 1384 1361 7970 1384 1361 7971 1446 1450 7972 1445 1449 7973 1448 1365 7974 1447 1364 7975 1366 1370 7976 1366 1370 7977 1442 1447 7978 1448 1365 7979 1446 1450 7980 1442 1447 7981 1410 1416 7982 1410 1416 7983 1420 1426 7984 1446 1450 7985 1442 1447 7986 1446 1450 7987 1384 1361 7988 1384 1361 7989 1448 1365 7990 1442 1447 7991 1449 1451 7992 1374 1379 7993 1369 1375 7994 1369 1375 7995 1370 1374 7996 1449 1451 7997 1371 1376 7998 1373 1378 7999 1450 1452 8000 1450 1452 8001 1372 1377 8002 1371 1376 8003 1374 1379 8004 1449 1451 8005 1392 1397 8006 1392 1397 8007 1451 1453 8008 1374 1379 8009 1452 1454 8010 1443 1448 8011 1379 1385 8012 1379 1385 8013 1378 1384 8014 1452 1454 8015 1452 1454 8016 1378 1384 8017 1450 1452 8018 1450 1452 8019 1373 1378 8020 1452 1454 8021 1377 1381 8022 1443 1448 8023 1452 1454 8024 1370 1374 8025 1372 1377 8026 1450 1452 8027 1450 1452 8028 1449 1451 8029 1370 1374 8030 1452 1454 8031 1373 1378 8032 1374 1379 8033 1374 1379 8034 1451 1453 8035 1452 1454 8036 1451 1453 8037 1404 1382 8038 1377 1381 8039 1377 1381 8040 1452 1454 8041 1451 1453 8042 1396 1401 8043 1398 1404 8044 1453 1455 8045 1453 1455 8046 1397 1402 8047 1396 1401 8048 1401 1407 8049 1400 1406 8050 1455 1403 8051 1455 1403 8052 1454 1456 8053 1401 1407 8054 1454 1456 8055 1455 1403 8056 1394 1400 8057 1394 1400 8058 1395 1399 8059 1454 1456 8060 1456 1457 8061 1451 1453 8062 1392 1397 8063 1392 1397 8064 1391 1396 8065 1456 1457 8066 1391 1396 8067 1453 1455 8068 1398 1404 8069 1398 1404 8070 1456 1457 8071 1391 1396 8072 1404 1382 8073 1451 1453 8074 1456 1457 8075 1454 1456 8076 1395 1399 8077 1397 1402 8078 1397 1402 8079 1453 1455 8080 1454 1456 8081 1398 1404 8082 1455 1403 8083 1400 1406 8084 1400 1406 8085 1456 1457 8086 1398 1404 8087 1400 1406 8088 1399 1405 8089 1404 1382 8090 1404 1382 8091 1456 1457 8092 1400 1406 8093 1453 1455 8094 1391 1396 8095 1401 1407 8096 1401 1407 8097 1454 1456 8098 1453 1455 8099 1402 1408 8100 1401 1407 8101 1391 1396 8102 1391 1396 8103 1393 1398 8104 1402 1408 8105 1380 1386 8106 1393 1398 8107 1392 1397 8108 1392 1397 8109 1378 1384 8110 1380 1386 8111 1449 1451 8112 1450 1452 8113 1378 1384 8114 1378 1384 8115 1392 1397 8116 1449 1451 8117 1379 1385 8118 1365 1369 8119 1364 1368 8120 1364 1368 8121 1380 1386 8122 1379 1385 8123 1440 1445 8124 1365 1369 8125 1379 1385 8126 1379 1385 8127 1439 1444 8128 1440 1445 8129 1381 1388 8130 1364 1368 8131 1366 1370 8132 1366 1370 8133 1445 1449 8134 1381 1388 8135 1444 1362 8136 1445 1449 8137 1366 1370 8138 1366 1370 8139 1447 1364 8140 1444 1362 8141 1457 1458 8142 1458 1459 8143 1356 1356 8144 1356 1356 8145 1355 1355 8146 1457 1458 8147 1457 1458 8148 1355 1355 8149 1348 1348 8150 1348 1348 8151 1459 1460 8152 1457 1458 8153 1460 1461 8154 1461 1462 8155 1462 1463 8156 1462 1463 8157 1463 1464 8158 1460 1461 8159 1463 1464 8160 1462 1463 8161 1457 1458 8162 1457 1458 8163 1459 1460 8164 1463 1464 8165 1462 1463 8166 1464 1465 8167 1458 1459 8168 1458 1459 8169 1457 1458 8170 1462 1463 8171 1466 1466 8172 1467 1467 8173 1464 1465 8174 1464 1465 8175 1465 1468 8176 1466 1466 8177 1461 1462 8178 1465 1468 8179 1464 1465 8180 1464 1465 8181 1462 1463 8182 1461 1462 8183 1463 1464 8184 1468 1469 8185 1469 1470 8186 1469 1470 8187 1460 1461 8188 1463 1464 8189 1470 1471 8190 1471 1472 8191 1467 1467 8192 1467 1467 8193 1466 1466 8194 1470 1471 8195 1469 1470 8196 1468 1469 8197 1472 1473 8198 1472 1473 8199 1473 1474 8200 1469 1470 8201 1473 1474 8202 1472 1473 8203 1471 1472 8204 1471 1472 8205 1470 1471 8206 1473 1474 8207 1472 1473 8208 1474 1475 8209 1475 1476 8210 1475 1476 8211 1471 1472 8212 1472 1473 8213 1468 1469 8214 1476 1477 8215 1474 1475 8216 1474 1475 8217 1472 1473 8218 1468 1469 8219 1476 1477 8220 1468 1469 8221 1463 1464 8222 1463 1464 8223 1459 1460 8224 1476 1477 8225 1347 1347 8226 1476 1477 8227 1459 1460 8228 1459 1460 8229 1348 1348 8230 1347 1347 8231 1474 1475 8232 1476 1477 8233 1477 1478 8234 1478 1479 8235 1347 1347 8236 1342 1342 8237 1342 1342 8238 1340 1340 8239 1478 1479 8240 1479 1480 8241 1477 1478 8242 1476 1477 8243 1347 1347 8244 1478 1479 8245 1479 1480 8246 1479 1480 8247 1476 1477 8248 1347 1347 8249 1341 1341 8250 1480 1481 8251 1478 1479 8252 1478 1479 8253 1340 1340 8254 1341 1341 8255 1481 1482 8256 1475 1476 8257 1474 1475 8258 1474 1475 8259 1477 1478 8260 1481 1482 8261 1480 1481 8262 1341 1341 8263 1350 1350 8264 1350 1350 8265 1357 1357 8266 1480 1481 8267 1458 1459 8268 1482 1483 8269 1357 1357 8270 1357 1357 8271 1356 1356 8272 1458 1459 8273 1480 1481 8274 1483 1484 8275 1479 1480 8276 1479 1480 8277 1478 1479 8278 1480 1481 8279 1482 1483 8280 1481 1482 8281 1483 1484 8282 1475 1476 8283 1481 1482 8284 1482 1483 8285 1464 1465 8286 1467 1467 8287 1482 1483 8288 1482 1483 8289 1458 1459 8290 1464 1465 8291 1357 1357 8292 1482 1483 8293 1483 1484 8294 1483 1484 8295 1480 1481 8296 1357 1357 8297 1475 1476 8298 1482 1483 8299 1467 1467 8300 1467 1467 8301 1471 1472 8302 1475 1476 8303 1477 1478 8304 1479 1480 8305 1483 1484 8306 1483 1484 8307 1481 1482 8308 1477 1478 8309 1484 1372 8310 1367 1371 8311 1375 1421 8312 1375 1421 8313 1419 1427 8314 1484 1372 8315 1484 1372 8316 1419 1427 8317 1376 1380 8318 1376 1380 8319 1408 1411 8320 1484 1372 8321 1410 1416 8322 1376 1380 8323 1419 1427 8324 1419 1427 8325 1420 1426 8326 1410 1416 8327 1408 1411 8328 1433 1439 8329 1437 1415 8330 1486 1485 8331 1485 1486 8332 1487 1487 8333 1487 1487 8334 1489 1488 8335 1486 1485 8336 1489 1488 8337 1487 1487 8338 1490 1489 8339 1491 1490 8340 1490 1489 8341 1488 1491 8342 1492 1492 8343 1489 1488 8344 1490 1489 8345 1490 1489 8346 1491 1490 8347 1492 1492 8348 1493 1493 8349 1496 1494 8350 1495 1495 8351 1495 1495 8352 1494 1496 8353 1493 1493 8354 1493 1493 8355 1497 1497 8356 1496 1494 8357 1497 1497 8358 1498 1498 8359 1495 1495 8360 1495 1495 8361 1496 1494 8362 1497 1497 8363 1501 1499 8364 1498 1498 8365 1499 1500 8366 1499 1500 8367 1500 1501 8368 1501 1499 8369 1497 1497 8370 1499 1500 8371 1498 1498 8372 1491 1490 8373 1488 1491 8374 1502 1502 8375 1502 1502 8376 1492 1492 8377 1491 1490 8378 1489 1488 8379 1492 1492 8380 1503 1503 8381 1503 1503 8382 1486 1485 8383 1489 1488 8384 1503 1503 8385 1492 1492 8386 1502 1502 8387 1502 1502 8388 1504 1504 8389 1503 1503 8390 1505 1505 8391 1495 1495 8392 1498 1498 8393 1498 1498 8394 1501 1499 8395 1505 1505 8396 1494 1496 8397 1495 1495 8398 1505 1505 8399 1505 1505 8400 1506 1506 8401 1494 1496 8402 1579 1507 8403 1580 1508 8404 1507 1509 8405 1507 1509 8406 1508 1510 8407 1579 1507 8408 1507 1509 8409 1509 1511 8410 1510 1512 8411 1510 1512 8412 1508 1510 8413 1507 1509 8414 1582 1513 8415 1581 1514 8416 1511 1515 8417 1511 1515 8418 1512 1516 8419 1582 1513 8420 1512 1516 8421 1511 1515 8422 1513 1517 8423 1513 1517 8424 1514 1518 8425 1512 1516 8426 1511 1515 8427 1515 1519 8428 1516 1520 8429 1516 1520 8430 1513 1517 8431 1511 1515 8432 1510 1512 8433 1583 1521 8434 1579 1507 8435 1579 1507 8436 1508 1510 8437 1510 1512 8438 1516 1520 8439 1515 1519 8440 1517 1522 8441 1517 1522 8442 1518 1523 8443 1516 1520 8444 1518 1523 8445 1517 1522 8446 1510 1512 8447 1510 1512 8448 1509 1511 8449 1518 1523 8450 1584 1524 8451 1515 1519 8452 1511 1515 8453 1511 1515 8454 1581 1514 8455 1584 1524 8456 1517 1522 8457 1585 1525 8458 1583 1521 8459 1583 1521 8460 1510 1512 8461 1517 1522 8462 1515 1519 8463 1584 1524 8464 1585 1525 8465 1585 1525 8466 1517 1522 8467 1515 1519 8468 1519 1526 8469 1520 1527 8470 1587 1528 8471 1587 1528 8472 1586 1529 8473 1519 1526 8474 1588 1530 8475 1587 1528 8476 1520 1527 8477 1520 1527 8478 1521 1531 8479 1588 1530 8480 1589 1532 8481 1588 1530 8482 1521 1531 8483 1521 1531 8484 1522 1533 8485 1589 1532 8486 1522 1533 8487 1521 1531 8488 1523 1534 8489 1523 1534 8490 1524 1535 8491 1522 1533 8492 1525 1536 8493 1523 1534 8494 1521 1531 8495 1521 1531 8496 1520 1527 8497 1525 1536 8498 1519 1526 8499 1526 1537 8500 1525 1536 8501 1525 1536 8502 1520 1527 8503 1519 1526 8504 1527 1538 8505 1528 1539 8506 1526 1537 8507 1526 1537 8508 1519 1526 8509 1527 1538 8510 1592 1540 8511 1529 1541 8512 1507 1509 8513 1507 1509 8514 1580 1508 8515 1592 1540 8516 1530 1542 8517 1529 1541 8518 1592 1540 8519 1593 1543 8520 1530 1542 8521 1592 1540 8522 1527 1538 8523 1531 1544 8524 1532 1545 8525 1532 1545 8526 1528 1539 8527 1527 1538 8528 1533 1546 8529 1534 1547 8530 1512 1516 8531 1512 1516 8532 1514 1518 8533 1533 1546 8534 1532 1545 8535 1531 1544 8536 1535 1548 8537 1535 1548 8538 1536 1549 8539 1532 1545 8540 1537 1550 8541 1536 1549 8542 1535 1548 8543 1536 1549 8544 1537 1550 8545 1538 1551 8546 1538 1551 8547 1539 1552 8548 1536 1549 8549 1540 1553 8550 1539 1552 8551 1538 1551 8552 1540 1553 8553 1534 1547 8554 1533 1546 8555 1533 1546 8556 1539 1552 8557 1540 1553 8558 1596 1554 8559 1597 1555 8560 1538 1551 8561 1538 1551 8562 1537 1550 8563 1596 1554 8564 1512 1516 8565 1534 1547 8566 1598 1556 8567 1598 1556 8568 1582 1513 8569 1512 1516 8570 1535 1548 8571 1599 1557 8572 1596 1554 8573 1596 1554 8574 1537 1550 8575 1535 1548 8576 1597 1555 8577 1600 1558 8578 1540 1553 8579 1540 1553 8580 1538 1551 8581 1597 1555 8582 1534 1547 8583 1540 1553 8584 1600 1558 8585 1600 1558 8586 1598 1556 8587 1534 1547 8588 1531 1544 8589 1601 1559 8590 1599 1557 8591 1599 1557 8592 1535 1548 8593 1531 1544 8594 1602 1560 8595 1527 1538 8596 1519 1526 8597 1519 1526 8598 1586 1529 8599 1602 1560 8600 1527 1538 8601 1602 1560 8602 1601 1559 8603 1601 1559 8604 1531 1544 8605 1527 1538 8606 1594 1561 8607 1595 1562 8608 1541 1563 8609 1541 1563 8610 1542 1564 8611 1594 1561 8612 1605 1565 8613 1543 1566 8614 1541 1563 8615 1541 1563 8616 1595 1562 8617 1605 1565 8618 1544 1567 8619 1603 1568 8620 1545 1569 8621 1524 1535 8622 1546 1570 8623 1545 1569 8624 1545 1569 8625 1547 1571 8626 1524 1535 8627 1523 1534 8628 1548 1572 8629 1546 1570 8630 1546 1570 8631 1524 1535 8632 1523 1534 8633 1525 1536 8634 1549 1573 8635 1548 1572 8636 1548 1572 8637 1523 1534 8638 1525 1536 8639 1550 1574 8640 1604 1575 8641 1603 1568 8642 1603 1568 8643 1544 1567 8644 1550 1574 8645 1550 1574 8646 1544 1567 8647 1551 1576 8648 1604 1575 8649 1550 1574 8650 1543 1566 8651 1543 1566 8652 1605 1565 8653 1604 1575 8654 1546 1570 8655 1551 1576 8656 1544 1567 8657 1544 1567 8658 1545 1569 8659 1546 1570 8660 1548 1572 8661 1552 1577 8662 1551 1576 8663 1551 1576 8664 1546 1570 8665 1548 1572 8666 1526 1537 8667 1553 1578 8668 1549 1573 8669 1549 1573 8670 1525 1536 8671 1526 1537 8672 1549 1573 8673 1554 1579 8674 1552 1577 8675 1552 1577 8676 1548 1572 8677 1549 1573 8678 1553 1578 8679 1555 1580 8680 1554 1579 8681 1554 1579 8682 1549 1573 8683 1553 1578 8684 1528 1539 8685 1556 1581 8686 1553 1578 8687 1553 1578 8688 1526 1537 8689 1528 1539 8690 1556 1581 8691 1557 1582 8692 1555 1580 8693 1555 1580 8694 1553 1578 8695 1556 1581 8696 1532 1545 8697 1558 1583 8698 1556 1581 8699 1556 1581 8700 1528 1539 8701 1532 1545 8702 1558 1583 8703 1559 1584 8704 1557 1582 8705 1557 1582 8706 1556 1581 8707 1558 1583 8708 1536 1549 8709 1560 1585 8710 1558 1583 8711 1558 1583 8712 1532 1545 8713 1536 1549 8714 1559 1584 8715 1558 1583 8716 1560 1585 8717 1560 1585 8718 1561 1586 8719 1559 1584 8720 1539 1552 8721 1562 1587 8722 1560 1585 8723 1560 1585 8724 1536 1549 8725 1539 1552 8726 1560 1585 8727 1562 1587 8728 1563 1588 8729 1563 1588 8730 1561 1586 8731 1560 1585 8732 1564 1589 8733 1562 1587 8734 1539 1552 8735 1539 1552 8736 1533 1546 8737 1564 1589 8738 1562 1587 8739 1564 1589 8740 1565 1590 8741 1565 1590 8742 1563 1588 8743 1562 1587 8744 1566 1591 8745 1564 1589 8746 1533 1546 8747 1533 1546 8748 1514 1518 8749 1566 1591 8750 1564 1589 8751 1566 1591 8752 1567 1592 8753 1567 1592 8754 1565 1590 8755 1564 1589 8756 1568 1593 8757 1566 1591 8758 1514 1518 8759 1514 1518 8760 1513 1517 8761 1568 1593 8762 1568 1593 8763 1569 1594 8764 1567 1592 8765 1567 1592 8766 1566 1591 8767 1568 1593 8768 1570 1595 8769 1568 1593 8770 1513 1517 8771 1513 1517 8772 1516 1520 8773 1570 1595 8774 1570 1595 8775 1571 1596 8776 1569 1594 8777 1569 1594 8778 1568 1593 8779 1570 1595 8780 1572 1597 8781 1570 1595 8782 1516 1520 8783 1516 1520 8784 1518 1523 8785 1572 1597 8786 1572 1597 8787 1573 1598 8788 1571 1596 8789 1571 1596 8790 1570 1595 8791 1572 1597 8792 1574 1599 8793 1572 1597 8794 1518 1523 8795 1518 1523 8796 1509 1511 8797 1574 1599 8798 1529 1541 8799 1574 1599 8800 1509 1511 8801 1509 1511 8802 1507 1509 8803 1529 1541 8804 1529 1541 8805 1530 1542 8806 1575 1600 8807 1530 1542 8808 1593 1543 8809 1576 1601 8810 1576 1601 8811 1575 1600 8812 1530 1542 8813 1577 1602 8814 1575 1600 8815 1576 1601 8816 1542 1564 8817 1576 1601 8818 1593 1543 8819 1593 1543 8820 1594 1561 8821 1542 1564 8822 1574 1599 8823 1577 1602 8824 1573 1598 8825 1573 1598 8826 1572 1597 8827 1574 1599 8828 1529 1541 8829 1575 1600 8830 1577 1602 8831 1577 1602 8832 1574 1599 8833 1529 1541 8834 1547 1571 8835 1591 1603 8836 1590 1604 8837 1590 1604 8838 1578 1605 8839 1547 1571 8840 1590 1604 8841 1589 1532 8842 1522 1533 8843 1522 1533 8844 1578 1605 8845 1590 1604 8846 1547 1571 8847 1578 1605 8848 1522 1533 8849 1522 1533 8850 1524 1535 8851 1547 1571 8852 1547 1571 8853 1545 1569 8854 1603 1568 8855 1603 1568 8856 1591 1603 8857 1547 1571 8858 1608 1606 8859 1609 1607 8860 1606 1608 8861 1606 1608 8862 1607 1609 8863 1608 1606 8864 1608 1606 8865 1607 1609 8866 1610 1610 8867 1610 1610 8868 1611 1611 8869 1608 1606 8870 1612 1612 8871 1613 1613 8872 1611 1611 8873 1611 1611 8874 1610 1610 8875 1612 1612 8876 1609 1607 8877 1615 1614 8878 1614 1615 8879 1614 1615 8880 1606 1608 8881 1609 1607 8882 1607 1609 8883 1606 1608 8884 1616 1616 8885 1616 1616 8886 1617 1617 8887 1607 1609 8888 1617 1617 8889 1616 1616 8890 1618 1618 8891 1618 1618 8892 1619 1619 8893 1617 1617 8894 1621 1620 8895 1618 1618 8896 1616 1616 8897 1616 1616 8898 1620 1621 8899 1621 1620 8900 1606 1608 8901 1614 1615 8902 1620 1621 8903 1620 1621 8904 1616 1616 8905 1606 1608 8906 1619 1619 8907 1618 1618 8908 1622 1622 8909 1622 1622 8910 1623 1623 8911 1619 1619 8912 1618 1618 8913 1621 1620 8914 1624 1624 8915 1624 1624 8916 1622 1622 8917 1618 1618 8918 1619 1619 8919 1623 1623 8920 1625 1625 8921 1625 1625 8922 1626 1626 8923 1619 1619 8924 1617 1617 8925 1619 1619 8926 1626 1626 8927 1626 1626 8928 1627 1627 8929 1617 1617 8930 1627 1627 8931 1610 1610 8932 1607 1609 8933 1607 1609 8934 1617 1617 8935 1627 1627 8936 1628 1628 8937 1629 1629 8938 1626 1626 8939 1626 1626 8940 1625 1625 8941 1628 1628 8942 1622 1622 8943 1624 1624 8944 1630 1630 8945 1630 1630 8946 1631 1631 8947 1622 1622 8948 1623 1623 8949 1622 1622 8950 1631 1631 8951 1631 1631 8952 1632 1632 8953 1623 1623 8954 1623 1623 8955 1632 1632 8956 1633 1633 8957 1633 1633 8958 1625 1625 8959 1623 1623 8960 1634 1634 8961 1628 1628 8962 1625 1625 8963 1625 1625 8964 1633 1633 8965 1634 1634 8966 1637 1635 8967 1638 1636 8968 1635 1637 8969 1635 1637 8970 1636 1638 8971 1637 1635 8972 1636 1638 8973 1635 1637 8974 1639 1639 8975 1639 1639 8976 1640 1640 8977 1636 1638 8978 1632 1632 8979 1631 1631 8980 1640 1640 8981 1640 1640 8982 1641 1641 8983 1632 1632 8984 1640 1640 8985 1631 1631 8986 1630 1630 8987 1630 1630 8988 1636 1638 8989 1640 1640 8990 1640 1640 8991 1639 1639 8992 1642 1642 8993 1642 1642 8994 1641 1641 8995 1640 1640 8996 1644 1643 8997 1641 1641 8998 1642 1642 8999 1642 1642 9000 1643 1644 9001 1644 1643 9002 1633 1633 9003 1632 1632 9004 1641 1641 9005 1641 1641 9006 1644 1643 9007 1633 1633 9008 1613 1613 9009 1612 1612 9010 1645 1645 9011 1645 1645 9012 1646 1646 9013 1613 1613 9014 1614 1615 9015 1615 1614 9016 1647 1647 9017 1647 1647 9018 1648 1648 9019 1614 1615 9020 1648 1648 9021 1647 1647 9022 1646 1646 9023 1646 1646 9024 1645 1645 9025 1648 1648 9026 1620 1621 9027 1614 1615 9028 1648 1648 9029 1648 1648 9030 1649 1649 9031 1620 1621 9032 1636 1638 9033 1630 1630 9034 1650 1650 9035 1650 1650 9036 1637 1635 9037 1636 1638 9038 1621 1620 9039 1620 1621 9040 1649 1649 9041 1649 1649 9042 1651 1651 9043 1621 1620 9044 1652 1652 9045 1612 1612 9046 1610 1610 9047 1610 1610 9048 1627 1627 9049 1652 1652 9050 1627 1627 9051 1626 1626 9052 1629 1629 9053 1629 1629 9054 1652 1652 9055 1627 1627 9056 1653 1653 9057 1645 1645 9058 1612 1612 9059 1612 1612 9060 1652 1652 9061 1653 1653 9062 1652 1652 9063 1629 1629 9064 1654 1654 9065 1654 1654 9066 1653 1653 9067 1652 1652 9068 1656 1655 9069 1657 1656 9070 1650 1650 9071 1650 1650 9072 1655 1657 9073 1656 1655 9074 1649 1649 9075 1648 1648 9076 1645 1645 9077 1645 1645 9078 1653 1653 9079 1649 1649 9080 1651 1651 9081 1649 1649 9082 1653 1653 9083 1653 1653 9084 1654 1654 9085 1651 1651 9086 1628 1628 9087 1634 1634 9088 1657 1656 9089 1657 1656 9090 1656 1655 9091 1628 1628 9092 1624 1624 9093 1621 1620 9094 1651 1651 9095 1651 1651 9096 1655 1657 9097 1624 1624 9098 1655 1657 9099 1651 1651 9100 1654 1654 9101 1654 1654 9102 1656 1655 9103 1655 1657 9104 1630 1630 9105 1624 1624 9106 1655 1657 9107 1655 1657 9108 1650 1650 9109 1630 1630 9110 1629 1629 9111 1628 1628 9112 1656 1655 9113 1656 1655 9114 1654 1654 9115 1629 1629 9116 1657 1656 9117 1634 1634 9118 1658 1658 9119 1658 1658 9120 1659 1659 9121 1657 1656 9122 1659 1659 9123 1637 1635 9124 1650 1650 9125 1650 1650 9126 1657 1656 9127 1659 1659 9128 1634 1634 9129 1633 1633 9130 1644 1643 9131 1644 1643 9132 1658 1658 9133 1634 1634 9134 1658 1658 9135 1644 1643 9136 1643 1644 9137 1643 1644 9138 1660 1660 9139 1658 1658 9140 1663 1661 9141 1664 1662 9142 1661 1663 9143 1661 1663 9144 1662 1664 9145 1663 1661 9146 1666 1665 9147 1635 1637 9148 1638 1636 9149 1638 1636 9150 1665 1666 9151 1666 1665 9152 1662 1664 9153 1661 1663 9154 1667 1667 9155 1667 1667 9156 1668 1668 9157 1662 1664 9158 1665 1666 9159 1662 1664 9160 1668 1668 9161 1668 1668 9162 1666 1665 9163 1665 1666 9164 1669 1669 9165 1639 1639 9166 1635 1637 9167 1635 1637 9168 1666 1665 9169 1669 1669 9170 1668 1668 9171 1667 1667 9172 1670 1670 9173 1670 1670 9174 1671 1671 9175 1668 1668 9176 1666 1665 9177 1668 1668 9178 1671 1671 9179 1671 1671 9180 1669 1669 9181 1666 1665 9182 1672 1672 9183 1642 1642 9184 1639 1639 9185 1639 1639 9186 1669 1669 9187 1672 1672 9188 1671 1671 9189 1670 1670 9190 1673 1673 9191 1673 1673 9192 1674 1674 9193 1671 1671 9194 1669 1669 9195 1671 1671 9196 1674 1674 9197 1674 1674 9198 1672 1672 9199 1669 1669 9200 1676 1675 9201 1674 1674 9202 1673 1673 9203 1673 1673 9204 1675 1676 9205 1676 1675 9206 1677 1677 9207 1672 1672 9208 1674 1674 9209 1674 1674 9210 1676 1675 9211 1677 1677 9212 1678 1678 9213 1638 1636 9214 1637 1635 9215 1637 1635 9216 1659 1659 9217 1678 1678 9218 1643 1644 9219 1642 1642 9220 1672 1672 9221 1672 1672 9222 1677 1677 9223 1643 1644 9224 1679 1679 9225 1663 1661 9226 1662 1664 9227 1662 1664 9228 1665 1666 9229 1679 1679 9230 1665 1666 9231 1638 1636 9232 1678 1678 9233 1678 1678 9234 1679 1679 9235 1665 1666 9236 1678 1678 9237 1659 1659 9238 1658 1658 9239 1658 1658 9240 1660 1660 9241 1678 1678 9242 1681 1680 9243 1670 1670 9244 1667 1667 9245 1667 1667 9246 1680 1681 9247 1681 1680 9248 1673 1673 9249 1670 1670 9250 1681 1680 9251 1681 1680 9252 1682 1682 9253 1673 1673 9254 1680 1681 9255 1667 1667 9256 1661 1663 9257 1661 1663 9258 1683 1683 9259 1680 1681 9260 1683 1683 9261 1661 1663 9262 1664 1662 9263 1664 1662 9264 1684 1684 9265 1683 1683 9266 1684 1684 9267 1686 1685 9268 1685 1686 9269 1685 1686 9270 1683 1683 9271 1684 1684 9272 1683 1683 9273 1685 1686 9274 1687 1687 9275 1687 1687 9276 1680 1681 9277 1683 1683 9278 1680 1681 9279 1687 1687 9280 1688 1688 9281 1688 1688 9282 1681 1680 9283 1680 1681 9284 1682 1682 9285 1681 1680 9286 1688 1688 9287 1688 1688 9288 1689 1689 9289 1682 1682 9290 1691 1690 9291 1686 1685 9292 1684 1684 9293 1684 1684 9294 1690 1691 9295 1691 1690 9296 1693 1692 9297 1682 1682 9298 1689 1689 9299 1689 1689 9300 1692 1693 9301 1693 1692 9302 1664 1662 9303 1694 1694 9304 1690 1691 9305 1690 1691 9306 1684 1684 9307 1664 1662 9308 1694 1694 9309 1675 1676 9310 1693 1692 9311 1693 1692 9312 1690 1691 9313 1694 1694 9314 1692 1693 9315 1691 1690 9316 1690 1691 9317 1690 1691 9318 1693 1692 9319 1692 1693 9320 1675 1676 9321 1673 1673 9322 1682 1682 9323 1682 1682 9324 1693 1692 9325 1675 1676 9326 1696 1695 9327 1685 1686 9328 1686 1685 9329 1686 1685 9330 1695 1696 9331 1696 1695 9332 1695 1696 9333 1686 1685 9334 1691 1690 9335 1691 1690 9336 1697 1697 9337 1695 1696 9338 1699 1698 9339 1692 1693 9340 1689 1689 9341 1689 1689 9342 1698 1699 9343 1699 1698 9344 1698 1699 9345 1689 1689 9346 1688 1688 9347 1688 1688 9348 1700 1700 9349 1698 1699 9350 1700 1700 9351 1701 1701 9352 1702 1702 9353 1702 1702 9354 1698 1699 9355 1700 1700 9356 1703 1703 9357 1704 1704 9358 1702 1702 9359 1702 1702 9360 1701 1701 9361 1703 1703 9362 1697 1697 9363 1691 1690 9364 1692 1693 9365 1692 1693 9366 1699 1698 9367 1697 1697 9368 1705 1705 9369 1687 1687 9370 1685 1686 9371 1685 1686 9372 1696 1695 9373 1705 1705 9374 1700 1700 9375 1688 1688 9376 1687 1687 9377 1687 1687 9378 1705 1705 9379 1700 1700 9380 1694 1694 9381 1664 1662 9382 1663 1661 9383 1663 1661 9384 1706 1706 9385 1694 1694 9386 1678 1678 9387 1660 1660 9388 1707 1707 9389 1707 1707 9390 1679 1679 9391 1678 1678 9392 1706 1706 9393 1676 1675 9394 1675 1676 9395 1675 1676 9396 1694 1694 9397 1706 1706 9398 1707 1707 9399 1677 1677 9400 1676 1675 9401 1676 1675 9402 1706 1706 9403 1707 1707 9404 1706 1706 9405 1663 1661 9406 1679 1679 9407 1679 1679 9408 1707 1707 9409 1706 1706 9410 1660 1660 9411 1643 1644 9412 1677 1677 9413 1677 1677 9414 1707 1707 9415 1660 1660 9416 1697 1697 9417 1699 1698 9418 1708 1708 9419 1708 1708 9420 1709 1709 9421 1697 1697 9422 1709 1709 9423 1708 1708 9424 1710 1710 9425 1710 1710 9426 1711 1711 9427 1709 1709 9428 1714 1712 9429 1715 1713 9430 1712 1714 9431 1712 1714 9432 1713 1715 9433 1714 1712 9434 1704 1704 9435 1703 1703 9436 1716 1716 9437 1716 1716 9438 1717 1717 9439 1704 1704 9440 1716 1716 9441 1703 1703 9442 1714 1712 9443 1714 1712 9444 1713 1715 9445 1716 1716 9446 1720 1718 9447 1721 1719 9448 1718 1720 9449 1718 1720 9450 1719 1721 9451 1720 1718 9452 1722 1722 9453 1703 1703 9454 1701 1701 9455 1721 1719 9456 1704 1704 9457 1717 1717 9458 1717 1717 9459 1718 1720 9460 1721 1719 9461 1725 1723 9462 1726 1724 9463 1723 1725 9464 1723 1725 9465 1724 1726 9466 1725 1723 9467 1714 1712 9468 1703 1703 9469 1722 1722 9470 1722 1722 9471 1723 1725 9472 1714 1712 9473 1722 1722 9474 1701 1701 9475 1700 1700 9476 1700 1700 9477 1705 1705 9478 1722 1722 9479 1722 1722 9480 1705 1705 9481 1724 1726 9482 1724 1726 9483 1723 1725 9484 1722 1722 9485 1702 1702 9486 1704 1704 9487 1727 1727 9488 1723 1725 9489 1726 1724 9490 1715 1713 9491 1715 1713 9492 1714 1712 9493 1723 1725 9494 1729 1728 9495 1710 1710 9496 1708 1708 9497 1708 1708 9498 1728 1729 9499 1729 1728 9500 1727 1727 9501 1704 1704 9502 1721 1719 9503 1721 1719 9504 1728 1729 9505 1727 1727 9506 1698 1699 9507 1702 1702 9508 1727 1727 9509 1727 1727 9510 1699 1698 9511 1698 1699 9512 1708 1708 9513 1699 1698 9514 1727 1727 9515 1727 1727 9516 1728 1729 9517 1708 1708 9518 1720 1718 9519 1729 1728 9520 1728 1729 9521 1728 1729 9522 1721 1719 9523 1720 1718 9524 1730 1730 9525 1695 1696 9526 1697 1697 9527 1697 1697 9528 1709 1709 9529 1730 1730 9530 1696 1695 9531 1695 1696 9532 1730 1730 9533 1730 1730 9534 1731 1731 9535 1696 1695 9536 1709 1709 9537 1711 1711 9538 1732 1732 9539 1732 1732 9540 1730 1730 9541 1709 1709 9542 1732 1732 9543 1733 1733 9544 1731 1731 9545 1731 1731 9546 1730 1730 9547 1732 1732 9548 1705 1705 9549 1696 1695 9550 1731 1731 9551 1731 1731 9552 1724 1726 9553 1705 1705 9554 1733 1733 9555 1725 1723 9556 1724 1726 9557 1724 1726 9558 1731 1731 9559 1733 1733 9560 1736 1734 9561 1737 1735 9562 1734 1736 9563 1734 1736 9564 1735 1737 9565 1736 1734 9566 1738 1738 9567 1739 1739 9568 1735 1737 9569 1735 1737 9570 1734 1736 9571 1738 1738 9572 1736 1734 9573 1741 1740 9574 1740 1741 9575 1740 1741 9576 1737 1735 9577 1736 1734 9578 1741 1740 9579 1743 1742 9580 1742 1743 9581 1742 1743 9582 1740 1741 9583 1741 1740 9584 1745 1744 9585 1742 1743 9586 1743 1742 9587 1743 1742 9588 1744 1745 9589 1745 1744 9590 1738 1738 9591 1746 1746 9592 1747 1747 9593 1747 1747 9594 1739 1739 9595 1738 1738 9596 1745 1744 9597 1744 1745 9598 1747 1747 9599 1747 1747 9600 1746 1746 9601 1745 1744 9602 1748 1748 9603 1749 1749 9604 1740 1741 9605 1740 1741 9606 1742 1743 9607 1748 1748 9608 1750 1750 9609 1748 1748 9610 1742 1743 9611 1742 1743 9612 1745 1744 9613 1750 1750 9614 1746 1746 9615 1738 1738 9616 1751 1751 9617 1751 1751 9618 1752 1752 9619 1746 1746 9620 1752 1752 9621 1750 1750 9622 1745 1744 9623 1745 1744 9624 1746 1746 9625 1752 1752 9626 1734 1736 9627 1753 1753 9628 1751 1751 9629 1751 1751 9630 1738 1738 9631 1734 1736 9632 1737 1735 9633 1754 1754 9634 1753 1753 9635 1753 1753 9636 1734 1736 9637 1737 1735 9638 1737 1735 9639 1740 1741 9640 1749 1749 9641 1749 1749 9642 1754 1754 9643 1737 1735 9644 1757 1755 9645 1758 1756 9646 1755 1757 9647 1755 1757 9648 1756 1758 9649 1757 1755 9650 1758 1756 9651 1760 1759 9652 1759 1760 9653 1759 1760 9654 1755 1757 9655 1758 1756 9656 1761 1761 9657 1762 1762 9658 1756 1758 9659 1756 1758 9660 1755 1757 9661 1761 1761 9662 1759 1760 9663 1763 1763 9664 1761 1761 9665 1761 1761 9666 1755 1757 9667 1759 1760 9668 1757 1755 9669 1765 1764 9670 1764 1765 9671 1764 1765 9672 1758 1756 9673 1757 1755 9674 1764 1765 9675 1766 1766 9676 1760 1759 9677 1760 1759 9678 1758 1756 9679 1764 1765 9680 1765 1764 9681 1768 1767 9682 1767 1768 9683 1767 1768 9684 1764 1765 9685 1765 1764 9686 1767 1768 9687 1769 1769 9688 1766 1766 9689 1766 1766 9690 1764 1765 9691 1767 1768 9692 1768 1767 9693 1771 1770 9694 1770 1771 9695 1770 1771 9696 1767 1768 9697 1768 1767 9698 1770 1771 9699 1772 1772 9700 1769 1769 9701 1769 1769 9702 1767 1768 9703 1770 1771 9704 1774 1773 9705 1762 1762 9706 1761 1761 9707 1761 1761 9708 1773 1774 9709 1774 1773 9710 1773 1774 9711 1761 1761 9712 1763 1763 9713 1763 1763 9714 1775 1775 9715 1773 1774 9716 1771 1770 9717 1774 1773 9718 1773 1774 9719 1773 1774 9720 1770 1771 9721 1771 1770 9722 1773 1774 9723 1775 1775 9724 1772 1772 9725 1772 1772 9726 1770 1771 9727 1773 1774 9728 1754 1754 9729 1777 1776 9730 1776 1777 9731 1776 1777 9732 1753 1753 9733 1754 1754 9734 1777 1776 9735 1757 1755 9736 1756 1758 9737 1756 1758 9738 1776 1777 9739 1777 1776 9740 1778 1778 9741 1751 1751 9742 1753 1753 9743 1753 1753 9744 1776 1777 9745 1778 1778 9746 1762 1762 9747 1778 1778 9748 1776 1777 9749 1776 1777 9750 1756 1758 9751 1762 1762 9752 1754 1754 9753 1749 1749 9754 1779 1779 9755 1779 1779 9756 1777 1776 9757 1754 1754 9758 1777 1776 9759 1779 1779 9760 1765 1764 9761 1765 1764 9762 1757 1755 9763 1777 1776 9764 1749 1749 9765 1748 1748 9766 1780 1780 9767 1780 1780 9768 1779 1779 9769 1749 1749 9770 1779 1779 9771 1780 1780 9772 1768 1767 9773 1768 1767 9774 1765 1764 9775 1779 1779 9776 1748 1748 9777 1750 1750 9778 1781 1781 9779 1781 1781 9780 1780 1780 9781 1748 1748 9782 1771 1770 9783 1768 1767 9784 1780 1780 9785 1780 1780 9786 1781 1781 9787 1771 1770 9788 1752 1752 9789 1751 1751 9790 1778 1778 9791 1778 1778 9792 1782 1782 9793 1752 1752 9794 1782 1782 9795 1778 1778 9796 1762 1762 9797 1762 1762 9798 1774 1773 9799 1782 1782 9800 1750 1750 9801 1752 1752 9802 1782 1782 9803 1782 1782 9804 1781 1781 9805 1750 1750 9806 1774 1773 9807 1771 1770 9808 1781 1781 9809 1781 1781 9810 1782 1782 9811 1774 1773 9812 1785 1783 9813 1786 1784 9814 1783 1785 9815 1783 1785 9816 1784 1786 9817 1785 1783 9818 1787 1787 9819 1788 1788 9820 1785 1783 9821 1785 1783 9822 1784 1786 9823 1787 1787 9824 1789 1789 9825 1790 1790 9826 1784 1786 9827 1784 1786 9828 1783 1785 9829 1789 1789 9830 1784 1786 9831 1790 1790 9832 1791 1791 9833 1791 1791 9834 1787 1787 9835 1784 1786 9836 1794 1792 9837 1795 1793 9838 1792 1794 9839 1792 1794 9840 1793 1795 9841 1794 1792 9842 1793 1795 9843 1792 1794 9844 1796 1796 9845 1796 1796 9846 1797 1797 9847 1793 1795 9848 1793 1795 9849 1790 1790 9850 1789 1789 9851 1789 1789 9852 1794 1792 9853 1793 1795 9854 1797 1797 9855 1791 1791 9856 1790 1790 9857 1790 1790 9858 1793 1795 9859 1797 1797 9860 1795 1793 9861 1799 1798 9862 1798 1799 9863 1798 1799 9864 1792 1794 9865 1795 1793 9866 1792 1794 9867 1798 1799 9868 1800 1800 9869 1800 1800 9870 1796 1796 9871 1792 1794 9872 1801 1801 9873 1802 1802 9874 1798 1799 9875 1798 1799 9876 1799 1798 9877 1801 1801 9878 1798 1799 9879 1802 1802 9880 1803 1803 9881 1803 1803 9882 1800 1800 9883 1798 1799 9884 1786 1784 9885 1785 1783 9886 1802 1802 9887 1802 1802 9888 1801 1801 9889 1786 1784 9890 1802 1802 9891 1785 1783 9892 1788 1788 9893 1788 1788 9894 1803 1803 9895 1802 1802 9896 1806 1804 9897 1807 1805 9898 1804 1806 9899 1804 1806 9900 1805 1807 9901 1806 1804 9902 1807 1805 9903 1809 1808 9904 1808 1809 9905 1808 1809 9906 1804 1806 9907 1807 1805 9908 1810 1810 9909 1811 1811 9910 1805 1807 9911 1805 1807 9912 1804 1806 9913 1810 1810 9914 1812 1812 9915 1810 1810 9916 1804 1806 9917 1804 1806 9918 1808 1809 9919 1812 1812 9920 1815 1813 9921 1816 1814 9922 1813 1815 9923 1813 1815 9924 1814 1816 9925 1815 1813 9926 1817 1817 9927 1818 1818 9928 1816 1814 9929 1816 1814 9930 1815 1813 9931 1817 1817 9932 1814 1816 9933 1811 1811 9934 1810 1810 9935 1810 1810 9936 1815 1813 9937 1814 1816 9938 1810 1810 9939 1812 1812 9940 1817 1817 9941 1817 1817 9942 1815 1813 9943 1810 1810 9944 1816 1814 9945 1820 1819 9946 1819 1820 9947 1819 1820 9948 1813 1815 9949 1816 1814 9950 1818 1818 9951 1821 1821 9952 1820 1819 9953 1820 1819 9954 1816 1814 9955 1818 1818 9956 1820 1819 9957 1823 1822 9958 1822 1823 9959 1822 1823 9960 1819 1820 9961 1820 1819 9962 1821 1821 9963 1824 1824 9964 1823 1822 9965 1823 1822 9966 1820 1819 9967 1821 1821 9968 1807 1805 9969 1806 1804 9970 1822 1823 9971 1822 1823 9972 1823 1822 9973 1807 1805 9974 1809 1808 9975 1807 1805 9976 1823 1822 9977 1823 1822 9978 1824 1824 9979 1809 1808 9980 1786 1784 9981 1806 1804 9982 1805 1807 9983 1805 1807 9984 1783 1785 9985 1786 1784 9986 1811 1811 9987 1789 1789 9988 1783 1785 9989 1783 1785 9990 1805 1807 9991 1811 1811 9992 1814 1816 9993 1813 1815 9994 1795 1793 9995 1795 1793 9996 1794 1792 9997 1814 1816 9998 1794 1792 9999 1789 1789 10000 1811 1811 10001 1811 1811 10002 1814 1816 10003 1794 1792 10004 1813 1815 10005 1819 1820 10006 1799 1798 10007 1799 1798 10008 1795 1793 10009 1813 1815 10010 1822 1823 10011 1801 1801 10012 1799 1798 10013 1799 1798 10014 1819 1820 10015 1822 1823 10016 1806 1804 10017 1786 1784 10018 1801 1801 10019 1801 1801 10020 1822 1823 10021 1806 1804 10022 1826 1825 10023 1766 1766 10024 1769 1769 10025 1769 1769 10026 1825 1826 10027 1826 1825 10028 1809 1808 10029 1826 1825 10030 1825 1826 10031 1825 1826 10032 1808 1809 10033 1809 1808 10034 1772 1772 10035 1827 1827 10036 1825 1826 10037 1825 1826 10038 1769 1769 10039 1772 1772 10040 1825 1826 10041 1827 1827 10042 1812 1812 10043 1812 1812 10044 1808 1809 10045 1825 1826 10046 1775 1775 10047 1763 1763 10048 1828 1828 10049 1828 1828 10050 1829 1829 10051 1775 1775 10052 1829 1829 10053 1828 1828 10054 1818 1818 10055 1818 1818 10056 1817 1817 10057 1829 1829 10058 1772 1772 10059 1775 1775 10060 1829 1829 10061 1829 1829 10062 1827 1827 10063 1772 1772 10064 1817 1817 10065 1812 1812 10066 1827 1827 10067 1827 1827 10068 1829 1829 10069 1817 1817 10070 1763 1763 10071 1759 1760 10072 1830 1830 10073 1830 1830 10074 1828 1828 10075 1763 1763 10076 1828 1828 10077 1830 1830 10078 1821 1821 10079 1821 1821 10080 1818 1818 10081 1828 1828 10082 1759 1760 10083 1760 1759 10084 1831 1831 10085 1831 1831 10086 1830 1830 10087 1759 1760 10088 1830 1830 10089 1831 1831 10090 1824 1824 10091 1824 1824 10092 1821 1821 10093 1830 1830 10094 1766 1766 10095 1826 1825 10096 1831 1831 10097 1831 1831 10098 1760 1759 10099 1766 1766 10100 1826 1825 10101 1809 1808 10102 1824 1824 10103 1824 1824 10104 1831 1831 10105 1826 1825 10106 1834 1832 10107 1835 1833 10108 1832 1834 10109 1832 1834 10110 1833 1835 10111 1834 1832 10112 1832 1834 10113 1837 1836 10114 1836 1837 10115 1836 1837 10116 1833 1835 10117 1832 1834 10118 1838 1838 10119 1839 1839 10120 1835 1833 10121 1835 1833 10122 1834 1832 10123 1838 1838 10124 1838 1838 10125 1841 1840 10126 1840 1841 10127 1840 1841 10128 1839 1839 10129 1838 1838 10130 1844 1842 10131 1845 1843 10132 1842 1844 10133 1842 1844 10134 1843 1845 10135 1844 1842 10136 1847 1846 10137 1844 1842 10138 1843 1845 10139 1843 1845 10140 1846 1847 10141 1847 1846 10142 1842 1844 10143 1849 1848 10144 1848 1849 10145 1848 1849 10146 1843 1845 10147 1842 1844 10148 1843 1845 10149 1850 1850 10150 1846 1847 10151 1848 1849 10152 1841 1840 10153 1850 1850 10154 1850 1850 10155 1843 1845 10156 1848 1849 10157 1851 1851 10158 1852 1852 10159 1845 1843 10160 1845 1843 10161 1844 1842 10162 1851 1851 10163 1847 1846 10164 1853 1853 10165 1844 1842 10166 1853 1853 10167 1854 1854 10168 1851 1851 10169 1851 1851 10170 1844 1842 10171 1853 1853 10172 1836 1837 10173 1837 1836 10174 1855 1855 10175 1855 1855 10176 1856 1856 10177 1836 1837 10178 1857 1857 10179 1854 1854 10180 1856 1856 10181 1856 1856 10182 1855 1855 10183 1857 1857 10184 1797 1797 10185 1834 1832 10186 1833 1835 10187 1833 1835 10188 1791 1791 10189 1797 1797 10190 1833 1835 10191 1836 1837 10192 1787 1787 10193 1787 1787 10194 1791 1791 10195 1833 1835 10196 1796 1796 10197 1838 1838 10198 1834 1832 10199 1834 1832 10200 1797 1797 10201 1796 1796 10202 1800 1800 10203 1846 1847 10204 1850 1850 10205 1850 1850 10206 1796 1796 10207 1800 1800 10208 1850 1850 10209 1841 1840 10210 1838 1838 10211 1838 1838 10212 1796 1796 10213 1850 1850 10214 1847 1846 10215 1846 1847 10216 1800 1800 10217 1800 1800 10218 1803 1803 10219 1847 1846 10220 1803 1803 10221 1788 1788 10222 1853 1853 10223 1853 1853 10224 1847 1846 10225 1803 1803 10226 1787 1787 10227 1836 1837 10228 1856 1856 10229 1856 1856 10230 1788 1788 10231 1787 1787 10232 1856 1856 10233 1854 1854 10234 1853 1853 10235 1853 1853 10236 1788 1788 10237 1856 1856 10238 1848 1849 10239 1849 1848 10240 1858 1858 10241 1858 1858 10242 1859 1859 10243 1848 1849 10244 1859 1859 10245 1840 1841 10246 1841 1840 10247 1841 1840 10248 1848 1849 10249 1859 1859 10250 1860 1860 10251 1861 1861 10252 1852 1852 10253 1852 1852 10254 1851 1851 10255 1860 1860 10256 1854 1854 10257 1857 1857 10258 1860 1860 10259 1860 1860 10260 1851 1851 10261 1854 1854 10262 1862 1862 10263 1869 1863 10264 1886 1864 10265 1886 1864 10266 1885 1865 10267 1862 1862 10268 1863 1866 10269 1864 1867 10270 1889 1868 10271 1889 1868 10272 1881 1869 10273 1863 1866 10274 1866 1870 10275 1896 1871 10276 1870 1872 10277 1870 1872 10278 1865 1873 10279 1866 1870 10280 1868 1874 10281 1900 1875 10282 1878 1876 10283 1878 1876 10284 1867 1877 10285 1868 1874 10286 1870 1872 10287 1871 1878 10288 1872 1879 10289 1872 1879 10290 1869 1863 10291 1870 1872 10292 1873 1880 10293 1874 1881 10294 1875 1882 10295 1875 1882 10296 1876 1883 10297 1873 1880 10298 1878 1876 10299 1879 1884 10300 1880 1885 10301 1880 1885 10302 1877 1886 10303 1878 1876 10304 1882 1887 10305 1883 1888 10306 1884 1889 10307 1884 1889 10308 1881 1869 10309 1882 1887 10310 1886 1864 10311 1887 1890 10312 1888 1891 10313 1888 1891 10314 1885 1865 10315 1886 1864 10316 1890 1892 10317 1891 1893 10318 1892 1894 10319 1892 1894 10320 1889 1868 10321 1890 1892 10322 1894 1895 10323 1895 1896 10324 1896 1871 10325 1896 1871 10326 1893 1897 10327 1894 1895 10328 1898 1898 10329 1899 1899 10330 1900 1875 10331 1900 1875 10332 1897 1900 10333 1898 1898 10334 1872 1879 10335 1871 1878 10336 1905 1901 10337 1905 1901 10338 1912 1902 10339 1872 1879 10340 1874 1881 10341 1901 1903 10342 1902 1904 10343 1902 1904 10344 1875 1882 10345 1874 1881 10346 1880 1885 10347 1879 1884 10348 1906 1905 10349 1906 1905 10350 1909 1906 10351 1880 1885 10352 1883 1888 10353 1882 1887 10354 1908 1907 10355 1908 1907 10356 1904 1908 10357 1883 1888 10358 1903 1909 10359 1888 1891 10360 1887 1890 10361 1909 1906 10362 1892 1894 10363 1891 1893 10364 1891 1893 10365 1880 1885 10366 1909 1906 10367 1899 1899 10368 1898 1898 10369 1902 1904 10370 1902 1904 10371 1910 1910 10372 1899 1899 10373 1904 1908 10374 1905 1901 10375 1871 1878 10376 1871 1878 10377 1895 1896 10378 1904 1908 10379 1907 1911 10380 1908 1907 10381 1909 1906 10382 1909 1906 10383 1906 1905 10384 1907 1911 10385 1910 1910 10386 1906 1905 10387 1879 1884 10388 1879 1884 10389 1899 1899 10390 1910 1910 10391 1907 1911 10392 1911 1912 10393 1912 1902 10394 1912 1902 10395 1905 1901 10396 1907 1911 10397 1869 1863 10398 1862 1862 10399 1865 1873 10400 1865 1873 10401 1870 1872 10402 1869 1863 10403 1873 1880 10404 1876 1883 10405 1868 1874 10406 1868 1874 10407 1913 1913 10408 1873 1880 10409 1878 1876 10410 1877 1886 10411 1864 1867 10412 1864 1867 10413 1867 1877 10414 1878 1876 10415 1866 1870 10416 1884 1889 10417 1893 1897 10418 1893 1897 10419 1896 1871 10420 1866 1870 10421 1913 1913 10422 1862 1862 10423 1885 1865 10424 1885 1865 10425 1873 1880 10426 1913 1913 10427 1865 1873 10428 1914 1914 10429 1863 1866 10430 1863 1866 10431 1866 1870 10432 1865 1873 10433 1883 1888 10434 1894 1895 10435 1893 1897 10436 1893 1897 10437 1884 1889 10438 1883 1888 10439 1874 1881 10440 1873 1880 10441 1885 1865 10442 1885 1865 10443 1888 1891 10444 1874 1881 10445 1894 1895 10446 1883 1888 10447 1904 1908 10448 1904 1908 10449 1895 1896 10450 1894 1895 10451 1901 1903 10452 1874 1881 10453 1888 1891 10454 1888 1891 10455 1903 1909 10456 1901 1903 10457 1912 1902 10458 1903 1909 10459 1887 1890 10460 1887 1890 10461 1872 1879 10462 1912 1902 10463 1881 1869 10464 1884 1889 10465 1866 1870 10466 1866 1870 10467 1863 1866 10468 1881 1869 10469 1867 1877 10470 1914 1914 10471 1913 1913 10472 1913 1913 10473 1868 1874 10474 1867 1877 10475 1875 1882 10476 1898 1898 10477 1897 1900 10478 1897 1900 10479 1876 1883 10480 1875 1882 10481 1882 1887 10482 1881 1869 10483 1889 1868 10484 1889 1868 10485 1892 1894 10486 1882 1887 10487 1898 1898 10488 1875 1882 10489 1902 1904 10490 1892 1894 10491 1909 1906 10492 1908 1907 10493 1908 1907 10494 1882 1887 10495 1892 1894 10496 1901 1903 10497 1911 1912 10498 1910 1910 10499 1910 1910 10500 1902 1904 10501 1901 1903 10502 1897 1900 10503 1900 1875 10504 1868 1874 10505 1868 1874 10506 1876 1883 10507 1897 1900 10508 1887 1890 10509 1886 1864 10510 1869 1863 10511 1869 1863 10512 1872 1879 10513 1887 1890 10514 1899 1899 10515 1879 1884 10516 1878 1876 10517 1878 1876 10518 1900 1875 10519 1899 1899 10520 1911 1912 10521 1901 1903 10522 1903 1909 10523 1903 1909 10524 1912 1902 10525 1911 1912 10526 1914 1914 10527 1865 1873 10528 1862 1862 10529 1862 1862 10530 1913 1913 10531 1914 1914 10532 1911 1912 10533 1907 1911 10534 1906 1905 10535 1906 1905 10536 1910 1910 10537 1911 1912 10538 1914 1914 10539 1867 1877 10540 1864 1867 10541 1864 1867 10542 1863 1866 10543 1914 1914 10544 1891 1893 10545 1890 1892 10546 1877 1886 10547 1877 1886 10548 1880 1885 10549 1891 1893 10550 1895 1896 10551 1871 1878 10552 1870 1872 10553 1870 1872 10554 1896 1871 10555 1895 1896 10556 1890 1892 10557 1889 1868 10558 1864 1867 10559 1864 1867 10560 1877 1886 10561 1890 1892 10562 1908 1907 10563 1907 1911 10564 1905 1901 10565 1905 1901 10566 1904 1908 10567 1908 1907 10568 1915 1915 10569 1916 1916 10570 1951 1917 10571 1951 1917 10572 1950 1918 10573 1915 1915 10574 1918 1919 10575 1953 1920 10576 1952 1921 10577 1952 1921 10578 1917 1922 10579 1918 1919 10580 1919 1923 10581 1920 1924 10582 1955 1925 10583 1955 1925 10584 1954 1926 10585 1919 1923 10586 1947 1927 10587 1921 1928 10588 1966 1929 10589 1966 1929 10590 1963 1930 10591 1947 1927 10592 1915 1915 10593 1922 1931 10594 1923 1932 10595 1923 1932 10596 1916 1916 10597 1915 1915 10598 1924 1933 10599 1925 1934 10600 1918 1919 10601 1918 1919 10602 1917 1922 10603 1924 1933 10604 1919 1923 10605 1926 1935 10606 1927 1936 10607 1927 1936 10608 1920 1924 10609 1919 1923 10610 1921 1928 10611 1947 1927 10612 1937 1937 10613 1937 1937 10614 1928 1938 10615 1921 1928 10616 1930 1939 10617 1942 1940 10618 1922 1931 10619 1922 1931 10620 1929 1941 10621 1930 1939 10622 1931 1942 10623 1924 1933 10624 1932 1943 10625 1932 1943 10626 1933 1944 10627 1931 1942 10628 1935 1945 10629 1926 1935 10630 1923 1932 10631 1923 1932 10632 1934 1946 10633 1935 1945 10634 1937 1937 10635 1925 1934 10636 1938 1947 10637 1938 1947 10638 1936 1948 10639 1937 1937 10640 1940 1949 10641 1936 1948 10642 1946 1950 10643 1946 1950 10644 1939 1951 10645 1940 1949 10646 1949 1952 10647 1945 1953 10648 1943 1954 10649 1943 1954 10650 1941 1955 10651 1949 1952 10652 1916 1916 10653 1919 1923 10654 1954 1926 10655 1954 1926 10656 1951 1917 10657 1916 1916 10658 1916 1916 10659 1923 1932 10660 1926 1935 10661 1926 1935 10662 1919 1923 10663 1916 1916 10664 1926 1935 10665 1935 1945 10666 1933 1944 10667 1933 1944 10668 1927 1936 10669 1926 1935 10670 1943 1954 10671 1935 1945 10672 1934 1946 10673 1934 1946 10674 1942 1940 10675 1943 1954 10676 1944 1956 10677 1917 1922 10678 1952 1921 10679 1952 1921 10680 1955 1925 10681 1944 1956 10682 1924 1933 10683 1917 1922 10684 1944 1956 10685 1944 1956 10686 1932 1943 10687 1924 1933 10688 1925 1934 10689 1924 1933 10690 1931 1942 10691 1931 1942 10692 1938 1947 10693 1925 1934 10694 1933 1944 10695 1945 1953 10696 1946 1950 10697 1946 1950 10698 1931 1942 10699 1933 1944 10700 1953 1920 10701 1918 1919 10702 1947 1927 10703 1947 1927 10704 1963 1930 10705 1953 1920 10706 1925 1934 10707 1937 1937 10708 1947 1927 10709 1947 1927 10710 1918 1919 10711 1925 1934 10712 1922 1931 10713 1942 1940 10714 1934 1946 10715 1934 1946 10716 1923 1932 10717 1922 1931 10718 1931 1942 10719 1946 1950 10720 1936 1948 10721 1936 1948 10722 1938 1947 10723 1931 1942 10724 1935 1945 10725 1943 1954 10726 1945 1953 10727 1945 1953 10728 1933 1944 10729 1935 1945 10730 1967 1957 10731 1948 1958 10732 1915 1915 10733 1915 1915 10734 1950 1918 10735 1967 1957 10736 1915 1915 10737 1948 1958 10738 1929 1941 10739 1929 1941 10740 1922 1931 10741 1915 1915 10742 1936 1948 10743 1940 1949 10744 1928 1938 10745 1928 1938 10746 1937 1937 10747 1936 1948 10748 1942 1940 10749 1930 1939 10750 1941 1955 10751 1941 1955 10752 1943 1954 10753 1942 1940 10754 1945 1953 10755 1949 1952 10756 1939 1951 10757 1939 1951 10758 1946 1950 10759 1945 1953 10760 1944 1956 10761 1955 1925 10762 1920 1924 10763 1920 1924 10764 1927 1936 10765 1932 1943 10766 1932 1943 10767 1944 1956 10768 1920 1924 10769 1927 1936 10770 1933 1944 10771 1932 1943 10772 1948 1958 10773 1967 1957 10774 1964 1959 10775 1929 1941 10776 1948 1958 10777 1964 1959 10778 1964 1959 10779 1959 1960 10780 1929 1941 10781 1929 1941 10782 1959 1960 10783 1958 1961 10784 1958 1961 10785 1930 1939 10786 1929 1941 10787 1930 1939 10788 1958 1961 10789 1962 1962 10790 1962 1962 10791 1941 1955 10792 1930 1939 10793 1941 1955 10794 1962 1962 10795 1965 1963 10796 1965 1963 10797 1949 1952 10798 1941 1955 10799 1949 1952 10800 1965 1963 10801 1961 1964 10802 1961 1964 10803 1939 1951 10804 1949 1952 10805 1939 1951 10806 1961 1964 10807 1960 1965 10808 1960 1965 10809 1940 1949 10810 1939 1951 10811 1940 1949 10812 1960 1965 10813 1957 1966 10814 1957 1966 10815 1928 1938 10816 1940 1949 10817 1928 1938 10818 1957 1966 10819 1956 1967 10820 1956 1967 10821 1921 1928 10822 1928 1938 10823 1921 1928 10824 1956 1967 10825 1966 1929 10826 1968 1968 10827 1991 1969 10828 1992 1970 10829 1992 1970 10830 1975 1971 10831 1968 1968 10832 1969 1972 10833 1987 1973 10834 1995 1974 10835 1995 1974 10836 1970 1975 10837 1969 1972 10838 1972 1976 10839 1971 1977 10840 1976 1978 10841 1976 1978 10842 2002 1979 10843 1972 1976 10844 1974 1980 10845 1973 1981 10846 1984 1982 10847 1984 1982 10848 2006 1983 10849 1974 1980 10850 1976 1978 10851 1975 1971 10852 1978 1984 10853 1978 1984 10854 1977 1985 10855 1976 1978 10856 1979 1986 10857 1982 1987 10858 1981 1988 10859 1981 1988 10860 1980 1989 10861 1979 1986 10862 1984 1982 10863 1983 1990 10864 1986 1991 10865 1986 1991 10866 1985 1992 10867 1984 1982 10868 1988 1993 10869 1987 1973 10870 1990 1994 10871 1990 1994 10872 1989 1995 10873 1988 1993 10874 1992 1970 10875 1991 1969 10876 1994 1996 10877 1994 1996 10878 1993 1997 10879 1992 1970 10880 1996 1998 10881 1995 1974 10882 1998 1999 10883 1998 1999 10884 1997 2000 10885 1996 1998 10886 2000 2001 10887 1999 2002 10888 2002 1979 10889 2002 1979 10890 2001 2003 10891 2000 2001 10892 2004 2004 10893 2003 2005 10894 2006 1983 10895 2006 1983 10896 2005 2006 10897 2004 2004 10898 1978 1984 10899 2018 2007 10900 2011 2008 10901 2011 2008 10902 1977 1985 10903 1978 1984 10904 1980 1989 10905 1981 1988 10906 2008 2009 10907 2008 2009 10908 2007 2010 10909 1980 1989 10910 1986 1991 10911 2015 2011 10912 2012 2012 10913 2012 2012 10914 1985 1992 10915 1986 1991 10916 1989 1995 10917 2010 2013 10918 2014 2014 10919 2014 2014 10920 1988 1993 10921 1989 1995 10922 2009 2015 10923 1993 1997 10924 1994 1996 10925 2015 2011 10926 1986 1991 10927 1997 2000 10928 1997 2000 10929 1998 1999 10930 2015 2011 10931 2005 2006 10932 2016 2016 10933 2008 2009 10934 2008 2009 10935 2004 2004 10936 2005 2006 10937 2010 2013 10938 2001 2003 10939 1977 1985 10940 1977 1985 10941 2011 2008 10942 2010 2013 10943 2013 2017 10944 2012 2012 10945 2015 2011 10946 2015 2011 10947 2014 2014 10948 2013 2017 10949 2016 2016 10950 2005 2006 10951 1985 1992 10952 1985 1992 10953 2012 2012 10954 2016 2016 10955 2013 2017 10956 2011 2008 10957 2018 2007 10958 2018 2007 10959 2017 2018 10960 2013 2017 10961 1975 1971 10962 1976 1978 10963 1971 1977 10964 1971 1977 10965 1968 1968 10966 1975 1971 10967 1979 1986 10968 2019 2019 10969 1974 1980 10970 1974 1980 10971 1982 1987 10972 1979 1986 10973 1984 1982 10974 1973 1981 10975 1970 1975 10976 1970 1975 10977 1983 1990 10978 1984 1982 10979 1972 1976 10980 2002 1979 10981 1999 2002 10982 1999 2002 10983 1990 1994 10984 1972 1976 10985 2019 2019 10986 1979 1986 10987 1991 1969 10988 1991 1969 10989 1968 1968 10990 2019 2019 10991 1971 1977 10992 1972 1976 10993 1969 1972 10994 1969 1972 10995 2020 2020 10996 1971 1977 10997 1989 1995 10998 1990 1994 10999 1999 2002 11000 1999 2002 11001 2000 2001 11002 1989 1995 11003 1980 1989 11004 1994 1996 11005 1991 1969 11006 1991 1969 11007 1979 1986 11008 1980 1989 11009 2000 2001 11010 2001 2003 11011 2010 2013 11012 2010 2013 11013 1989 1995 11014 2000 2001 11015 2007 2010 11016 2009 2015 11017 1994 1996 11018 1994 1996 11019 1980 1989 11020 2007 2010 11021 2018 2007 11022 1978 1984 11023 1993 1997 11024 1993 1997 11025 2009 2015 11026 2018 2007 11027 1987 1973 11028 1969 1972 11029 1972 1976 11030 1972 1976 11031 1990 1994 11032 1987 1973 11033 1973 1981 11034 1974 1980 11035 2019 2019 11036 2019 2019 11037 2020 2020 11038 1973 1981 11039 1981 1988 11040 1982 1987 11041 2003 2005 11042 2003 2005 11043 2004 2004 11044 1981 1988 11045 1988 1993 11046 1998 1999 11047 1995 1974 11048 1995 1974 11049 1987 1973 11050 1988 1993 11051 2004 2004 11052 2008 2009 11053 1981 1988 11054 1998 1999 11055 1988 1993 11056 2014 2014 11057 2014 2014 11058 2015 2011 11059 1998 1999 11060 2007 2010 11061 2008 2009 11062 2016 2016 11063 2016 2016 11064 2017 2018 11065 2007 2010 11066 2003 2005 11067 1982 1987 11068 1974 1980 11069 1974 1980 11070 2006 1983 11071 2003 2005 11072 1993 1997 11073 1978 1984 11074 1975 1971 11075 1975 1971 11076 1992 1970 11077 1993 1997 11078 2005 2006 11079 2006 1983 11080 1984 1982 11081 1984 1982 11082 1985 1992 11083 2005 2006 11084 2017 2018 11085 2018 2007 11086 2009 2015 11087 2009 2015 11088 2007 2010 11089 2017 2018 11090 2020 2020 11091 2019 2019 11092 1968 1968 11093 1968 1968 11094 1971 1977 11095 2020 2020 11096 2017 2018 11097 2016 2016 11098 2012 2012 11099 2012 2012 11100 2013 2017 11101 2017 2018 11102 2020 2020 11103 1969 1972 11104 1970 1975 11105 1970 1975 11106 1973 1981 11107 2020 2020 11108 1997 2000 11109 1986 1991 11110 1983 1990 11111 1983 1990 11112 1996 1998 11113 1997 2000 11114 2001 2003 11115 2002 1979 11116 1976 1978 11117 1976 1978 11118 1977 1985 11119 2001 2003 11120 1996 1998 11121 1983 1990 11122 1970 1975 11123 1970 1975 11124 1995 1974 11125 1996 1998 11126 2014 2014 11127 2010 2013 11128 2011 2008 11129 2011 2008 11130 2013 2017 11131 2014 2014 11132 2021 2021 11133 2056 2022 11134 2057 2023 11135 2057 2023 11136 2022 2024 11137 2021 2021 11138 2024 2025 11139 2023 2026 11140 2058 2027 11141 2058 2027 11142 2059 2028 11143 2024 2025 11144 2025 2029 11145 2060 2030 11146 2061 2031 11147 2061 2031 11148 2026 2032 11149 2025 2029 11150 2053 2033 11151 2069 2034 11152 2072 2035 11153 2072 2035 11154 2027 2036 11155 2053 2033 11156 2021 2021 11157 2022 2024 11158 2029 2037 11159 2029 2037 11160 2028 2038 11161 2021 2021 11162 2030 2039 11163 2023 2026 11164 2024 2025 11165 2024 2025 11166 2031 2040 11167 2030 2039 11168 2025 2029 11169 2026 2032 11170 2033 2041 11171 2033 2041 11172 2032 2042 11173 2025 2029 11174 2027 2036 11175 2034 2043 11176 2043 2044 11177 2043 2044 11178 2053 2033 11179 2027 2036 11180 2036 2045 11181 2035 2046 11182 2028 2038 11183 2028 2038 11184 2048 2047 11185 2036 2045 11186 2037 2048 11187 2039 2049 11188 2038 2050 11189 2038 2050 11190 2030 2039 11191 2037 2048 11192 2041 2051 11193 2040 2052 11194 2029 2037 11195 2029 2037 11196 2032 2042 11197 2041 2051 11198 2043 2044 11199 2042 2053 11200 2044 2054 11201 2044 2054 11202 2031 2040 11203 2043 2044 11204 2046 2055 11205 2045 2056 11206 2052 2057 11207 2052 2057 11208 2042 2053 11209 2046 2055 11210 2055 2058 11211 2047 2059 11212 2049 2060 11213 2049 2060 11214 2051 2061 11215 2055 2058 11216 2022 2024 11217 2057 2023 11218 2060 2030 11219 2060 2030 11220 2025 2029 11221 2022 2024 11222 2022 2024 11223 2025 2029 11224 2032 2042 11225 2032 2042 11226 2029 2037 11227 2022 2024 11228 2032 2042 11229 2033 2041 11230 2039 2049 11231 2039 2049 11232 2041 2051 11233 2032 2042 11234 2049 2060 11235 2048 2047 11236 2040 2052 11237 2040 2052 11238 2041 2051 11239 2049 2060 11240 2050 2062 11241 2061 2031 11242 2058 2027 11243 2058 2027 11244 2023 2026 11245 2050 2062 11246 2030 2039 11247 2038 2050 11248 2050 2062 11249 2050 2062 11250 2023 2026 11251 2030 2039 11252 2031 2040 11253 2044 2054 11254 2037 2048 11255 2037 2048 11256 2030 2039 11257 2031 2040 11258 2039 2049 11259 2037 2048 11260 2052 2057 11261 2052 2057 11262 2051 2061 11263 2039 2049 11264 2059 2028 11265 2069 2034 11266 2053 2033 11267 2053 2033 11268 2024 2025 11269 2059 2028 11270 2031 2040 11271 2024 2025 11272 2053 2033 11273 2053 2033 11274 2043 2044 11275 2031 2040 11276 2028 2038 11277 2029 2037 11278 2040 2052 11279 2040 2052 11280 2048 2047 11281 2028 2038 11282 2037 2048 11283 2044 2054 11284 2042 2053 11285 2042 2053 11286 2052 2057 11287 2037 2048 11288 2041 2051 11289 2039 2049 11290 2051 2061 11291 2051 2061 11292 2049 2060 11293 2041 2051 11294 2073 2063 11295 2056 2022 11296 2021 2021 11297 2021 2021 11298 2054 2064 11299 2073 2063 11300 2021 2021 11301 2028 2038 11302 2035 2046 11303 2035 2046 11304 2054 2064 11305 2021 2021 11306 2042 2053 11307 2043 2044 11308 2034 2043 11309 2034 2043 11310 2046 2055 11311 2042 2053 11312 2048 2047 11313 2049 2060 11314 2047 2059 11315 2047 2059 11316 2036 2045 11317 2048 2047 11318 2051 2061 11319 2052 2057 11320 2045 2056 11321 2045 2056 11322 2055 2058 11323 2051 2061 11324 2050 2062 11325 2026 2032 11326 2061 2031 11327 2026 2032 11328 2050 2062 11329 2038 2050 11330 2038 2050 11331 2033 2041 11332 2026 2032 11333 2033 2041 11334 2038 2050 11335 2039 2049 11336 2054 2064 11337 2070 2065 11338 2073 2063 11339 2035 2046 11340 2065 2066 11341 2070 2065 11342 2070 2065 11343 2054 2064 11344 2035 2046 11345 2035 2046 11346 2036 2045 11347 2064 2067 11348 2064 2067 11349 2065 2066 11350 2035 2046 11351 2036 2045 11352 2047 2059 11353 2068 2068 11354 2068 2068 11355 2064 2067 11356 2036 2045 11357 2047 2059 11358 2055 2058 11359 2071 2069 11360 2071 2069 11361 2068 2068 11362 2047 2059 11363 2055 2058 11364 2045 2056 11365 2067 2070 11366 2067 2070 11367 2071 2069 11368 2055 2058 11369 2045 2056 11370 2046 2055 11371 2066 2071 11372 2066 2071 11373 2067 2070 11374 2045 2056 11375 2046 2055 11376 2034 2043 11377 2063 2072 11378 2063 2072 11379 2066 2071 11380 2046 2055 11381 2034 2043 11382 2027 2036 11383 2062 2073 11384 2062 2073 11385 2063 2072 11386 2034 2043 11387 2027 2036 11388 2072 2035 11389 2062 2073 11390 2085 2074 11391 2092 2075 11392 2074 2076 11393 2074 2076 11394 2075 2077 11395 2085 2074 11396 2077 2078 11397 2075 2077 11398 2074 2076 11399 2074 2076 11400 2076 2079 11401 2077 2078 11402 2078 2080 11403 2077 2078 11404 2076 2079 11405 2076 2079 11406 2079 2081 11407 2078 2080 11408 2079 2081 11409 2081 2082 11410 2080 2083 11411 2080 2083 11412 2078 2080 11413 2079 2081 11414 2081 2082 11415 2126 2084 11416 2095 2085 11417 2095 2085 11418 2080 2083 11419 2081 2082 11420 2080 2083 11421 2128 2086 11422 2082 2087 11423 2082 2087 11424 2078 2080 11425 2080 2083 11426 2125 2088 11427 2077 2078 11428 2078 2080 11429 2078 2080 11430 2082 2087 11431 2125 2088 11432 2075 2077 11433 2077 2078 11434 2125 2088 11435 2125 2088 11436 2083 2089 11437 2075 2077 11438 2085 2074 11439 2075 2077 11440 2083 2089 11441 2083 2089 11442 2084 2090 11443 2085 2074 11444 2085 2074 11445 2084 2090 11446 2086 2091 11447 2086 2091 11448 2087 2092 11449 2085 2074 11450 2092 2075 11451 2097 2093 11452 2088 2094 11453 2088 2094 11454 2074 2076 11455 2092 2075 11456 2089 2095 11457 2076 2079 11458 2074 2076 11459 2074 2076 11460 2088 2094 11461 2089 2095 11462 2090 2096 11463 2079 2081 11464 2076 2079 11465 2076 2079 11466 2089 2095 11467 2090 2096 11468 2090 2096 11469 2091 2097 11470 2081 2082 11471 2081 2082 11472 2079 2081 11473 2090 2096 11474 2127 2098 11475 2126 2084 11476 2081 2082 11477 2081 2082 11478 2091 2097 11479 2127 2098 11480 2087 2092 11481 2093 2099 11482 2092 2075 11483 2092 2075 11484 2085 2074 11485 2087 2092 11486 2128 2086 11487 2080 2083 11488 2095 2085 11489 2095 2085 11490 2094 2100 11491 2128 2086 11492 2092 2075 11493 2093 2099 11494 2096 2101 11495 2096 2101 11496 2097 2093 11497 2092 2075 11498 2100 2102 11499 2101 2103 11500 2098 2104 11501 2098 2104 11502 2099 2105 11503 2100 2102 11504 2132 2106 11505 2110 2107 11506 2103 2108 11507 2103 2108 11508 2102 2109 11509 2132 2106 11510 2102 2109 11511 2103 2108 11512 2104 2110 11513 2104 2110 11514 2105 2111 11515 2102 2109 11516 2107 2112 11517 2105 2111 11518 2104 2110 11519 2104 2110 11520 2106 2113 11521 2107 2112 11522 2106 2113 11523 2095 2085 11524 2126 2084 11525 2126 2084 11526 2107 2112 11527 2106 2113 11528 2129 2114 11529 2106 2113 11530 2104 2110 11531 2104 2110 11532 2108 2115 11533 2129 2114 11534 2108 2115 11535 2104 2110 11536 2103 2108 11537 2103 2108 11538 2131 2116 11539 2108 2115 11540 2131 2116 11541 2103 2108 11542 2110 2107 11543 2110 2107 11544 2109 2117 11545 2131 2116 11546 2111 2118 11547 2109 2117 11548 2110 2107 11549 2110 2107 11550 2099 2105 11551 2111 2118 11552 2113 2119 11553 2101 2103 11554 2100 2102 11555 2100 2102 11556 2112 2120 11557 2113 2119 11558 2133 2121 11559 2132 2106 11560 2102 2109 11561 2102 2109 11562 2114 2122 11563 2133 2121 11564 2114 2122 11565 2102 2109 11566 2105 2111 11567 2105 2111 11568 2130 2123 11569 2114 2122 11570 2115 2124 11571 2130 2123 11572 2105 2111 11573 2105 2111 11574 2107 2112 11575 2115 2124 11576 2115 2124 11577 2107 2112 11578 2126 2084 11579 2126 2084 11580 2127 2098 11581 2115 2124 11582 2106 2113 11583 2129 2114 11584 2094 2100 11585 2094 2100 11586 2095 2085 11587 2106 2113 11588 2117 2125 11589 2098 2104 11590 2101 2103 11591 2101 2103 11592 2116 2126 11593 2117 2125 11594 2119 2127 11595 2098 2104 11596 2117 2125 11597 2117 2125 11598 2118 2128 11599 2119 2127 11600 2101 2103 11601 2113 2119 11602 2120 2129 11603 2120 2129 11604 2116 2126 11605 2101 2103 11606 2122 2130 11607 2117 2125 11608 2116 2126 11609 2116 2126 11610 2121 2131 11611 2122 2130 11612 2123 2132 11613 2118 2128 11614 2117 2125 11615 2117 2125 11616 2122 2130 11617 2123 2132 11618 2116 2126 11619 2120 2129 11620 2124 2133 11621 2124 2133 11622 2121 2131 11623 2116 2126 11624 2123 2132 11625 2122 2130 11626 2121 2131 11627 2121 2131 11628 2124 2133 11629 2123 2132 11630 2113 2119 11631 2119 2127 11632 2118 2128 11633 2118 2128 11634 2120 2129 11635 2113 2119 11636 2123 2132 11637 2124 2133 11638 2120 2129 11639 2120 2129 11640 2118 2128 11641 2123 2132 11642 2087 2092 11643 2086 2091 11644 2096 2101 11645 2096 2101 11646 2093 2099 11647 2087 2092 11648 2132 2106 11649 2100 2102 11650 2099 2105 11651 2099 2105 11652 2110 2107 11653 2132 2106 11654 2119 2127 11655 2111 2118 11656 2099 2105 11657 2099 2105 11658 2098 2104 11659 2119 2127 11660 2112 2120 11661 2100 2102 11662 2132 2106 11663 2132 2106 11664 2133 2121 11665 2112 2120 11666 2135 2134 11667 2134 2135 11668 2137 2136 11669 2137 2136 11670 2136 2137 11671 2135 2134 11672 2135 2134 11673 2139 2138 11674 2138 2139 11675 2138 2139 11676 2134 2135 11677 2135 2134 11678 2140 2140 11679 2143 2141 11680 2142 2142 11681 2142 2142 11682 2141 2143 11683 2140 2140 11684 2144 2144 11685 2135 2134 11686 2136 2137 11687 2136 2137 11688 2145 2145 11689 2144 2144 11690 2146 2146 11691 2141 2143 11692 2142 2142 11693 2142 2142 11694 2147 2147 11695 2146 2146 11696 2147 2147 11697 2142 2142 11698 2143 2141 11699 2143 2141 11700 2148 2148 11701 2147 2147 11702 2148 2148 11703 2143 2141 11704 2140 2140 11705 2140 2140 11706 2149 2149 11707 2148 2148 11708 2149 2149 11709 2140 2140 11710 2137 2136 11711 2137 2136 11712 2150 2150 11713 2149 2149 11714 2151 2151 11715 2134 2135 11716 2138 2139 11717 2138 2139 11718 2152 2152 11719 2151 2151 11720 2152 2152 11721 2138 2139 11722 2139 2138 11723 2139 2138 11724 2153 2153 11725 2152 2152 11726 2153 2153 11727 2139 2138 11728 2135 2134 11729 2135 2134 11730 2144 2144 11731 2153 2153 11732 2141 2143 11733 2136 2137 11734 2137 2136 11735 2137 2136 11736 2140 2140 11737 2141 2143 11738 2146 2146 11739 2145 2145 11740 2136 2137 11741 2136 2137 11742 2141 2143 11743 2146 2146 11744 2151 2151 11745 2150 2150 11746 2137 2136 11747 2137 2136 11748 2134 2135 11749 2151 2151 11750 2155 2154 11751 2154 2155 11752 2157 2156 11753 2157 2156 11754 2156 2157 11755 2155 2154 11756 2155 2154 11757 2159 2158 11758 2158 2159 11759 2158 2159 11760 2154 2155 11761 2155 2154 11762 2160 2160 11763 2163 2161 11764 2162 2162 11765 2162 2162 11766 2161 2163 11767 2160 2160 11768 2164 2164 11769 2155 2154 11770 2156 2157 11771 2156 2157 11772 2165 2165 11773 2164 2164 11774 2166 2166 11775 2161 2163 11776 2162 2162 11777 2162 2162 11778 2167 2167 11779 2166 2166 11780 2167 2167 11781 2162 2162 11782 2163 2161 11783 2163 2161 11784 2168 2168 11785 2167 2167 11786 2168 2168 11787 2163 2161 11788 2160 2160 11789 2160 2160 11790 2169 2169 11791 2168 2168 11792 2169 2169 11793 2160 2160 11794 2157 2156 11795 2157 2156 11796 2170 2170 11797 2169 2169 11798 2171 2171 11799 2154 2155 11800 2158 2159 11801 2158 2159 11802 2172 2172 11803 2171 2171 11804 2172 2172 11805 2158 2159 11806 2159 2158 11807 2159 2158 11808 2173 2173 11809 2172 2172 11810 2173 2173 11811 2159 2158 11812 2155 2154 11813 2155 2154 11814 2164 2164 11815 2173 2173 11816 2161 2163 11817 2156 2157 11818 2157 2156 11819 2157 2156 11820 2160 2160 11821 2161 2163 11822 2166 2166 11823 2165 2165 11824 2156 2157 11825 2156 2157 11826 2161 2163 11827 2166 2166 11828 2171 2171 11829 2170 2170 11830 2157 2156 11831 2157 2156 11832 2154 2155 11833 2171 2171 11834 2175 2174 11835 2174 2175 11836 2177 2176 11837 2177 2176 11838 2176 2177 11839 2175 2174 11840 2175 2174 11841 2179 2178 11842 2178 2179 11843 2178 2179 11844 2174 2175 11845 2175 2174 11846 2180 2180 11847 2183 2181 11848 2182 2182 11849 2182 2182 11850 2181 2183 11851 2180 2180 11852 2184 2184 11853 2175 2174 11854 2176 2177 11855 2176 2177 11856 2185 2185 11857 2184 2184 11858 2186 2186 11859 2181 2183 11860 2182 2182 11861 2182 2182 11862 2187 2187 11863 2186 2186 11864 2187 2187 11865 2182 2182 11866 2183 2181 11867 2183 2181 11868 2188 2188 11869 2187 2187 11870 2188 2188 11871 2183 2181 11872 2180 2180 11873 2180 2180 11874 2189 2189 11875 2188 2188 11876 2189 2189 11877 2180 2180 11878 2177 2176 11879 2177 2176 11880 2190 2190 11881 2189 2189 11882 2191 2191 11883 2174 2175 11884 2178 2179 11885 2178 2179 11886 2192 2192 11887 2191 2191 11888 2192 2192 11889 2178 2179 11890 2179 2178 11891 2179 2178 11892 2193 2193 11893 2192 2192 11894 2193 2193 11895 2179 2178 11896 2175 2174 11897 2175 2174 11898 2184 2184 11899 2193 2193 11900 2181 2183 11901 2176 2177 11902 2177 2176 11903 2177 2176 11904 2180 2180 11905 2181 2183 11906 2186 2186 11907 2185 2185 11908 2176 2177 11909 2176 2177 11910 2181 2183 11911 2186 2186 11912 2191 2191 11913 2190 2190 11914 2177 2176 11915 2177 2176 11916 2174 2175 11917 2191 2191 11918 2195 2194 11919 2196 2195 11920 2197 2196 11921 2197 2196 11922 2194 2197 11923 2195 2194 11924 2195 2194 11925 2194 2197 11926 2198 2198 11927 2198 2198 11928 2199 2199 11929 2195 2194 11930 2200 2200 11931 2201 2201 11932 2202 2202 11933 2202 2202 11934 2203 2203 11935 2200 2200 11936 2204 2204 11937 2205 2205 11938 2196 2195 11939 2196 2195 11940 2195 2194 11941 2204 2204 11942 2206 2206 11943 2207 2207 11944 2202 2202 11945 2202 2202 11946 2201 2201 11947 2206 2206 11948 2207 2207 11949 2208 2208 11950 2203 2203 11951 2203 2203 11952 2202 2202 11953 2207 2207 11954 2208 2208 11955 2209 2209 11956 2200 2200 11957 2200 2200 11958 2203 2203 11959 2208 2208 11960 2209 2209 11961 2210 2210 11962 2197 2196 11963 2197 2196 11964 2200 2200 11965 2209 2209 11966 2211 2211 11967 2212 2212 11968 2198 2198 11969 2198 2198 11970 2194 2197 11971 2211 2211 11972 2212 2212 11973 2213 2213 11974 2199 2199 11975 2199 2199 11976 2198 2198 11977 2212 2212 11978 2213 2213 11979 2204 2204 11980 2195 2194 11981 2195 2194 11982 2199 2199 11983 2213 2213 11984 2201 2201 11985 2200 2200 11986 2197 2196 11987 2197 2196 11988 2196 2195 11989 2201 2201 11990 2206 2206 11991 2201 2201 11992 2196 2195 11993 2196 2195 11994 2205 2205 11995 2206 2206 11996 2211 2211 11997 2194 2197 11998 2197 2196 11999 2197 2196 12000 2210 2210 12001 2211 2211 12002 2215 2214 12003 2216 2215 12004 2217 2216 12005 2217 2216 12006 2214 2217 12007 2215 2214 12008 2215 2214 12009 2214 2217 12010 2218 2218 12011 2218 2218 12012 2219 2219 12013 2215 2214 12014 2220 2220 12015 2221 2221 12016 2222 2222 12017 2222 2222 12018 2223 2223 12019 2220 2220 12020 2224 2224 12021 2225 2225 12022 2216 2215 12023 2216 2215 12024 2215 2214 12025 2224 2224 12026 2226 2226 12027 2227 2227 12028 2222 2222 12029 2222 2222 12030 2221 2221 12031 2226 2226 12032 2227 2227 12033 2228 2228 12034 2223 2223 12035 2223 2223 12036 2222 2222 12037 2227 2227 12038 2228 2228 12039 2229 2229 12040 2220 2220 12041 2220 2220 12042 2223 2223 12043 2228 2228 12044 2229 2229 12045 2230 2230 12046 2217 2216 12047 2217 2216 12048 2220 2220 12049 2229 2229 12050 2231 2231 12051 2232 2232 12052 2218 2218 12053 2218 2218 12054 2214 2217 12055 2231 2231 12056 2232 2232 12057 2233 2233 12058 2219 2219 12059 2219 2219 12060 2218 2218 12061 2232 2232 12062 2233 2233 12063 2224 2224 12064 2215 2214 12065 2215 2214 12066 2219 2219 12067 2233 2233 12068 2221 2221 12069 2220 2220 12070 2217 2216 12071 2217 2216 12072 2216 2215 12073 2221 2221 12074 2226 2226 12075 2221 2221 12076 2216 2215 12077 2216 2215 12078 2225 2225 12079 2226 2226 12080 2231 2231 12081 2214 2217 12082 2217 2216 12083 2217 2216 12084 2230 2230 12085 2231 2231 12086 2235 2234 12087 2236 2235 12088 2237 2236 12089 2237 2236 12090 2234 2237 12091 2235 2234 12092 2235 2234 12093 2234 2237 12094 2238 2238 12095 2238 2238 12096 2239 2239 12097 2235 2234 12098 2240 2240 12099 2241 2241 12100 2242 2242 12101 2242 2242 12102 2243 2243 12103 2240 2240 12104 2244 2244 12105 2245 2245 12106 2236 2235 12107 2236 2235 12108 2235 2234 12109 2244 2244 12110 2246 2246 12111 2247 2247 12112 2242 2242 12113 2242 2242 12114 2241 2241 12115 2246 2246 12116 2247 2247 12117 2248 2248 12118 2243 2243 12119 2243 2243 12120 2242 2242 12121 2247 2247 12122 2248 2248 12123 2249 2249 12124 2240 2240 12125 2240 2240 12126 2243 2243 12127 2248 2248 12128 2249 2249 12129 2250 2250 12130 2237 2236 12131 2237 2236 12132 2240 2240 12133 2249 2249 12134 2251 2251 12135 2252 2252 12136 2238 2238 12137 2238 2238 12138 2234 2237 12139 2251 2251 12140 2252 2252 12141 2253 2253 12142 2239 2239 12143 2239 2239 12144 2238 2238 12145 2252 2252 12146 2253 2253 12147 2244 2244 12148 2235 2234 12149 2235 2234 12150 2239 2239 12151 2253 2253 12152 2241 2241 12153 2240 2240 12154 2237 2236 12155 2237 2236 12156 2236 2235 12157 2241 2241 12158 2246 2246 12159 2241 2241 12160 2236 2235 12161 2236 2235 12162 2245 2245 12163 2246 2246 12164 2251 2251 12165 2234 2237 12166 2237 2236 12167 2237 2236 12168 2250 2250 12169 2251 2251 12170 2255 2254 12171 2257 2255 12172 2256 2256 12173 2256 2256 12174 2254 2257 12175 2255 2254 12176 2258 2258 12177 2259 2259 12178 2257 2255 12179 2257 2255 12180 2255 2254 12181 2258 2258 12182 2260 2260 12183 2261 2261 12184 2259 2259 12185 2259 2259 12186 2258 2258 12187 2260 2260 12188 2256 2256 12189 2269 2262 12190 2268 2263 12191 2268 2263 12192 2254 2257 12193 2256 2256 12194 2269 2262 12195 2267 2264 12196 2266 2265 12197 2266 2265 12198 2268 2263 12199 2269 2262 12200 2266 2265 12201 2267 2264 12202 2265 2266 12203 2265 2266 12204 2264 2267 12205 2266 2265 12206 2264 2267 12207 2265 2266 12208 2263 2268 12209 2263 2268 12210 2262 2269 12211 2264 2267 12212 2260 2260 12213 2262 2269 12214 2263 2268 12215 2263 2268 12216 2261 2261 12217 2260 2260 12218 2257 2255 12219 2290 2270 12220 2289 2271 12221 2289 2271 12222 2256 2256 12223 2257 2255 12224 2259 2259 12225 2291 2272 12226 2290 2270 12227 2290 2270 12228 2257 2255 12229 2259 2259 12230 2261 2261 12231 2292 2273 12232 2291 2272 12233 2291 2272 12234 2259 2259 12235 2261 2261 12236 2263 2268 12237 2296 2274 12238 2292 2273 12239 2292 2273 12240 2261 2261 12241 2263 2268 12242 2265 2266 12243 2295 2275 12244 2296 2274 12245 2296 2274 12246 2263 2268 12247 2265 2266 12248 2293 2276 12249 2294 2277 12250 2267 2264 12251 2267 2264 12252 2269 2262 12253 2293 2276 12254 2289 2271 12255 2293 2276 12256 2269 2262 12257 2269 2262 12258 2256 2256 12259 2289 2271 12260 2267 2264 12261 2294 2277 12262 2295 2275 12263 2295 2275 12264 2265 2266 12265 2267 2264 12266 2290 2270 12267 2298 2278 12268 2297 2279 12269 2297 2279 12270 2289 2271 12271 2290 2270 12272 2271 2280 12273 2286 2281 12274 2285 2282 12275 2285 2282 12276 2270 2283 12277 2271 2280 12278 2297 2279 12279 2298 2278 12280 2271 2280 12281 2271 2280 12282 2270 2283 12283 2297 2279 12284 2287 2284 12285 2272 2285 12286 2278 2286 12287 2278 2286 12288 2288 2287 12289 2287 2284 12290 2271 2280 12291 2272 2285 12292 2287 2284 12293 2287 2284 12294 2286 2281 12295 2271 2280 12296 2298 2278 12297 2299 2288 12298 2272 2285 12299 2272 2285 12300 2271 2280 12301 2298 2278 12302 2299 2288 12303 2298 2278 12304 2290 2270 12305 2290 2270 12306 2291 2272 12307 2299 2288 12308 2300 2289 12309 2299 2288 12310 2291 2272 12311 2291 2272 12312 2292 2273 12313 2300 2289 12314 2284 2290 12315 2274 2291 12316 2270 2283 12317 2270 2283 12318 2285 2282 12319 2284 2290 12320 2270 2283 12321 2274 2291 12322 2301 2292 12323 2301 2292 12324 2297 2279 12325 2270 2283 12326 2283 2293 12327 2282 2294 12328 2275 2295 12329 2297 2279 12330 2301 2292 12331 2293 2276 12332 2293 2276 12333 2289 2271 12334 2297 2279 12335 2283 2293 12336 2275 2295 12337 2274 2291 12338 2274 2291 12339 2284 2290 12340 2283 2293 12341 2275 2295 12342 2302 2296 12343 2301 2292 12344 2301 2292 12345 2274 2291 12346 2275 2295 12347 2294 2277 12348 2302 2296 12349 2303 2297 12350 2303 2297 12351 2295 2275 12352 2294 2277 12353 2293 2276 12354 2301 2292 12355 2302 2296 12356 2302 2296 12357 2294 2277 12358 2293 2276 12359 2282 2294 12360 2281 2298 12361 2276 2299 12362 2276 2299 12363 2275 2295 12364 2282 2294 12365 2276 2299 12366 2303 2297 12367 2302 2296 12368 2302 2296 12369 2275 2295 12370 2276 2299 12371 2296 2274 12372 2304 2300 12373 2300 2289 12374 2300 2289 12375 2292 2273 12376 2296 2274 12377 2295 2275 12378 2303 2297 12379 2304 2300 12380 2304 2300 12381 2296 2274 12382 2295 2275 12383 2306 2301 12384 2305 2302 12385 2307 2303 12386 2307 2303 12387 2308 2304 12388 2306 2301 12389 2307 2303 12390 2305 2302 12391 2317 2305 12392 2317 2305 12393 2318 2306 12394 2307 2303 12395 2308 2304 12396 2307 2303 12397 2344 2307 12398 2344 2307 12399 2345 2308 12400 2308 2304 12401 2344 2307 12402 2307 2303 12403 2318 2306 12404 2318 2306 12405 2348 2309 12406 2344 2307 12407 2310 2310 12408 2308 2304 12409 2345 2308 12410 2345 2308 12411 2346 2311 12412 2310 2310 12413 2316 2312 12414 2314 2313 12415 2350 2314 12416 2350 2314 12417 2349 2315 12418 2316 2312 12419 2318 2306 12420 2317 2305 12421 2315 2316 12422 2315 2316 12423 2316 2312 12424 2318 2306 12425 2318 2306 12426 2316 2312 12427 2349 2315 12428 2349 2315 12429 2348 2309 12430 2318 2306 12431 2320 2317 12432 2319 2318 12433 2339 2319 12434 2339 2319 12435 2340 2320 12436 2320 2317 12437 2352 2321 12438 2319 2318 12439 2320 2317 12440 2320 2317 12441 2353 2322 12442 2352 2321 12443 2338 2323 12444 2339 2319 12445 2319 2318 12446 2319 2318 12447 2323 2324 12448 2338 2323 12449 2319 2318 12450 2352 2321 12451 2356 2325 12452 2356 2325 12453 2323 2324 12454 2319 2318 12455 2320 2317 12456 2340 2320 12457 2341 2326 12458 2341 2326 12459 2321 2327 12460 2320 2317 12461 2353 2322 12462 2320 2317 12463 2321 2327 12464 2321 2327 12465 2354 2328 12466 2353 2322 12467 2321 2327 12468 2327 2329 12469 2328 2330 12470 2328 2330 12471 2322 2331 12472 2321 2327 12473 2354 2328 12474 2321 2327 12475 2322 2331 12476 2322 2331 12477 2355 2332 12478 2354 2328 12479 2327 2329 12480 2321 2327 12481 2341 2326 12482 2341 2326 12483 2342 2333 12484 2327 2329 12485 2326 2334 12486 2322 2331 12487 2328 2330 12488 2328 2330 12489 2331 2335 12490 2326 2334 12491 2359 2336 12492 2355 2332 12493 2322 2331 12494 2322 2331 12495 2326 2334 12496 2359 2336 12497 2337 2337 12498 2338 2323 12499 2323 2324 12500 2323 2324 12501 2324 2338 12502 2337 2337 12503 2324 2338 12504 2323 2324 12505 2356 2325 12506 2356 2325 12507 2357 2339 12508 2324 2338 12509 2333 2340 12510 2324 2338 12511 2325 2341 12512 2325 2341 12513 2332 2342 12514 2333 2340 12515 2325 2341 12516 2324 2338 12517 2357 2339 12518 2357 2339 12519 2358 2343 12520 2325 2341 12521 2324 2338 12522 2333 2340 12523 2337 2337 12524 2331 2335 12525 2332 2342 12526 2325 2341 12527 2325 2341 12528 2326 2334 12529 2331 2335 12530 2326 2334 12531 2325 2341 12532 2358 2343 12533 2358 2343 12534 2359 2336 12535 2326 2334 12536 2344 2307 12537 2352 2321 12538 2353 2322 12539 2353 2322 12540 2345 2308 12541 2344 2307 12542 2352 2321 12543 2344 2307 12544 2348 2309 12545 2348 2309 12546 2356 2325 12547 2352 2321 12548 2345 2308 12549 2353 2322 12550 2354 2328 12551 2354 2328 12552 2346 2311 12553 2345 2308 12554 2346 2311 12555 2354 2328 12556 2355 2332 12557 2355 2332 12558 2347 2344 12559 2346 2311 12560 2351 2345 12561 2347 2344 12562 2355 2332 12563 2355 2332 12564 2359 2336 12565 2351 2345 12566 2357 2339 12567 2356 2325 12568 2348 2309 12569 2348 2309 12570 2349 2315 12571 2357 2339 12572 2358 2343 12573 2357 2339 12574 2349 2315 12575 2349 2315 12576 2350 2314 12577 2358 2343 12578 2359 2336 12579 2358 2343 12580 2350 2314 12581 2350 2314 12582 2351 2345 12583 2359 2336 12584 2342 2333 12585 2343 2346 12586 2329 2347 12587 2329 2347 12588 2327 2329 12589 2342 2333 12590 2329 2347 12591 2343 2346 12592 2288 2287 12593 2288 2287 12594 2278 2286 12595 2329 2347 12596 2330 2348 12597 2329 2347 12598 2278 2286 12599 2278 2286 12600 2279 2349 12601 2330 2348 12602 2327 2329 12603 2329 2347 12604 2330 2348 12605 2330 2348 12606 2328 2330 12607 2327 2329 12608 2280 2350 12609 2334 2351 12610 2330 2348 12611 2330 2348 12612 2279 2349 12613 2280 2350 12614 2330 2348 12615 2334 2351 12616 2331 2335 12617 2331 2335 12618 2328 2330 12619 2330 2348 12620 2335 2352 12621 2334 2351 12622 2280 2350 12623 2280 2350 12624 2281 2298 12625 2335 2352 12626 2282 2294 12627 2336 2353 12628 2335 2352 12629 2335 2352 12630 2281 2298 12631 2282 2294 12632 2331 2335 12633 2334 2351 12634 2335 2352 12635 2335 2352 12636 2332 2342 12637 2331 2335 12638 2335 2352 12639 2336 2353 12640 2333 2340 12641 2333 2340 12642 2332 2342 12643 2335 2352 12644 2272 2285 12645 2273 2354 12646 2279 2349 12647 2279 2349 12648 2278 2286 12649 2272 2285 12650 2299 2288 12651 2300 2289 12652 2273 2354 12653 2273 2354 12654 2272 2285 12655 2299 2288 12656 2279 2349 12657 2273 2354 12658 2277 2355 12659 2277 2355 12660 2280 2350 12661 2279 2349 12662 2304 2300 12663 2277 2355 12664 2273 2354 12665 2273 2354 12666 2300 2289 12667 2304 2300 12668 2280 2350 12669 2277 2355 12670 2276 2299 12671 2276 2299 12672 2281 2298 12673 2280 2350 12674 2277 2355 12675 2304 2300 12676 2303 2297 12677 2303 2297 12678 2276 2299 12679 2277 2355 12680 2346 2311 12681 2347 2344 12682 2311 2356 12683 2311 2356 12684 2310 2310 12685 2346 2311 12686 2308 2304 12687 2310 2310 12688 2309 2357 12689 2309 2357 12690 2306 2301 12691 2308 2304 12692 2360 2358 12693 2309 2357 12694 2310 2310 12695 2310 2310 12696 2311 2356 12697 2360 2358 12698 2347 2344 12699 2351 2345 12700 2312 2359 12701 2312 2359 12702 2311 2356 12703 2347 2344 12704 2314 2313 12705 2312 2359 12706 2351 2345 12707 2351 2345 12708 2350 2314 12709 2314 2313 12710 2313 2360 12711 2361 2361 12712 2312 2359 12713 2312 2359 12714 2314 2313 12715 2313 2360 12716 2315 2316 12717 2313 2360 12718 2314 2313 12719 2314 2313 12720 2316 2312 12721 2315 2316 12722 2312 2359 12723 2361 2361 12724 2360 2358 12725 2360 2358 12726 2311 2356 12727 2312 2359 12728 2363 2362 12729 2364 2363 12730 2365 2364 12731 2365 2364 12732 2362 2365 12733 2363 2362 12734 2363 2362 12735 2362 2365 12736 2366 2366 12737 2366 2366 12738 2367 2367 12739 2363 2362 12740 2368 2368 12741 2369 2369 12742 2370 2370 12743 2370 2370 12744 2371 2371 12745 2368 2368 12746 2372 2372 12747 2373 2373 12748 2364 2363 12749 2364 2363 12750 2363 2362 12751 2372 2372 12752 2374 2374 12753 2375 2375 12754 2370 2370 12755 2370 2370 12756 2369 2369 12757 2374 2374 12758 2375 2375 12759 2376 2376 12760 2371 2371 12761 2371 2371 12762 2370 2370 12763 2375 2375 12764 2376 2376 12765 2377 2377 12766 2368 2368 12767 2368 2368 12768 2371 2371 12769 2376 2376 12770 2377 2377 12771 2378 2378 12772 2365 2364 12773 2365 2364 12774 2368 2368 12775 2377 2377 12776 2379 2379 12777 2380 2380 12778 2366 2366 12779 2366 2366 12780 2362 2365 12781 2379 2379 12782 2380 2380 12783 2381 2381 12784 2367 2367 12785 2367 2367 12786 2366 2366 12787 2380 2380 12788 2381 2381 12789 2372 2372 12790 2363 2362 12791 2363 2362 12792 2367 2367 12793 2381 2381 12794 2369 2369 12795 2368 2368 12796 2365 2364 12797 2365 2364 12798 2364 2363 12799 2369 2369 12800 2374 2374 12801 2369 2369 12802 2364 2363 12803 2364 2363 12804 2373 2373 12805 2374 2374 12806 2379 2379 12807 2362 2365 12808 2365 2364 12809 2365 2364 12810 2378 2378 12811 2379 2379 12812 2385 2382 12813 2382 2383 12814 2383 2384 12815 2383 2384 12816 2384 2385 12817 2385 2382 12818 2385 2382 12819 2386 2386 12820 2387 2387 12821 2387 2387 12822 2382 2383 12823 2385 2382 12824 2388 2388 12825 2389 2389 12826 2390 2390 12827 2390 2390 12828 2391 2391 12829 2388 2388 12830 2392 2392 12831 2385 2382 12832 2384 2385 12833 2384 2385 12834 2393 2393 12835 2392 2392 12836 2394 2394 12837 2391 2391 12838 2390 2390 12839 2390 2390 12840 2395 2395 12841 2394 2394 12842 2395 2395 12843 2390 2390 12844 2389 2389 12845 2389 2389 12846 2396 2396 12847 2395 2395 12848 2396 2396 12849 2389 2389 12850 2388 2388 12851 2388 2388 12852 2397 2397 12853 2396 2396 12854 2397 2397 12855 2388 2388 12856 2383 2384 12857 2383 2384 12858 2398 2398 12859 2397 2397 12860 2399 2399 12861 2382 2383 12862 2387 2387 12863 2387 2387 12864 2400 2400 12865 2399 2399 12866 2400 2400 12867 2387 2387 12868 2386 2386 12869 2386 2386 12870 2401 2401 12871 2400 2400 12872 2401 2401 12873 2386 2386 12874 2385 2382 12875 2385 2382 12876 2392 2392 12877 2401 2401 12878 2391 2391 12879 2384 2385 12880 2383 2384 12881 2383 2384 12882 2388 2388 12883 2391 2391 12884 2394 2394 12885 2393 2393 12886 2384 2385 12887 2384 2385 12888 2391 2391 12889 2394 2394 12890 2399 2399 12891 2398 2398 12892 2383 2384 12893 2383 2384 12894 2382 2383 12895 2399 2399 12896 2405 2402 12897 2402 2403 12898 2403 2404 12899 2403 2404 12900 2404 2405 12901 2405 2402 12902 2405 2402 12903 2406 2406 12904 2407 2407 12905 2407 2407 12906 2402 2403 12907 2405 2402 12908 2408 2408 12909 2409 2409 12910 2410 2410 12911 2410 2410 12912 2411 2411 12913 2408 2408 12914 2412 2412 12915 2405 2402 12916 2404 2405 12917 2404 2405 12918 2413 2413 12919 2412 2412 12920 2414 2414 12921 2411 2411 12922 2410 2410 12923 2410 2410 12924 2415 2415 12925 2414 2414 12926 2415 2415 12927 2410 2410 12928 2409 2409 12929 2409 2409 12930 2416 2416 12931 2415 2415 12932 2416 2416 12933 2409 2409 12934 2408 2408 12935 2408 2408 12936 2417 2417 12937 2416 2416 12938 2417 2417 12939 2408 2408 12940 2403 2404 12941 2403 2404 12942 2418 2418 12943 2417 2417 12944 2419 2419 12945 2402 2403 12946 2407 2407 12947 2407 2407 12948 2420 2420 12949 2419 2419 12950 2420 2420 12951 2407 2407 12952 2406 2406 12953 2406 2406 12954 2421 2421 12955 2420 2420 12956 2421 2421 12957 2406 2406 12958 2405 2402 12959 2405 2402 12960 2412 2412 12961 2421 2421 12962 2411 2411 12963 2404 2405 12964 2403 2404 12965 2403 2404 12966 2408 2408 12967 2411 2411 12968 2414 2414 12969 2413 2413 12970 2404 2405 12971 2404 2405 12972 2411 2411 12973 2414 2414 12974 2419 2419 12975 2418 2418 12976 2403 2404 12977 2403 2404 12978 2402 2403 12979 2419 2419 12980 2285 2282 12981 2286 2281 12982 2426 2422 12983 2426 2422 12984 2425 2423 12985 2285 2282 12986 2287 2284 12987 2288 2287 12988 2428 2424 12989 2428 2424 12990 2427 2425 12991 2287 2284 12992 2286 2281 12993 2287 2284 12994 2427 2425 12995 2427 2425 12996 2426 2422 12997 2286 2281 12998 2284 2290 12999 2285 2282 13000 2425 2423 13001 2425 2423 13002 2424 2426 13003 2284 2290 13004 2282 2294 13005 2283 2293 13006 2423 2427 13007 2423 2427 13008 2422 2428 13009 2282 2294 13010 2283 2293 13011 2284 2290 13012 2424 2426 13013 2424 2426 13014 2423 2427 13015 2283 2293 13016 2340 2320 13017 2339 2319 13018 2433 2429 13019 2433 2429 13020 2434 2430 13021 2340 2320 13022 2339 2319 13023 2338 2323 13024 2432 2431 13025 2432 2431 13026 2433 2429 13027 2339 2319 13028 2341 2326 13029 2340 2320 13030 2434 2430 13031 2434 2430 13032 2435 2432 13033 2341 2326 13034 2342 2333 13035 2341 2326 13036 2435 2432 13037 2435 2432 13038 2436 2433 13039 2342 2333 13040 2338 2323 13041 2337 2337 13042 2431 2434 13043 2431 2434 13044 2432 2431 13045 2338 2323 13046 2337 2337 13047 2333 2340 13048 2429 2435 13049 2429 2435 13050 2431 2434 13051 2337 2337 13052 2343 2346 13053 2342 2333 13054 2436 2433 13055 2436 2433 13056 2437 2436 13057 2343 2346 13058 2288 2287 13059 2343 2346 13060 2437 2436 13061 2437 2436 13062 2428 2424 13063 2288 2287 13064 2336 2353 13065 2282 2294 13066 2422 2428 13067 2422 2428 13068 2430 2437 13069 2336 2353 13070 2333 2340 13071 2336 2353 13072 2430 2437 13073 2430 2437 13074 2429 2435 13075 2333 2340 13076 2438 2438 13077 2439 2439 13078 2440 2440 13079 2440 2440 13080 2441 2441 13081 2438 2438 13082 2442 2442 13083 2443 2443 13084 2444 2444 13085 2444 2444 13086 2445 2445 13087 2442 2442 13088 2445 2445 13089 2444 2444 13090 2439 2439 13091 2439 2439 13092 2438 2438 13093 2445 2445 13094 2441 2441 13095 2440 2440 13096 2446 2446 13097 2446 2446 13098 2447 2447 13099 2441 2441 13100 2448 2448 13101 2449 2449 13102 2443 2443 13103 2443 2443 13104 2442 2442 13105 2448 2448 13106 2447 2447 13107 2446 2446 13108 2449 2449 13109 2449 2449 13110 2448 2448 13111 2447 2447 13112 2443 2443 13113 2449 2449 13114 2446 2446 13115 2443 2443 13116 2446 2446 13117 2440 2440 13118 2444 2444 13119 2443 2443 13120 2440 2440 13121 2439 2439 13122 2444 2444 13123 2440 2440 13124 603 603 13125 602 602 13126 599 599 13127 599 599 13128 598 598 13129 594 594 13130 603 603 13131 599 599 13132 594 594 13133 594 594 13134 593 593 13135 588 588 13136 588 588 13137 586 586 13138 585 585 13139 594 594 13140 588 588 13141 585 585 13142 603 603 13143 594 594 13144 585 585 13145 603 603 13146 585 585 13147 581 581 13148 579 579 13149 603 603 13150 581 581 13151</p>
        </triangles>
      </mesh>
    </geometry>
  </library_geometries>
  <library_controllers>
    <controller id="Armature_mremireh_shoe-skin" name="Armature">
      <skin source="#mremireh_shoe-mesh">
        <bind_shape_matrix>1 6.82121e-13 -3.82908e-10 7.52773e-8 6.82121e-13 1 1.16529e-12 -2.91038e-11 -3.82908e-10 1.16529e-12 1 -3.17777e-6 0 0 0 1</bind_shape_matrix>
        <source id="Armature_mremireh_shoe-skin-joints">
          <Name_array id="Armature_mremireh_shoe-skin-joints-array" count="1">mixamorig_Head</Name_array>
          <technique_common>
            <accessor source="#Armature_mremireh_shoe-skin-joints-array" count="1" stride="1">
              <param name="JOINT" type="name"/>
            </accessor>
          </technique_common>
        </source>
        <source id="Armature_mremireh_shoe-skin-bind_poses">
          <float_array id="Armature_mremireh_shoe-skin-bind_poses-array" count="16">100 0 0 0.03264695 0 7.58249e-6 100 -175.1368 0 -100 7.39623e-6 -4.832071 0 0 0 1</float_array>
          <technique_common>
            <accessor source="#Armature_mremireh_shoe-skin-bind_poses-array" count="1" stride="16">
              <param name="TRANSFORM" type="float4x4"/>
            </accessor>
          </technique_common>
        </source>
        <source id="Armature_mremireh_shoe-skin-weights">
          <float_array id="Armature_mremireh_shoe-skin-weights-array" count="84">1 1 1 1 1 1 1 1 1 1 1 1 1 1 1 1 1 1 1 1 1 1 1 1 1 1 1 1 1 1 1 1 1 1 1 1 1 1 1 1 1 1 1 1 1 1 1 1 1 1 1 1 1 1 1 1 1 1 1 1 1 1 1 1 1 1 1 1 1 1 1 1 1 1 1 1 1 1 1 1 1 1 1 1</float_array>
          <technique_common>
            <accessor source="#Armature_mremireh_shoe-skin-weights-array" count="84" stride="1">
              <param name="WEIGHT" type="float"/>
            </accessor>
          </technique_common>
        </source>
        <joints>
          <input semantic="JOINT" source="#Armature_mremireh_shoe-skin-joints"/>
          <input semantic="INV_BIND_MATRIX" source="#Armature_mremireh_shoe-skin-bind_poses"/>
        </joints>
        <vertex_weights count="84">
          <input semantic="JOINT" source="#Armature_mremireh_shoe-skin-joints" offset="0"/>
          <input semantic="WEIGHT" source="#Armature_mremireh_shoe-skin-weights" offset="1"/>
          <vcount>1 1 1 1 1 1 1 1 1 1 1 1 1 1 1 1 1 1 1 1 1 1 1 1 1 1 1 1 1 1 1 1 1 1 1 1 1 1 1 1 1 1 1 1 1 1 1 1 1 1 1 1 1 1 1 1 1 1 1 1 1 1 1 1 1 1 1 1 1 1 1 1 1 1 1 1 1 1 1 1 1 1 1 1 </vcount>
          <v>0 0 0 1 0 2 0 3 0 4 0 5 0 6 0 7 0 8 0 9 0 10 0 11 0 12 0 13 0 14 0 15 0 16 0 17 0 18 0 19 0 20 0 21 0 22 0 23 0 24 0 25 0 26 0 27 0 28 0 29 0 30 0 31 0 32 0 33 0 34 0 35 0 36 0 37 0 38 0 39 0 40 0 41 0 42 0 43 0 44 0 45 0 46 0 47 0 48 0 49 0 50 0 51 0 52 0 53 0 54 0 55 0 56 0 57 0 58 0 59 0 60 0 61 0 62 0 63 0 64 0 65 0 66 0 67 0 68 0 69 0 70 0 71 0 72 0 73 0 74 0 75 0 76 0 77 0 78 0 79 0 80 0 81 0 82 0 83</v>
        </vertex_weights>
      </skin>
    </controller>
    <controller id="Armature_mremireh_body-skin" name="Armature">
      <skin source="#mremireh_body-mesh">
        <bind_shape_matrix>1 -1.13687e-13 -3.82911e-10 7.5188e-8 -1.13687e-13 1 3.41061e-12 5.11136e-10 -3.82911e-10 -2.27374e-13 1 -3.17739e-6 0 0 0 1</bind_shape_matrix>
        <source id="Armature_mremireh_body-skin-joints">
          <Name_array id="Armature_mremireh_body-skin-joints-array" count="48">mixamorig_Hips mixamorig_Spine mixamorig_Spine1 mixamorig_Spine2 mixamorig_Neck mixamorig_Head mixamorig_LeftEye mixamorig_RightEye mixamorig_LeftShoulder mixamorig_LeftArm mixamorig_LeftForeArm mixamorig_LeftHand mixamorig_LeftHandThumb1 mixamorig_LeftHandThumb2 mixamorig_LeftHandThumb3 mixamorig_LeftHandIndex1 mixamorig_LeftHandIndex2 mixamorig_LeftHandMiddle1 mixamorig_LeftHandMiddle2 mixamorig_LeftHandRing1 mixamorig_LeftHandRing2 mixamorig_LeftHandRing3 mixamorig_LeftHandPinky1 mixamorig_LeftHandPinky2 mixamorig_RightShoulder mixamorig_RightArm mixamorig_RightForeArm mixamorig_RightHand mixamorig_RightHandThumb1 mixamorig_RightHandThumb2 mixamorig_RightHandThumb3 mixamorig_RightHandIndex1 mixamorig_RightHandIndex2 mixamorig_RightHandMiddle1 mixamorig_RightHandMiddle2 mixamorig_RightHandRing1 mixamorig_RightHandRing2 mixamorig_RightHandRing3 mixamorig_RightHandPinky1 mixamorig_RightHandPinky2 mixamorig_LeftUpLeg mixamorig_LeftLeg mixamorig_LeftFoot mixamorig_LeftToeBase mixamorig_RightUpLeg mixamorig_RightLeg mixamorig_RightFoot mixamorig_RightToeBase</Name_array>
          <technique_common>
            <accessor source="#Armature_mremireh_body-skin-joints-array" count="48" stride="1">
              <param name="JOINT" type="name"/>
            </accessor>
          </technique_common>
        </source>
        <source id="Armature_mremireh_body-skin-bind_poses">
          <float_array id="Armature_mremireh_body-skin-bind_poses-array" count="768">100 -1.23603e-5 1.64104e-4 0.03003019 -1.64104e-4 7.54979e-6 100 -103.2553 -1.23603e-5 -100 7.54977e-6 -0.410377 0 0 0 1 100 0 0 0.03264695 0 -0.8928628 99.99601 -116.0347 0 -99.99602 -0.8928628 0.3104233 0 0 0 1 100 0 0 0.03264695 0 -0.4238913 99.99909 -124.8274 0 -99.99911 -0.4238913 -0.2749959 0 0 0 1 100 0 0 0.03264695 0 5.59401e-6 100 -133.4762 0 -100 5.40775e-6 -0.8408048 0 0 0 1 100 0 0 0.03264695 0 7.58249e-6 100 -154.7187 0 -100 7.39623e-6 0.001726448 0 0 0 1 100 0 0 0.03264695 0 7.58249e-6 100 -175.1368 0 -100 7.39623e-6 -4.832071 0 0 0 1 100 0 0 -11.84026 0 7.58249e-6 100 -189.1632 0 -100 7.39623e-6 -21.2765 0 0 0 1 100 0 0 11.52504 0 7.58249e-6 100 -191.5518 0 -100 7.39623e-6 -21.27852 0 0 0 1 -1.170896 99.99289 0.2221363 -2.179869 98.24042 1.191788 -18.63863 21.71236 -18.63995 -1.09139e-5 -98.24739 149.6427 0 0 0 1 1.36807e-7 100 -3.16745e-6 -2.065626 100 6.59871e-6 -7.7486e-5 -18.4623 -8.04662e-5 -1.64923e-6 -100 148.8094 0 0 0 1 -8.07957e-7 100 -3.98661e-6 -2.065625 100 7.54348e-6 2.98024e-6 -36.93204 0 -2.46838e-6 -100 148.8094 0 0 0 1 0 100 -3.17865e-6 -2.065627 100 6.73552e-6 2.98023e-6 -66.44087 0 -1.66043e-6 -100 148.8094 0 0 0 1 51.0972 85.92984 2.26725 -36.61949 77.46121 -44.88589 -44.5535 2.217929 -37.26707 24.52183 -89.49772 161.5738 0 0 0 1 51.09729 85.92977 2.267326 -36.61969 77.46107 -44.88588 -44.55376 -4.113845 -37.26723 24.52206 -89.4976 161.5737 0 0 0 1 51.09714 85.92987 2.2672 -36.61937 77.46112 -44.88579 -44.55375 -10.10384 -37.26733 24.5219 -89.4976 161.5738 0 0 0 1 1.40998e-4 100 -1.71529e-5 4.338057 100 -1.34262e-4 5.23588e-4 -92.93596 5.20607e-4 -1.56354e-5 -100 148.9799 0 0 0 1 1.46717e-4 100 -1.14338e-5 4.338042 100 -1.39981e-4 3.0588e-4 -101.7285 3.02899e-4 -9.91599e-6 -100 148.9801 0 0 0 1 2.53798e-5 100 -1.35616e-5 -2.067153 100 -1.86443e-5 -4.84313e-4 -92.23124 -4.87293e-4 -1.20433e-5 -100 148.7931 0 0 0 1 2.656e-4 100 -1.17599e-5 -2.0674 100 -2.58865e-4 -5.63633e-4 -101.6251 -5.66614e-4 -1.02402e-5 -100 148.7932 0 0 0 1 1.82739e-4 100 -2.30954e-5 -8.293091 100 -1.76004e-4 4.90284e-4 -91.12919 4.87304e-4 -2.1578e-5 -100 148.9368 0 0 0 1 3.07372e-4 100 -5.7504e-6 -8.293242 100 -3.00637e-4 -6.11765e-4 -100.5213 -6.14745e-4 -4.23034e-6 -100 148.9379 0 0 0 1 2.97767e-4 100 -1.53556e-5 -8.293218 100 -2.91032e-4 -1.50706e-4 -110.4506 -1.53686e-4 -1.38369e-5 -100 148.9374 0 0 0 1 1.81111e-4 100 -2.47236e-5 -14.88276 100 -1.74375e-4 1.84091e-4 -90.12316 1.81111e-4 -2.32057e-5 -100 148.9179 0 0 0 1 1.28765e-4 100 6.37665e-6 -14.88276 100 -1.22029e-4 3.77568e-4 -98.54856 3.74588e-4 7.89441e-6 -100 148.9177 0 0 0 1 -1.170847 -99.99291 -0.2221761 2.179172 -98.23959 1.191722 -18.64314 21.65512 18.64447 -1.81046e-5 -98.24654 149.6542 0 0 0 1 -2.64469e-6 -100 5.7323e-6 2.065623 -100 -1.47108e-5 -4.17233e-4 -18.5271 4.12762e-4 -9.55523e-6 -100 148.8092 0 0 0 1 -2.42387e-6 -100 5.60251e-6 2.065623 -100 -1.49316e-5 4.72387e-5 -36.99738 -5.17091e-5 -9.42551e-6 -100 148.809 0 0 0 1 9.9495e-7 -100 2.1837e-6 2.06563 -100 -1.83504e-5 -6.8147e-5 -66.50613 6.36766e-5 -6.00668e-6 -100 148.8091 0 0 0 1 50.87076 -86.07662 -1.727261 35.67675 -77.46307 -44.88625 -44.55001 2.16067 37.57184 24.00092 -89.51155 161.8163 0 0 0 1 50.87078 -86.07662 -1.727075 35.67642 -77.46002 -44.88442 -44.55714 -4.158689 37.57809 24.00436 -89.50801 161.8166 0 0 0 1 50.87202 -86.07589 -1.726407 35.67673 -77.45883 -44.88554 -44.55807 -10.14651 37.57886 24.00485 -89.50753 161.8167 0 0 0 1 1.20306e-4 -100 8.50014e-6 -4.33806 -100 -1.37661e-4 -4.42402e-6 -93.00053 0 -1.23231e-5 -100 148.98 0 0 0 1 1.27775e-4 -100 1.84549e-5 -4.338067 -100 -1.4513e-4 -4.47039e-6 -101.793 0 -2.22779e-5 -100 148.98 0 0 0 1 0 -100 3.17865e-6 2.067148 -100 -1.73553e-5 -4.47718e-6 -92.29731 0 -7.00164e-6 -100 148.793 0 0 0 1 1.85919e-4 -100 1.99157e-5 2.067312 -100 -2.03274e-4 -4.47039e-6 -101.691 0 -2.37387e-5 -100 148.793 0 0 0 1 2.14181e-4 -100 1.64898e-5 8.293127 -100 -2.31537e-4 -4.53997e-6 -91.1938 0 -2.03127e-5 -100 148.937 0 0 0 1 3.26601e-4 -100 2.22851e-5 8.293231 -100 -3.43956e-4 -4.47038e-6 -100.588 0 -2.61081e-5 -100 148.937 0 0 0 1 3.26601e-4 -100 2.22849e-5 8.293231 -100 -3.43956e-4 -4.47038e-6 -110.516 0 -2.61079e-5 -100 148.937 0 0 0 1 9.9495e-7 -100 3.17865e-6 14.88261 -100 -1.83504e-5 -4.47507e-6 -90.18821 0 -7.00164e-6 -100 148.918 0 0 0 1 0 -100 3.17865e-6 14.88261 -100 -1.73555e-5 -4.47039e-6 -98.61331 0 -7.00164e-6 -100 148.918 0 0 0 1 -100 2.64448e-5 -3.43988e-6 11.36388 4.07748e-7 -11.38039 -99.35032 96.4373 -2.666e-5 -99.35048 11.38043 -11.04323 0 0 0 1 -100 1.49638e-5 2.02083e-6 11.36388 0 13.38338 -99.10041 64.65771 -1.50954e-5 -99.10054 -13.38331 4.999273 0 0 0 1 -97.71521 -18.40657 -10.62717 13.37894 21.15479 -79.39958 -56.99295 9.252077 2.052515 -57.93907 81.47927 -12.07656 0 0 0 1 -98.11837 -19.30781 -1.55679e-4 13.26662 19.30777 -98.11851 -0.004702985 -23.21247 7.55716e-4 -0.004712641 100 -0.007849812 0 0 0 1 -100 2.64466e-5 -3.43998e-6 -11.4243 4.07607e-7 -11.38039 -99.35032 96.4373 -2.66617e-5 -99.35048 11.38043 -11.04323 0 0 0 1 -100 1.49638e-5 2.02083e-6 -11.4243 0 13.38339 -99.10041 64.65772 -1.50952e-5 -99.10054 -13.38331 4.999265 0 0 0 1 -97.7152 18.40681 10.62701 -13.43796 -21.1549 -79.40001 -56.99237 9.239186 -2.052621 -57.93845 81.47972 -12.07789 0 0 0 1 -98.11843 19.30749 -1.67205e-4 -13.32596 -19.30746 -98.11859 -0.004037559 -23.2242 -9.41935e-4 -0.003980457 100 -0.007885634 0 0 0 1</float_array>
          <technique_common>
            <accessor source="#Armature_mremireh_body-skin-bind_poses-array" count="48" stride="16">
              <param name="TRANSFORM" type="float4x4"/>
            </accessor>
          </technique_common>
        </source>
        <source id="Armature_mremireh_body-skin-weights">
          <float_array id="Armature_mremireh_body-skin-weights-array" count="3373">1 1 1 1 1 1 1 1 1 1 1 1 1 1 1 1 1 1 1 1 1 1 1 1 1 1 1 1 1 1 1 1 1 1 1 1 1 1 0.09753453 0.9024655 1 1 0.08823025 0.9117698 0.06473839 0.9352616 1 0.1806288 0.8193711 0.1408261 0.8591739 0.1213226 0.8786774 1 1 1 1 1 1 1 1 1 1 1 1 1 1 1 0.03701579 0.9629842 1 0.10746 0.89254 1 1 0.06822144 0.9317786 0.1420636 0.8579364 1 1 0.0217657 0.9782343 0.01948451 0.9805155 0.07894575 0.9210543 0.04093712 0.9590629 1 1 1 1 1 1 1 1 1 1 1 1 1 1 1 1 1 1 1 1 1 1 1 1 1 1 1 1 1 1 1 0.338138 0.661862 0.2663562 0.7336438 0.1 0.5075058 0.3924942 0.2003078 0.7996922 1 1 1 1 1 1 1 1 1 1 1 1 1 1 1 1 1 1 1 1 1 1 1 1 1 1 1 1 1 1 1 1 1 1 1 1 1 1 1 1 1 1 1 1 1 1 1 1 1 0.1 0.6171844 0.2828156 0.1 0.6600164 0.2399836 0.3846672 0.6153329 0.359133 0.640867 1 1 1 1 1 1 1 0.01745957 0.9825404 1 1 1 1 1 1 1 1 1 1 0.08125191 0.9187481 1 0.1280432 0.8719567 0.2244907 0.7755093 0.1506541 0.8493459 0.3228076 0.6771924 0.1430073 0.8569927 1 1 1 1 0.2337064 0.7662936 1 1 1 1 1 1 1 1 1 1 1 1 1 1 1 1 1 1 1 1 1 1 1 1 1 1 1 1 1 1 1 1 1 1 1 1 1 1 1 1 1 1 0.3552908 0.6447092 0.1 0.5963082 0.3036918 0.3116142 0.5883858 0.1 0.1025097 0.6665145 0.2309758 0.329018 0.570982 0.1 0.2964944 0.6035056 0.1 0.3930242 0.6069759 0.1710532 0.8289467 0.186935 0.8130649 0.04946082 0.9505392 1 0.07523196 0.924768 1 1 1 1 1 1 1 1 1 1 1 1 1 1 1 1 1 1 1 1 1 1 1 1 1 1 1 1 1 1 1 1 1 1 1 1 1 1 1 1 1 1 1 1 1 1 1 1 1 1 1 1 1 1 1 1 1 1 1 1 1 1 1 1 1 1 1 1 1 1 1 1 1 1 1 1 1 1 1 1 1 1 1 1 1 1 1 1 1 1 1 1 1 1 1 1 1 1 1 1 1 1 1 1 1 1 1 1 1 1 1 1 1 1 1 1 1 1 1 1 1 1 1 1 1 1 1 1 1 1 1 1 1 1 1 1 1 1 1 1 1 1 1 1 1 1 1 1 1 1 1 1 1 1 1 1 1 1 1 1 1 1 1 1 1 1 1 1 1 1 1 1 1 1 1 1 1 1 1 1 1 1 1 1 1 0.3365435 0.6634566 1 1 0.9230769 0.07692307 0.9230769 0.07692307 0.9230769 0.07692313 1 0.5658229 0.4341771 0.5815753 0.4184247 0.9230769 0.07692307 1 0.5701851 0.4298149 0.9230769 0.07692307 1 0.6286253 0.3713747 1 0.9230769 0.07692307 1 0.9230769 0.07692307 1 0.9230769 0.07692307 0.9230769 0.07692307 1 1 0.9230769 0.07692307 1 0.9230769 0.07692307 0.6309461 0.3690539 0.3347645 0.5652355 0.1 0.1 0.4096334 0.4903666 0.6451229 0.3548771 0.4653224 0.5346776 0.2096026 0.7903974 0.2797007 0.7202993 0.4699349 0.5300651 0.5140283 0.4859717 0.3122568 0.5877432 0.1 0.3177808 0.5822192 0.1 0.1 0.4855473 0.4144527 0.276769 0.623231 0.1 0.1 0.4983492 0.4016508 0.2193055 0.6806945 0.1 0.1 0.4983488 0.4016512 0.2426339 0.657366 0.1 0.2915763 0.6084237 0.1 0.3911253 0.5088747 0.1000001 0.1 0.4811018 0.4188982 0.1 0.4983485 0.4016515 0.1 0.4819542 0.4180458 0.1 0.53593 0.3640699 0.289784 0.7102161 0.06258076 0.9374192 0.0673415 0.9326585 1 1 1 1 0.08888846 0.9111115 0.08804166 0.9119583 1 1 1 1 1 1 1 1 1 1 1 1 1 1 0.1698149 0.8301851 1 1 0.1566304 0.8433696 1 1 1 1 1 1 1 1 1 1 1 1 1 1 1 1 1 1 1 1 1 1 1 1 1 1 1 1 1 1 1 1 1 1 1 1 1 1 1 1 1 1 1 1 1 1 1 1 1 1 1 1 1 1 1 1 1 1 1 1 1 1 1 1 1 1 1 1 1 1 1 1 1 1 1 1 1 1 1 1 1 1 1 1 1 1 1 1 1 1 1 1 1 1 1 1 1 1 1 1 1 1 1 1 1 1 1 1 1 1 1 1 1 1 1 1 1 1 1 1 1 1 1 1 1 1 1 1 1 1 1 1 1 1 1 1 1 1 1 1 1 1 1 1 1 1 1 1 1 1 1 1 1 1 1 1 1 1 1 1 1 1 1 1 1 1 1 1 1 1 1 1 1 1 1 1 1 1 1 1 1 1 1 1 1 1 1 1 1 1 1 1 1 1 1 1 1 1 1 1 1 1 1 1 1 1 1 1 1 1 1 1 1 1 1 1 1 1 1 1 1 1 1 1 1 1 1 1 1 1 1 1 1 1 1 1 1 1 1 1 1 1 1 1 1 1 1 1 1 1 1 1 1 1 1 1 1 1 1 1 1 1 1 1 1 1 1 1 1 1 1 1 1 1 1 1 1 1 1 1 1 1 1 1 1 1 1 1 1 1 1 1 1 1 1 1 1 1 1 1 1 1 1 1 1 1 1 1 1 1 1 1 1 1 1 1 1 1 1 1 1 1 1 1 1 1 1 1 1 1 1 1 1 1 1 1 1 1 1 1 1 1 1 1 1 1 1 1 1 1 1 1 1 1 1 1 1 1 1 1 1 1 1 1 1 1 1 1 1 1 1 1 1 0.5166667 0.4833334 0.5166667 0.4833334 0.5166667 0.4833334 0.5166667 0.4833334 0.5166667 0.4833334 0.5166667 0.4833334 0.5166667 0.4833334 0.5166667 0.4833334 0.5166667 0.4833334 0.5166667 0.4833334 0.5166667 0.4833334 0.5166667 0.4833334 1 1 1 1 1 1 1 1 1 1 1 1 1 1 1 1 1 1 1 1 1 1 1 1 1 1 1 1 1 1 1 1 1 1 1 1 1 1 1 1 1 1 1 1 1 1 1 1 1 1 1 1 1 1 1 1 1 1 1 1 1 1 1 1 1 1 1 1 1 1 1 1 1 1 1 1 1 1 1 1 1 1 1 1 1 1 0.3555954 0.6444047 0.4028168 0.5971832 0.2786765 0.7213235 0.3591126 0.6408874 0.38515 0.61485 1 0.3569014 0.6430987 0.6666667 0.3333333 0.6666667 0.3333333 1 1 0.6673913 0.3326087 1 1 0.6636675 0.3363325 1 0.6659947 0.3340053 0.2935352 0.4825859 0.2238789 0.3000751 0.4799699 0.2199549 0.2545107 0.4981955 0.2472938 0.2433578 0.4920294 0.2646128 0.2497278 0.4996725 0.2505997 0.2668808 0.5665238 0.1665954 0.2706979 0.5639792 0.1653229 0.2668469 0.5665465 0.1666066 0.2668228 0.5665625 0.1666146 0.2649863 0.5638424 0.1711713 0.2241021 0.5785198 0.197378 0.01193684 0.6987544 0.2893087 0.4273167 0.5239468 0.04873663 0.1970407 0.7136589 0.08930027 0.3042505 0.5376494 0.1581 0.464836 0.4802712 0.05489271 0.7386515 0.2613485 0.7655295 0.2344705 0.1124565 0.4313872 0.4561563 0.3676033 0.455179 0.1772177 0.4046554 0.4187576 0.1765869 0.6215265 0.3445649 0.03390848 0.1965884 0.5171898 0.2862218 0.3176948 0.5481433 0.1217871 0.01237469 0.3551973 0.5574426 0.08736014 0.2391945 0.589362 0.1714435 0.5634827 0.4365173 0.3514684 0.5545433 0.09398835 0.2828225 0.5145859 0.2025915 0.6778308 0.3221693 0.0422253 0.64678 0.3109946 0.3468278 0.558267 0.09490519 0.3865416 0.6134584 0.8452773 0.1547226 0.7618936 0.2381064 0.9017105 0.09828948 0.3867495 0.6132505 0.2687526 0.5652757 0.1659716 0.2463569 0.4956283 0.2580147 0.6656485 0.3343515 1 1 0.3308213 0.6691787 1 1 1 1 0.362167 0.6378329 0.02949005 0.6952255 0.2752844 0.09928691 0.509685 0.3910279 0.1387078 0.7239102 0.137382 0.1477556 0.6934201 0.1588242 0.62839 0.37161 0.7821851 0.2178149 0.7488464 0.2511537 0.7877348 0.2122653 1 1 1 1 1 1 1 1 1 1 1 1 1 1 1 1 0.3596979 0.6403021 0.3602293 0.6397708 0.01196032 0.6994029 0.2886368 0.2250357 0.5794291 0.1955352 0.385644 0.6143561 0.02959376 0.6956282 0.274778 0.3958469 0.6041531 0.4395858 0.5604143 0.3277459 0.6722542 0.4712023 0.5287977 0.3626616 0.6373384 0.1 0.5120251 0.3879749 0.2777755 0.7222245 0.3310766 0.6689234 0.1135808 0.4930919 0.3933273 0.08461195 0.4006592 0.5147289 0.3572599 0.6427401 0.2386031 0.6137972 0.1475997 0.6881666 0.3118335 0.6777433 0.3222567 0.5608286 0.4391714 0.7659773 0.2340226 0.6473303 0.3526697 0.406042 0.4186168 0.1753411 0.3697006 0.4552604 0.1750389 0.1419294 0.6993378 0.1587327 0.1389237 0.7240493 0.137027 0.1975373 0.7135964 0.08886629 0.6627379 0.3372622 0.7182103 0.2817897 0.3508324 0.556771 0.09239661 0.3865481 0.6134519 0.3865481 0.6134519 0.2666667 0.5666666 0.1666668 0.2666667 0.5666667 0.1666666 0.2499999 0.5 0.2500001 0.25 0.4 0.35 0.6666667 0.3333333 0.6666667 0.3333333 1 1 0.6666667 0.3333333 0.25 0.5 0.25 0.6666667 0.3333333 1 0.25 0.5 0.25 1 0.6666667 0.3333333 0.25 0.5 0.25 0.6666667 0.3333333 1 0.25 0.5 0.25 0.2666667 0.5666667 0.1666666 0.2666667 0.5666667 0.1666666 0.2666666 0.5666666 0.1666668 0.2666667 0.5666666 0.1666668 0.3501068 0.5556195 0.09427368 0.3586896 0.5692405 0.07206988 0.3521989 0.5589396 0.08886152 0.6290183 0.3709817 0.7625206 0.2374794 0.7867971 0.2132029 0.7485897 0.2514103 0.8457818 0.1542183 1 1 1 0.6666666 0.3333334 0.26788 0.3928479 0.3392721 0.6665425 0.3334575 1 0.2160375 0.6156092 0.1683533 0.2499999 0.3999999 0.3500002 0.3865481 0.6134519 1 0.2166666 0.6166666 0.1666668 1 0.3865481 0.6134519 1 1 1 1 1 1 1 0.6666666 0.3333333 0.25 0.5 0.25 0.6666666 0.3333333 1 0.266667 0.5666664 0.1666665 0.25 0.5 0.25 0.3865481 0.6134519 0.9019798 0.09802019 0.2681421 0.5656831 0.1661748 0.3905592 0.6094408 1 1 1 0.9326735 0.06732642 1 0.9514447 0.04855531 1 0.9208986 0.07910138 0.9331694 0.06683057 0.803635 0.1963649 0.9207105 0.07928955 1 1 1 0.9210505 0.07894951 1 1 0.7779641 0.2220358 0.7781466 0.2218534 1 1 1 1 1 1 1 1 1 1 1 1 1 1 1 0.4139786 0.5860214 0.08483076 0.9151692 1 1 1 1 1 1 0.1469353 0.8530647 0.2197889 0.780211 0.2141658 0.7858342 1 1 1 1 1 1 0.9351248 0.06487518 0.5 0.5 0.5 0.5 0.197176 0.802824 0.3063656 0.6936345 0.3958058 0.6041941 0.2857145 0.7142854 0.3887362 0.6112638 0.2857251 0.7142749 0.8 0.1999999 0.8 0.2 0.01025497 0.1408916 0.8488534 1 0.6000001 0.1466847 0.2533153 0.5 0.5 0.5 0.5 1 0.9085682 0.04999995 0.04143178 0.1033868 0.06732308 0.82929 0.8246783 0.1753217 0.8 0.1999999 0.2248632 0.7751367 0.7062459 0.2937541 0.1793119 0.820688 0.1936033 0.8063967 0.208779 0.791221 0.6846879 0.3153121 0.5025286 0.1466509 0.3508204 0.5 0.3932334 0.1067666 0.8219174 0.1780825 1 1 1 1 0.8888889 0.1111111 0.921917 0.07808291 0.5040925 0.4959076 0.5000001 0.4830638 0.01693606 0.9219174 0.07808262 1 0.811437 0.1120177 0.07654523 1 1 1 0.3312183 0.6687817 0.2397146 0.7602853 0.6000001 0.1999999 0.1999999 0.6558959 0.3441041 0.1177417 0.1374524 0.7448059 0.5348113 0.4651887 0.5360741 0.463926 1 1 0.4106305 0.5893695 0.2363133 0.7636867 0.04604721 0.9539528 0.347316 0.3880189 0.2646651 0.545073 0.454927 1 1 1 0.2117361 0.7882639 0.2968091 0.7031909 1 0.2246236 0.7753763 0.2334321 0.7665679 1 0.5878075 0.4121925 0.5213649 0.4786351 0.7573327 0.2426673 0.6397392 0.3602609 0.6337269 0.3662731 0.6647003 0.3352996 0.5896103 0.4103897 1 0.6565834 0.3434166 0.7047196 0.2952805 0.5 0.5 0.5 0.4488376 0.0511623 0.5 0.3380571 0.1619429 0.8 0.2 0.5 0.5 0.6 0.4 0.8 0.1999999 0.8 0.2 0.8 0.2 0.8 0.2 0.5 0.4236494 0.07635056 0.5 0.2244887 0.2755112 0.8888889 0.1111111 0.8888889 0.1111111 0.8888889 0.1111111 0.5028029 0.198085 0.2991121 0.522992 0.477008 0.5644208 0.4355792 0.5673916 0.4326084 0.255544 0.7444559 0.2963244 0.7036756 1 1 1 0.2914762 0.7085238 0.2857482 0.7142518 1 1 0.2606192 0.7393808 0.2696346 0.7303654 1 1 0.2602623 0.7397376 1 1 0.7610348 0.2389652 0.761035 0.238965 0.1354163 0.8645837 0.525268 0.4747319 0.1777404 0.8222596 0.7610725 0.2389275 0.6903838 0.3096162 0.5824444 0.4175555 0.5986911 0.4013089 1 1 1 1 1 1 1 1 1 1 1 0.413981 0.586019 0.08483856 0.9151614 1 1 1 1 1 1 0.1469414 0.8530586 0.2197945 0.7802054 0.2141743 0.7858257 1 1 1 1 1 1 0.9351216 0.0648784 0.4999955 0.5000044 0.5000033 0.4999967 0.1971765 0.8028235 0.3063649 0.6936351 0.3958059 0.6041941 0.2857148 0.7142852 0.3887355 0.6112645 0.2857254 0.7142745 0.7999996 0.2000004 0.7999998 0.2000001 0.01025617 0.1408913 0.8488525 0.9839127 0.01608729 0.5953211 0.150325 0.2543538 0.4974254 0.5025746 0.5047717 0.4952284 1 0.9085667 0.0500018 0.0414316 0.05821686 0.112493 0.82929 0.8246731 0.1753268 0.7999995 0.2000005 0.224866 0.775134 0.7015996 0.2984004 0.1793127 0.8206873 0.1936047 0.8063953 0.2087798 0.7912201 0.6848694 0.3151307 0.5066303 0.4933697 0.501198 0.498802 0.8276497 0.1723504 1 1 1 1 0.8773749 0.1226251 0.9215838 0.07841622 0.5040911 0.4959089 0.4999955 0.4830678 0.0169366 0.9209837 0.07901626 1 0.817657 0.1079292 0.07441389 1 1 0.9766973 0.02330267 0.3312152 0.6687849 0.2397159 0.7602841 0.599888 0.2002789 0.199833 0.6558884 0.3441116 0.06630015 0.1888932 0.7448067 0.5348077 0.4651923 0.5360676 0.4639325 1 1 0.4106296 0.5893704 0.2363134 0.7636866 0.04604607 0.9539539 0.3474833 0.3879194 0.2645972 0.5450631 0.4549369 1 1 1 0.2117369 0.7882631 0.2968071 0.703193 1 0.2246236 0.7753764 0.2334356 0.7665643 1 0.5878061 0.412194 0.5213665 0.4786335 0.7573272 0.2426728 0.639739 0.360261 0.6337217 0.3662783 0.6646917 0.3353083 0.5895997 0.4104003 1 0.6565844 0.3434156 0.7047197 0.2952803 0.5000314 0.4999685 0.5004949 0.4995051 0.4984202 0.5015798 0.7999978 0.2000023 0.5000007 0.4999993 0.5977517 0.4022483 0.7999997 0.2000003 0.7999985 0.2000014 0.7999997 0.2000004 0.8 0.2 0.5055578 0.4944422 0.5040917 0.4959083 0.889471 0.110529 0.8895828 0.1104173 0.8751502 0.1248497 0.4910678 0.4107549 0.09817731 0.5229989 0.4770011 0.564427 0.435573 0.5673979 0.4326021 0.2450371 0.7549628 0.2841898 0.7158102 1 1 1 0.2802194 0.7197806 0.2748872 0.7251129 1 1 0.2470012 0.7529988 0.2579976 0.7420024 1 1 0.2494746 0.7505254 1 1 0.761039 0.238961 0.7610403 0.2389597 0.1354286 0.8645714 0.5252739 0.4747261 0.1777512 0.8222488 0.7610777 0.2389222 0.6903892 0.3096109 0.5824483 0.4175518 0.598681 0.401319 1 1 1 0.8531305 0.1468694 1 0.9009695 0.09903055 1 1 0.7781464 0.207497 0.01435661 1 1 0.9776446 0.02235537 0.8870686 0.1129313 1 1 1 1 1 1 1 1 1 1 1 1 1 0.8540555 0.1459445 0.8993845 0.1006155 0.9610566 0.0389434 1 0.8583043 0.1416957 0.9401288 0.05987125 0.911373 0.08862704 1 0.7542036 0.2457965 0.794151 0.2058489 0.8978111 0.102189 1 1 1 0.8924385 0.1075614 0.8837021 0.1162979 0.826561 0.173439 0.9581646 0.0418353 1 1 0.9335614 0.06643861 1 1 0.9712385 0.0287615 1 1 1 1 1 1 1 1 1 1 1 1 1 1 1 1 1 1 1 1 1 1 1 1 1 1 1 1 1 1 1 1 1 1 1 1 1 1 1 1 1 1 1 1 1 1 0.849004 0.150996 0.873894 0.126106 1 0.8531328 0.1468672 0.9009742 0.09902572 0.7485791 0.2514209 0.7781427 0.2218573 0.8870753 0.1129247 1 1 1 1 1 1 1 1 1 0.9642081 0.03579193 1 1 0.9331593 0.0668407 0.8036193 0.1963807 1 1 1 0.3777211 0.6222788 0.3089804 0.6910197 0.3334826 0.6665174 0.3338051 0.6661949 0.3420823 0.6579177 0.3333333 0.6666667 0.3333333 0.6666667 0.3333333 0.6666667 0.3333333 0.6666667 0.3333333 0.6666667 0.2113021 0.7886979 0.1379181 0.8620819 1 1 0.3047994 0.6952006 1 1 1 1 1 1 0.1965353 0.8034647 0.8779183 0.1220816 1 0.5738688 0.4261312 0.5667932 0.4332068 0.4626013 0.5373988 0.473846 0.5261539 0.4968551 0.5031449 1 1 0.06331664 0.9366834 1 1 0.2335558 0.7664442 0.2146456 0.7853544 1 1 1 0.3333333 0.6666667 0.3333333 0.6666667 0.3333333 0.6666667 0.3332542 0.6667459 0.2810724 0.7189276 0.4643982 0.5356017 1 0.2056713 0.7943286 0.2851964 0.7148036 1 0.898512 0.101488 0.8773735 0.1226266 0.4894907 0.5105093 1 0.1686999 0.8313 1 1 1 1 1 1 1 1 1 1 1 1 1 1 1 1 1 1 1 1 0.9429306 0.0570693 1 1 0.8882454 0.1117545 0.8062217 0.1937782 0.4800803 0.5199197 0.4226953 0.5773047 0.5279873 0.4720127 0.5601037 0.4398963 0.5887938 0.4112062 0.9570986 0.04290133 0.387914 0.6120861 0.5910192 0.4089807 0.9732071 0.02679294 1 0.1752223 0.8247777 0.1719024 0.8280975 0.1848579 0.8151421 0.2237828 0.7762172 0.2586938 0.7413063 0.1332209 0.8667791 1 1 1 1 0.1756927 0.8243073 1 1 0.1160371 0.8839629 0.1162174 0.8837826 0.1159773 0.8840227 0.1162174 0.8837826 0.5000001 0.5 0.5 0.5 0.7730607 0.2269392 1 0.5 0.5 0.500037 0.4999631 0.5001032 0.4998968 0.5 0.5 1 1 1 1 0.1162486 0.8837514 0.1161206 0.8838794 1 1 1 1 0.1182639 0.8817361 0.116406 0.883594 0.07243227 0.9275677 0.116406 0.883594 0.3783145 0.6216855 0.3333333 0.6666667 0.3333333 0.6666667 0.3093011 0.6906989 0.3333333 0.6666666 0.3333333 0.6666667 0.3421208 0.6578792 0.3333333 0.6666667 0.3333333 0.6666667 0.3333333 0.6666667 0.3333333 0.6666667 0.3333333 0.6666667 0.3333333 0.6666667 0.3333333 0.6666667 0.2056521 0.7943479 0.1984713 0.8015287 0.2851052 0.7148947 0.3051012 0.6948987 0.2811346 0.7188654 0.2119295 0.7880704 0.1379615 0.8620385 0.5578497 0.4421503 0.7901149 0.2098851 0.7536213 0.2463786 0.4501683 0.5498318 0.220519 0.779481 0.2074742 0.7925258 0.5293478 0.4706522 0.8968545 0.1031454 1 0.4739595 0.5260406 0.7982409 0.201759 1 0.4912552 0.5087447 0.8560231 0.1439769 1 0.481083 0.518917 0.8747848 0.1252152 1 0.4460498 0.5539502 0.852357 0.1476429 1 1 1 1 1 1 1 1 1 0.4996635 0.5003365 0.5909798 0.4090203 1 0.1907294 0.8092706 0.2590448 0.7409552 1 0.4208912 0.5791088 0.2031979 0.7968021 0.5187768 0.4812232 0.4966933 0.5033068 1 1 0.1761195 0.8238805 0.1719024 0.8280975 0.561893 0.438107 1 0.1333895 0.8666105 1 0.5888971 0.4111028 0.2237127 0.7762873 1 1 1 1 1 1 1 1 1 1 1 1 1 1 1 1 1 1 1 1 1 1 1 1 1 1 1 1 0.1162174 0.8837826 0.1162174 0.8837826 0.1162174 0.8837826 0.1162174 0.8837826 0.1162174 0.8837826 0.1162174 0.8837826 0.1162174 0.8837826 0.1162174 0.8837826 1 1 0.5 0.5 1 1 0.5 0.5 1 1 0.7732205 0.2267794 0.5 0.5 1 1 0.5 0.5 1 1 0.1162174 0.8837826 0.1162174 0.8837826 1 0.5000001 0.5 1 1 0.5 0.5 0.7 0.3 0.116406 0.883594 0.116406 0.883594 1 0.116406 0.883594 1 0.7 0.3 0.6 0.4 1 1 0.6 0.4 1 1 1 1 0.1163926 0.8836075 1 1 0.1163867 0.8836134 1 1 0.116406 0.883594 0.116406 0.883594 1 0.1 0.9 0.1 0.9 1 0.116406 0.883594 0.116406 0.883594 0.116406 0.883594 0.116406 0.883594 0.116406 0.883594 0.116406 0.883594 0.116406 0.883594 0.116406 0.883594 0.1 0.9 0.1 0.9 0.7 0.3 0.7 0.3 1 1 1 0.116406 0.883594 0.07957416 0.9204258 1 1 0.116406 0.883594 0.116406 0.883594 0.7960784 0.2039216 0.5031724 0.4968276 0.5 0.5 0.7 0.3 1 0.6 0.4 0.1 0.9 1 0.1 0.9 1 1 1 0.5 0.5 0.1 0.9 1 0.1 0.9 1 1 1 1 1 0.1 0.9 1 1 0.2 0.8 0.1 0.8999999 0.5 0.5 0.6 0.4 0.2000001 0.7999998 1 1 1 0.5 0.5 0.5 0.5 1 0.5000001 0.5 0.5 0.5 0.7 0.3 1 1 0.6 0.4 0.1 0.9 1 0.1 0.9 1 1 1 1 1 1 1 1 1 0.7 0.3 1 1 1 1 0.6995111 0.3004889 0.1163225 0.8836776 0.116322 0.883678 1 0.1163123 0.8836876 1 0.6993809 0.3006191 0.5994098 0.4005901 1 1 0.5995265 0.4004735 1 1 1 1 0.1163926 0.8836075 1 1 0.1163931 0.8836069 1 1 0.116406 0.883594 0.1163487 0.8836513 1 0.09985828 0.9001417 0.09987068 0.9001293 1 0.116406 0.883594 0.116406 0.883594 0.116406 0.883594 1 0.116406 0.883594 0.116406 0.883594 0.116406 0.883594 0.1162769 0.8837231 0.09994262 0.9000574 0.09995073 0.9000493 0.6994618 0.3005383 0.6993637 0.3006363 1 1 1 0.116406 0.883594 0.07948249 0.9205175 1 1 0.1122965 0.8877034 0.09698772 0.9030123 0.7953352 0.2046648 0.5030149 0.4969851 0.4996214 0.5003786 0.6994945 0.3005055 1 0.5993294 0.4006706 0.09984648 0.9001535 1 0.099936 0.900064 1 1 1 0.4995317 0.5004683 0.09989398 0.900106 1 0.09993356 0.9000664 1 1 1 1 1 0.09995013 0.9000499 1 1 0.199773 0.800227 0.09984904 0.9001509 0.499723 0.5002771 0.5993472 0.4006528 0.1999231 0.8000769 1 1 1 0.4998458 0.5001542 0.4998369 0.5001631 1 0.4997076 0.5002923 0.4997341 0.5002659 0.6992262 0.3007738 1 1 0.5994796 0.4005204 0.09987539 0.9001246 1 0.09996759 0.9000324 1 1 1 1 1 1 1 1 1 0.6996799 0.30032 1 1 1 1 1 1 1 1 1 1 1 1 1 1 1 1 1 1 1 1 1 1 1 1 1 1 1 1 1 1 1 1 1 1 1 1 1 1 1 1 1 1 1 1 1 1 1 1 1 1 1 1 1 1 1 1 1 1 1 1 1 1 1 1 1 1 1 1 1 1 1 1 1 1 1 1 1 1 1 1 1 1 1 1 1 1 1 1 1 1 1 1 1 1 1 1 1 1 1 1 1 1 1 1 1 1 1 1 1 1 1 1 1 1 1 1 1 1 1 1 1 1 1 1 1 1 1 1 1 1 1 1 1 1 1 1 1 1 1 1 1 1 1 1 1 1 1 1 1 1 1 1 1 1 1 1 1 1 1 1 1 1 1 1 1 1 1 1 1 1 1 1 1 1 1 1 1 1 1 1 1 1 1 1 1 1 1 1 1 1 1 1 1 1 1 1 1 1 1 1 0.7741286 0.2258715 0.7561286 0.2438713 0.8135166 0.1864834 0.5899221 0.4100779 0.8361948 0.1638053 0.7745373 0.2254626 0.8013113 0.1986886 0.6712179 0.3287822 0.9445828 0.05541718 0.9360864 0.06391358 0.9228449 0.07715511 0.9130835 0.0869165 1 1 1 1 1 1 1 0.02631086 0.9736891 0.03608906 0.9639109 0.04814356 0.9518564 0.04239767 0.9576023 0.06552219 0.9344778 0.09296464 0.9070353 0.105802 0.894198 0.06416589 0.9358341 0.2195751 0.7804248 0.2179707 0.7820292 0.2799558 0.7200441 0.2981961 0.7018039 0.3682619 0.6317381 0.3793571 0.6206429 0.4134737 0.5865263 0.2453791 0.7546209 1 1 1 1 1 1 1 1 1 1 1 1 1 1 0.7727476 0.2272523 0.7555918 0.2444083 0.6386157 0.3613843 0.5109955 0.4890045 0.8349445 0.1650555 0.7696616 0.2303383 0.7978801 0.2021198 0.6525192 0.3474808 0.9422828 0.0577172 0.7728834 0.2271165 1 1 0.8885685 0.1114315 0.9064466 0.09355336 1 1 1 1 1 1 1 1 1 1 1 0.02457684 0.9754232 0.03598648 0.9640135 0.06260484 0.9373951 0.04073458 0.9592654 0.06932312 0.9306769 0.09363067 0.9063693 0.1029277 0.8970723 0.05848366 0.9415163 0.180903 0.8190969 0.1630156 0.8369844 0.1757104 0.8242895 0.1309088 0.8690912 0.3728106 0.6271895 0.3715651 0.6284349 0.3989899 0.6010101 0.2454963 0.7545036 1 1 1 1 1 1 1 1 1 1 1 1 1 1 1 1 1 1 1 1 1 1 1 1 1 1 1 1 1 1 1 1 1 1 1 1 1 1 1 1 1 1 1 1 1 1 1 1 1 1 1 1 1 1 1 1 1 1 1 1 1 1 1 1 1 1 1 1 1 1 1 1 1 1 1 1 1 1 0.1666666 0.6666667 0.1666666 0.1666666 0.6666667 0.1666666 0.1666666 0.6666667 0.1666666 0.1666666 0.6666667 0.1666666 0.1666666 0.6666667 0.1666666 0.1666666 0.6666667 0.1666666 0.1666666 0.6666667 0.1666666 0.1666666 0.6666667 0.1666666 0.1666666 0.6666667 0.1666666 0.1666666 0.6666667 0.1666666 0.1666666 0.6666667 0.1666666 0.1666666 0.6666667 0.1666666</float_array>
          <technique_common>
            <accessor source="#Armature_mremireh_body-skin-weights-array" count="3373" stride="1">
              <param name="WEIGHT" type="float"/>
            </accessor>
          </technique_common>
        </source>
        <joints>
          <input semantic="JOINT" source="#Armature_mremireh_body-skin-joints"/>
          <input semantic="INV_BIND_MATRIX" source="#Armature_mremireh_body-skin-bind_poses"/>
        </joints>
        <vertex_weights count="2450">
          <input semantic="JOINT" source="#Armature_mremireh_body-skin-joints" offset="0"/>
          <input semantic="WEIGHT" source="#Armature_mremireh_body-skin-weights" offset="1"/>
          <vcount>1 1 1 1 1 1 1 1 1 1 1 1 1 1 1 1 1 1 1 1 1 1 1 1 1 1 1 1 1 1 1 1 1 1 1 1 1 1 2 1 1 2 2 1 2 2 2 1 1 1 1 1 1 1 1 1 1 1 1 1 1 1 2 1 2 1 1 2 2 1 1 2 2 2 2 1 1 1 1 1 1 1 1 1 1 1 1 1 1 1 1 1 1 1 1 1 1 1 1 1 1 1 1 1 1 1 2 2 3 2 1 1 1 1 1 1 1 1 1 1 1 1 1 1 1 1 1 1 1 1 1 1 1 1 1 1 1 1 1 1 1 1 1 1 1 1 1 1 1 1 1 1 1 1 1 1 1 1 1 3 3 2 2 1 1 1 1 1 1 1 2 1 1 1 1 1 1 1 1 1 1 2 1 2 2 2 2 2 1 1 1 1 2 1 1 1 1 1 1 1 1 1 1 1 1 1 1 1 1 1 1 1 1 1 1 1 1 1 1 1 1 1 1 1 1 1 1 1 1 1 1 1 1 1 1 2 3 3 3 3 3 2 2 2 2 1 2 1 1 1 1 1 1 1 1 1 1 1 1 1 1 1 1 1 1 1 1 1 1 1 1 1 1 1 1 1 1 1 1 1 1 1 1 1 1 1 1 1 1 1 1 1 1 1 1 1 1 1 1 1 1 1 1 1 1 1 1 1 1 1 1 1 1 1 1 1 1 1 1 1 1 1 1 1 1 1 1 1 1 1 1 1 1 1 1 1 1 1 1 1 1 1 1 1 1 1 1 1 1 1 1 1 1 1 1 1 1 1 1 1 1 1 1 1 1 1 1 1 1 1 1 1 1 1 1 1 1 1 1 1 1 1 1 1 1 1 1 1 1 1 1 1 1 1 1 1 1 1 1 1 1 1 1 1 1 1 1 1 1 1 1 1 1 1 1 1 1 1 1 1 1 1 1 1 1 1 1 1 1 1 1 1 2 1 1 2 2 2 1 2 2 2 1 2 2 1 2 1 2 1 2 1 2 2 1 1 2 1 2 2 3 3 2 2 2 2 2 2 3 3 3 3 3 3 3 3 3 3 3 3 3 3 2 2 2 1 1 1 1 2 2 1 1 1 1 1 1 1 1 1 1 1 1 1 1 2 1 1 2 1 1 1 1 1 1 1 1 1 1 1 1 1 1 1 1 1 1 1 1 1 1 1 1 1 1 1 1 1 1 1 1 1 1 1 1 1 1 1 1 1 1 1 1 1 1 1 1 1 1 1 1 1 1 1 1 1 1 1 1 1 1 1 1 1 1 1 1 1 1 1 1 1 1 1 1 1 1 1 1 1 1 1 1 1 1 1 1 1 1 1 1 1 1 1 1 1 1 1 1 1 1 1 1 1 1 1 1 1 1 1 1 1 1 1 1 1 1 1 1 1 1 1 1 1 1 1 1 1 1 1 1 1 1 1 1 1 1 1 1 1 1 1 1 1 1 1 1 1 1 1 1 1 1 1 1 1 1 1 1 1 1 1 1 1 1 1 1 1 1 1 1 1 1 1 1 1 1 1 1 1 1 1 1 1 1 1 1 1 1 1 1 1 1 1 1 1 1 1 1 1 1 1 1 1 1 1 1 1 1 1 1 1 1 1 1 1 1 1 1 1 1 1 1 1 1 1 1 1 1 1 1 1 1 1 1 1 1 1 1 1 1 1 1 1 1 1 1 1 1 1 1 1 1 1 1 1 1 1 1 1 1 1 1 1 1 1 1 1 1 1 1 1 1 1 1 1 1 1 1 1 1 1 1 1 1 1 1 1 1 1 1 1 1 1 1 1 1 1 1 1 1 1 1 1 1 1 1 1 1 1 1 1 1 1 1 1 1 1 1 1 1 1 1 1 1 1 1 1 1 1 1 1 1 1 1 1 1 1 1 1 1 1 1 1 1 1 1 1 1 1 1 1 1 1 1 1 1 1 1 1 1 1 1 1 1 1 1 1 1 1 1 1 2 2 2 2 2 2 2 2 2 2 2 2 1 1 1 1 1 1 1 1 1 1 1 1 1 1 1 1 1 1 1 1 1 1 1 1 1 1 1 1 1 1 1 1 1 1 1 1 1 1 1 1 1 1 1 1 1 1 1 1 1 1 1 1 1 1 1 1 1 1 1 1 1 1 1 1 1 1 1 1 1 1 1 1 1 1 1 1 1 1 1 1 1 1 1 1 1 1 2 2 2 2 2 1 2 2 2 1 1 2 1 1 2 1 2 3 3 3 3 3 3 3 3 3 3 3 3 3 3 3 3 2 2 3 3 3 3 3 4 3 3 2 3 3 2 3 3 2 2 2 2 2 3 3 2 1 1 2 1 1 1 1 2 3 3 3 3 2 2 2 2 1 1 1 1 1 1 1 1 1 1 1 1 1 1 1 1 2 2 3 3 2 3 2 2 2 2 2 3 2 2 3 3 2 3 2 2 2 2 2 3 3 3 3 3 2 2 3 2 2 3 3 3 3 2 2 1 1 2 3 2 1 3 1 2 3 2 1 3 3 3 3 3 3 3 3 2 2 2 2 2 1 1 1 2 3 2 1 3 3 2 1 3 1 2 1 1 1 1 1 1 1 2 3 2 1 3 3 2 2 3 2 1 1 1 2 1 2 1 2 2 2 2 1 1 1 2 1 1 2 2 1 1 1 1 1 1 1 1 1 1 1 1 1 1 1 2 2 1 1 1 1 1 1 2 2 2 1 1 1 1 1 1 2 2 2 2 2 2 2 2 2 2 2 3 1 3 2 2 1 3 3 2 2 2 2 2 2 2 2 3 3 2 1 1 1 1 2 2 2 3 2 1 3 1 1 1 2 2 3 2 3 2 2 1 1 2 2 2 3 2 1 1 1 2 2 1 2 2 1 2 2 2 2 2 2 2 1 2 2 2 3 3 2 2 2 2 2 2 2 3 3 2 2 2 3 2 2 2 2 2 1 1 1 2 2 1 1 2 2 1 1 2 1 1 2 2 2 2 2 2 2 2 2 1 1 1 1 1 1 1 1 1 1 1 2 2 1 1 1 1 1 1 2 2 2 1 1 1 1 1 1 2 2 2 2 2 2 2 2 2 2 2 3 2 3 2 2 1 3 3 2 2 2 2 2 2 2 2 2 2 2 1 1 1 1 2 2 2 3 2 1 3 1 1 2 2 2 3 2 3 2 2 1 1 2 2 2 3 2 1 1 1 2 2 1 2 2 1 2 2 2 2 2 2 2 1 2 2 2 2 2 2 2 2 2 2 2 2 2 2 2 2 2 3 2 2 2 2 2 1 1 1 2 2 1 1 2 2 1 1 2 1 1 2 2 2 2 2 2 2 2 2 1 1 1 2 1 2 1 1 3 1 1 2 2 1 1 1 1 1 1 1 1 1 1 1 1 1 2 2 2 1 2 2 2 1 2 2 2 1 1 1 2 2 2 2 1 1 2 1 1 2 1 1 1 1 1 1 1 1 1 1 1 1 1 1 1 1 1 1 1 1 1 1 1 1 1 1 1 1 1 1 1 1 1 1 1 1 1 1 1 1 1 1 1 1 1 1 2 2 1 2 2 2 2 2 1 1 1 1 1 1 1 1 1 2 1 1 2 2 1 1 1 2 2 2 2 2 2 2 2 2 2 2 2 1 1 2 1 1 1 1 1 1 2 2 1 2 2 2 2 2 1 1 2 1 1 2 2 1 1 1 2 2 2 2 2 2 1 2 2 1 2 2 2 1 2 1 1 1 1 1 1 1 1 1 1 1 1 1 1 1 1 1 1 1 1 2 1 1 2 2 2 2 2 2 2 2 2 2 2 1 2 2 2 2 2 2 1 1 1 1 2 1 1 2 2 2 2 2 2 2 1 2 2 2 2 1 1 1 1 2 2 1 1 1 1 2 2 2 2 2 2 2 2 2 2 2 2 2 2 2 2 2 2 2 2 2 2 2 2 2 2 2 2 2 2 2 2 2 1 2 2 1 2 2 1 2 2 1 2 2 1 1 1 1 1 1 1 1 1 2 2 1 2 2 1 2 2 2 2 1 1 2 2 2 1 2 1 2 2 1 1 1 1 1 1 1 1 1 1 1 1 1 1 1 1 1 1 1 1 1 1 1 1 1 1 1 1 2 2 2 2 2 2 2 2 1 1 2 1 1 2 1 1 2 2 1 1 2 1 1 2 2 1 2 1 1 2 2 2 2 1 2 1 2 2 1 1 2 1 1 1 1 2 1 1 2 1 1 2 2 1 2 2 1 2 2 2 2 2 2 2 2 2 2 2 2 1 1 1 2 2 1 1 2 2 2 2 2 2 1 2 2 1 2 1 1 1 2 2 1 2 1 1 1 1 1 2 1 1 2 2 2 2 2 1 1 1 2 2 1 2 2 2 1 1 2 2 1 2 1 1 1 1 1 1 1 1 1 2 1 1 1 1 2 2 2 1 2 1 2 2 1 1 2 1 1 1 1 2 1 1 2 1 1 2 2 1 2 2 1 2 2 2 1 2 2 2 2 2 2 2 2 1 1 1 2 2 1 1 2 2 2 2 2 2 1 2 2 1 2 1 1 1 2 2 1 2 1 1 1 1 1 2 1 1 2 2 2 2 2 1 1 1 2 2 1 2 2 2 1 1 2 2 1 2 1 1 1 1 1 1 1 1 1 2 1 1 1 1 1 1 1 1 1 1 1 1 1 1 1 1 1 1 1 1 1 1 1 1 1 1 1 1 1 1 1 1 1 1 1 1 1 1 1 1 1 1 1 1 1 1 1 1 1 1 1 1 1 1 1 1 1 1 1 1 1 1 1 1 1 1 1 1 1 1 1 1 1 1 1 1 1 1 1 1 1 1 1 1 1 1 1 1 1 1 1 1 1 1 1 1 1 1 1 1 1 1 1 1 1 1 1 1 1 1 1 1 1 1 1 1 1 1 1 1 1 1 1 1 1 1 1 1 1 1 1 1 1 1 1 1 1 1 1 1 1 1 1 1 1 1 1 1 1 1 1 1 1 1 1 1 1 1 1 1 1 1 1 1 1 1 1 1 1 1 1 1 1 1 1 1 1 1 1 1 1 1 1 1 1 1 1 1 1 1 1 1 1 1 1 1 1 1 1 1 2 2 2 2 2 2 2 2 2 2 2 2 1 1 1 1 1 1 1 2 2 2 2 2 2 2 2 2 2 2 2 2 2 2 2 1 1 1 1 1 1 1 1 1 1 1 1 1 1 2 2 2 2 2 2 2 2 2 2 1 1 2 2 1 1 1 1 1 1 1 1 1 1 1 2 2 2 2 2 2 2 2 2 2 2 2 2 2 2 2 1 1 1 1 1 1 1 1 1 1 1 1 1 1 1 1 1 1 1 1 1 1 1 1 1 1 1 1 1 1 1 1 1 1 1 1 1 1 1 1 1 1 1 1 1 1 1 1 1 1 1 1 1 1 1 1 1 1 1 1 1 1 1 1 1 1 1 1 1 1 1 1 1 1 1 1 1 1 3 3 3 3 3 3 3 3 3 3 3 3 </vcount>
          <v>5 0 5 1 5 2 5 3 5 4 5 5 5 6 5 7 5 8 5 9 5 10 5 11 5 12 5 13 5 14 5 15 5 16 5 17 5 18 5 19 5 20 5 21 5 22 5 23 5 24 5 25 5 26 5 27 5 28 5 29 5 30 5 31 5 32 5 33 5 34 5 35 5 36 5 37 4 38 5 39 5 40 5 41 4 42 5 43 4 44 5 45 5 46 4 47 5 48 4 49 5 50 4 51 5 52 5 53 5 54 5 55 5 56 5 57 5 58 5 59 5 60 5 61 5 62 5 63 5 64 5 65 5 66 5 67 4 68 5 69 5 70 4 71 5 72 5 73 5 74 4 75 5 76 4 77 5 78 5 79 5 80 4 81 5 82 4 83 5 84 4 85 5 86 4 87 5 88 5 89 5 90 5 91 5 92 5 93 5 94 5 95 5 96 5 97 5 98 5 99 5 100 5 101 5 102 5 103 5 104 5 105 5 106 5 107 5 108 5 109 5 110 5 111 5 112 5 113 5 114 5 115 5 116 5 117 5 118 5 119 4 120 5 121 4 122 5 123 3 124 4 125 5 126 4 127 5 128 5 129 5 130 5 131 5 132 5 133 5 134 5 135 5 136 5 137 5 138 5 139 5 140 5 141 5 142 5 143 5 144 5 145 5 146 5 147 5 148 5 149 5 150 5 151 5 152 5 153 5 154 5 155 5 156 5 157 5 158 5 159 5 160 5 161 5 162 5 163 5 164 5 165 5 166 5 167 5 168 5 169 5 170 5 171 5 172 5 173 5 174 5 175 5 176 5 177 3 178 4 179 5 180 3 181 4 182 5 183 4 184 5 185 4 186 5 187 5 188 5 189 5 190 5 191 5 192 5 193 5 194 4 195 5 196 5 197 5 198 5 199 5 200 5 201 5 202 5 203 5 204 5 205 5 206 4 207 5 208 5 209 4 210 5 211 4 212 5 213 4 214 5 215 4 216 5 217 4 218 5 219 5 220 5 221 5 222 5 223 4 224 5 225 5 226 5 227 5 228 5 229 5 230 5 231 5 232 5 233 5 234 5 235 5 236 5 237 5 238 5 239 5 240 5 241 5 242 5 243 5 244 5 245 5 246 5 247 5 248 5 249 5 250 5 251 5 252 5 253 5 254 5 255 5 256 5 257 5 258 5 259 5 260 5 261 5 262 5 263 5 264 5 265 5 266 5 267 4 268 5 269 3 270 4 271 5 272 3 273 4 274 5 275 3 276 4 277 5 278 3 279 4 280 5 281 3 282 4 283 5 284 4 285 5 286 4 287 5 288 4 289 5 290 4 291 5 292 5 293 4 294 5 295 5 296 5 297 5 298 5 299 5 300 5 301 5 302 5 303 5 304 5 305 5 306 5 307 5 308 5 309 5 310 5 311 5 312 5 313 5 314 5 315 5 316 5 317 5 318 5 319 5 320 5 321 5 322 5 323 5 324 5 325 5 326 5 327 5 328 5 329 5 330 5 331 5 332 5 333 5 334 5 335 5 336 5 337 5 338 5 339 5 340 5 341 5 342 5 343 5 344 5 345 5 346 5 347 5 348 5 349 5 350 5 351 5 352 5 353 5 354 5 355 5 356 5 357 5 358 5 359 5 360 5 361 5 362 5 363 5 364 5 365 5 366 5 367 5 368 5 369 5 370 5 371 5 372 5 373 5 374 5 375 5 376 5 377 5 378 5 379 5 380 5 381 5 382 5 383 5 384 5 385 5 386 5 387 5 388 5 389 5 390 5 391 5 392 5 393 5 394 5 395 5 396 5 397 5 398 5 399 5 400 5 401 5 402 5 403 5 404 5 405 5 406 5 407 5 408 5 409 5 410 5 411 5 412 5 413 5 414 5 415 5 416 5 417 5 418 5 419 5 420 5 421 5 422 5 423 5 424 5 425 5 426 5 427 5 428 5 429 5 430 5 431 5 432 5 433 5 434 5 435 5 436 5 437 5 438 5 439 5 440 5 441 5 442 5 443 5 444 5 445 5 446 5 447 5 448 5 449 5 450 5 451 5 452 5 453 5 454 5 455 5 456 5 457 5 458 5 459 5 460 5 461 5 462 5 463 5 464 5 465 5 466 5 467 5 468 5 469 5 470 5 471 5 472 5 473 5 474 5 475 5 476 5 477 5 478 5 479 5 480 4 481 5 482 3 483 3 484 3 485 4 486 3 487 4 488 3 489 4 490 3 491 3 492 4 493 3 494 4 495 3 496 4 497 3 498 3 499 4 500 3 501 4 502 3 503 3 504 4 505 3 506 3 507 4 508 3 509 3 510 4 511 3 512 3 513 4 514 3 515 4 516 3 517 3 518 3 519 4 520 3 521 3 522 4 523 3 524 4 525 3 526 4 527 5 528 3 529 4 530 5 531 3 532 4 533 3 534 4 535 3 536 4 537 3 538 4 539 3 540 4 541 3 542 4 543 3 544 4 545 5 546 3 547 4 548 5 549 3 550 4 551 5 552 3 553 4 554 5 555 3 556 4 557 5 558 3 559 4 560 5 561 3 562 4 563 5 564 3 565 4 566 5 567 3 568 4 569 5 570 3 571 4 572 5 573 3 574 4 575 5 576 3 577 4 578 5 579 3 580 4 581 5 582 3 583 4 584 5 585 4 586 5 587 4 588 5 589 4 590 5 591 5 592 5 593 5 594 5 595 4 596 5 597 4 598 5 599 5 600 5 601 5 602 5 603 5 604 5 605 5 606 5 607 5 608 5 609 5 610 5 611 5 612 5 613 4 614 5 615 5 616 5 617 4 618 5 619 5 620 5 621 5 622 5 623 5 624 5 625 5 626 5 627 5 628 5 629 5 630 5 631 5 632 5 633 5 634 5 635 5 636 5 637 5 638 5 639 5 640 5 641 5 642 5 643 5 644 5 645 5 646 5 647 5 648 5 649 5 650 5 651 5 652 5 653 5 654 5 655 5 656 5 657 5 658 5 659 5 660 5 661 5 662 5 663 5 664 5 665 5 666 5 667 5 668 5 669 5 670 5 671 5 672 5 673 5 674 5 675 5 676 5 677 5 678 5 679 5 680 5 681 5 682 5 683 5 684 5 685 5 686 5 687 5 688 5 689 5 690 5 691 5 692 5 693 5 694 5 695 5 696 5 697 5 698 5 699 5 700 5 701 5 702 5 703 5 704 5 705 5 706 5 707 5 708 5 709 5 710 5 711 5 712 5 713 5 714 5 715 5 716 5 717 5 718 5 719 5 720 5 721 5 722 5 723 5 724 5 725 5 726 5 727 5 728 5 729 5 730 5 731 5 732 5 733 5 734 5 735 5 736 5 737 5 738 5 739 5 740 5 741 5 742 5 743 5 744 5 745 5 746 5 747 5 748 5 749 5 750 5 751 5 752 5 753 5 754 5 755 5 756 5 757 5 758 5 759 5 760 5 761 5 762 5 763 5 764 5 765 5 766 5 767 5 768 5 769 5 770 5 771 7 772 7 773 7 774 7 775 7 776 7 777 7 778 7 779 7 780 7 781 7 782 7 783 7 784 7 785 7 786 7 787 7 788 7 789 7 790 7 791 7 792 7 793 7 794 7 795 7 796 7 797 7 798 7 799 7 800 7 801 7 802 7 803 7 804 7 805 7 806 7 807 7 808 7 809 7 810 7 811 7 812 7 813 7 814 7 815 7 816 7 817 7 818 7 819 7 820 7 821 7 822 7 823 7 824 7 825 7 826 7 827 7 828 7 829 7 830 7 831 7 832 7 833 7 834 7 835 7 836 7 837 7 838 7 839 7 840 7 841 7 842 7 843 7 844 7 845 7 846 7 847 7 848 7 849 7 850 7 851 7 852 6 853 6 854 6 855 6 856 6 857 6 858 6 859 6 860 6 861 6 862 6 863 6 864 6 865 6 866 6 867 6 868 6 869 6 870 6 871 6 872 6 873 6 874 6 875 6 876 6 877 6 878 6 879 6 880 6 881 6 882 6 883 6 884 6 885 6 886 6 887 6 888 6 889 6 890 6 891 6 892 6 893 6 894 6 895 6 896 6 897 6 898 6 899 6 900 6 901 6 902 6 903 6 904 6 905 6 906 6 907 6 908 6 909 6 910 6 911 6 912 6 913 6 914 6 915 6 916 6 917 6 918 6 919 6 920 6 921 6 922 6 923 6 924 6 925 6 926 6 927 6 928 6 929 6 930 6 931 6 932 6 933 5 934 5 935 5 936 5 937 5 938 5 939 5 940 5 941 5 942 5 943 5 944 5 945 5 946 5 947 5 948 5 949 5 950 5 951 5 952 5 953 5 954 5 955 5 956 5 957 5 958 5 959 5 960 5 961 5 962 5 963 5 964 5 965 5 966 5 967 5 968 5 969 5 970 5 971 5 972 5 973 5 974 5 975 5 976 5 977 5 978 5 979 5 980 5 981 5 982 5 983 5 984 5 985 5 986 5 987 5 988 5 989 5 990 5 991 5 992 0 993 1 994 0 995 1 996 0 997 1 998 0 999 1 1000 0 1001 1 1002 0 1003 1 1004 0 1005 1 1006 0 1007 1 1008 0 1009 1 1010 0 1011 1 1012 0 1013 1 1014 0 1015 1 1016 3 1017 3 1018 3 1019 3 1020 3 1021 3 1022 3 1023 3 1024 3 1025 3 1026 3 1027 3 1028 0 1029 0 1030 0 1031 0 1032 0 1033 0 1034 0 1035 0 1036 0 1037 0 1038 0 1039 0 1040 0 1041 0 1042 0 1043 0 1044 0 1045 0 1046 0 1047 0 1048 0 1049 0 1050 0 1051 0 1052 0 1053 0 1054 0 1055 0 1056 0 1057 0 1058 0 1059 0 1060 0 1061 0 1062 0 1063 0 1064 0 1065 0 1066 0 1067 0 1068 0 1069 0 1070 0 1071 0 1072 0 1073 0 1074 0 1075 0 1076 0 1077 0 1078 0 1079 0 1080 0 1081 0 1082 0 1083 0 1084 0 1085 0 1086 0 1087 0 1088 0 1089 0 1090 0 1091 0 1092 25 1093 25 1094 25 1095 25 1096 25 1097 25 1098 25 1099 25 1100 25 1101 25 1102 24 1103 25 1104 24 1105 25 1106 24 1107 25 1108 24 1109 25 1110 24 1111 25 1112 25 1113 24 1114 25 1115 0 1116 1 1117 0 1118 1 1119 0 1120 0 1121 0 1122 1 1123 0 1124 0 1125 0 1126 1 1127 0 1128 0 1129 1 1130 0 1131 1 1132 2 1133 0 1134 1 1135 2 1136 0 1137 1 1138 2 1139 0 1140 1 1141 2 1142 0 1143 1 1144 2 1145 1 1146 2 1147 3 1148 1 1149 2 1150 3 1151 1 1152 2 1153 3 1154 1 1155 2 1156 3 1157 1 1158 2 1159 3 1160 3 1161 24 1162 25 1163 3 1164 24 1165 25 1166 3 1167 24 1168 25 1169 3 1170 24 1171 25 1172 3 1173 24 1174 25 1175 3 1176 24 1177 25 1178 3 1179 24 1180 3 1181 24 1182 3 1183 24 1184 25 1185 3 1186 24 1187 25 1188 3 1189 24 1190 25 1191 3 1192 24 1193 25 1194 3 1195 24 1196 25 1197 2 1198 3 1199 24 1200 25 1201 2 1202 3 1203 24 1204 3 1205 24 1206 25 1207 3 1208 24 1209 2 1210 3 1211 24 1212 3 1213 24 1214 25 1215 3 1216 24 1217 2 1218 3 1219 24 1220 2 1221 3 1222 24 1223 2 1224 3 1225 3 1226 24 1227 3 1228 24 1229 3 1230 24 1231 2 1232 3 1233 1 1234 2 1235 3 1236 0 1237 1 1238 2 1239 0 1240 1 1241 0 1242 25 1243 24 1244 25 1245 25 1246 25 1247 25 1248 25 1249 24 1250 25 1251 3 1252 24 1253 25 1254 3 1255 24 1256 25 1257 3 1258 24 1259 25 1260 3 1261 24 1262 25 1263 3 1264 24 1265 3 1266 24 1267 3 1268 24 1269 3 1270 24 1271 9 1272 9 1273 9 1274 9 1275 9 1276 9 1277 9 1278 9 1279 9 1280 9 1281 9 1282 9 1283 9 1284 9 1285 9 1286 9 1287 8 1288 9 1289 8 1290 9 1291 3 1292 8 1293 9 1294 3 1295 8 1296 9 1297 8 1298 9 1299 3 1300 8 1301 9 1302 8 1303 9 1304 3 1305 8 1306 3 1307 8 1308 3 1309 8 1310 8 1311 9 1312 3 1313 8 1314 9 1315 8 1316 9 1317 8 1318 9 1319 3 1320 8 1321 9 1322 3 1323 8 1324 9 1325 8 1326 9 1327 3 1328 8 1329 9 1330 3 1331 8 1332 3 1333 8 1334 3 1335 8 1336 3 1337 8 1338 3 1339 8 1340 3 1341 8 1342 9 1343 3 1344 8 1345 9 1346 3 1347 8 1348 9 1349 3 1350 8 1351 9 1352 3 1353 8 1354 9 1355 3 1356 8 1357 3 1358 8 1359 2 1360 3 1361 8 1362 2 1363 3 1364 2 1365 3 1366 1 1367 2 1368 3 1369 1 1370 2 1371 3 1372 0 1373 1 1374 2 1375 0 1376 1 1377 2 1378 0 1379 1 1380 0 1381 1 1382 0 1383 0 1384 0 1385 1 1386 0 1387 1 1388 2 1389 0 1390 1 1391 0 1392 0 1393 1 1394 2 1395 0 1396 0 1397 1 1398 0 1399 1 1400 2 1401 0 1402 1 1403 0 1404 0 1405 1 1406 2 1407 1 1408 2 1409 3 1410 1 1411 2 1412 3 1413 1 1414 2 1415 3 1416 1 1417 2 1418 3 1419 2 1420 3 1421 8 1422 2 1423 3 1424 8 1425 2 1426 3 1427 8 1428 3 1429 8 1430 3 1431 8 1432 3 1433 8 1434 3 1435 8 1436 3 1437 8 1438 3 1439 0 1440 0 1441 0 1442 1 1443 0 1444 1 1445 2 1446 0 1447 1 1448 0 1449 1 1450 2 1451 3 1452 0 1453 1 1454 2 1455 2 1456 3 1457 3 1458 1 1459 2 1460 3 1461 3 1462 2 1463 3 1464 3 1465 3 1466 3 1467 3 1468 3 1469 3 1470 0 1471 0 1472 1 1473 0 1474 1 1475 2 1476 0 1477 1 1478 0 1479 1 1480 2 1481 3 1482 0 1483 1 1484 2 1485 2 1486 3 1487 3 1488 8 1489 1 1490 2 1491 3 1492 2 1493 3 1494 3 1495 3 1496 3 1497 3 1498 24 1499 3 1500 3 1501 8 1502 3 1503 3 1504 24 1505 3 1506 8 1507 3 1508 8 1509 3 1510 8 1511 3 1512 3 1513 3 1514 3 1515 24 1516 3 1517 3 1518 3 1519 24 1520 3 1521 8 1522 3 1523 3 1524 3 1525 3 1526 10 1527 10 1528 10 1529 10 1530 10 1531 10 1532 10 1533 10 1534 10 1535 10 1536 10 1537 9 1538 10 1539 9 1540 10 1541 10 1542 10 1543 10 1544 10 1545 10 1546 10 1547 9 1548 10 1549 9 1550 10 1551 9 1552 10 1553 10 1554 10 1555 16 1556 16 1557 16 1558 16 1559 11 1560 15 1561 11 1562 17 1563 11 1564 15 1565 11 1566 12 1567 10 1568 11 1569 20 1570 21 1571 20 1572 21 1573 20 1574 21 1575 20 1576 21 1577 19 1578 20 1579 19 1580 20 1581 11 1582 12 1583 13 1584 11 1585 11 1586 17 1587 19 1588 11 1589 19 1590 11 1591 17 1592 11 1593 11 1594 12 1595 15 1596 11 1597 12 1598 13 1599 11 1600 12 1601 15 1602 16 1603 17 1604 18 1605 17 1606 18 1607 17 1608 18 1609 17 1610 18 1611 17 1612 18 1613 17 1614 18 1615 11 1616 19 1617 22 1618 11 1619 19 1620 22 1621 11 1622 22 1623 23 1624 23 1625 23 1626 23 1627 22 1628 23 1629 11 1630 22 1631 11 1632 22 1633 11 1634 22 1635 23 1636 11 1637 22 1638 11 1639 11 1640 19 1641 22 1642 11 1643 11 1644 11 1645 10 1646 11 1647 10 1648 11 1649 11 1650 15 1651 17 1652 13 1653 14 1654 11 1655 12 1656 13 1657 13 1658 14 1659 13 1660 14 1661 14 1662 14 1663 10 1664 11 1665 11 1666 12 1667 11 1668 13 1669 11 1670 12 1671 15 1672 13 1673 14 1674 14 1675 14 1676 11 1677 10 1678 11 1679 10 1680 11 1681 11 1682 10 1683 11 1684 10 1685 11 1686 10 1687 10 1688 11 1689 10 1690 11 1691 10 1692 11 1693 10 1694 11 1695 10 1696 11 1697 10 1698 11 1699 10 1700 11 1701 10 1702 17 1703 18 1704 17 1705 18 1706 11 1707 17 1708 11 1709 15 1710 17 1711 11 1712 17 1713 19 1714 15 1715 16 1716 11 1717 15 1718 11 1719 15 1720 15 1721 16 1722 15 1723 16 1724 19 1725 20 1726 19 1727 20 1728 11 1729 19 1730 22 1731 11 1732 17 1733 19 1734 22 1735 23 1736 22 1737 23 1738 22 1739 23 1740 11 1741 19 1742 22 1743 9 1744 10 1745 9 1746 10 1747 9 1748 10 1749 8 1750 9 1751 8 1752 9 1753 9 1754 9 1755 9 1756 8 1757 9 1758 8 1759 9 1760 9 1761 9 1762 8 1763 9 1764 8 1765 9 1766 9 1767 9 1768 8 1769 9 1770 9 1771 9 1772 9 1773 10 1774 9 1775 10 1776 9 1777 10 1778 9 1779 10 1780 9 1781 10 1782 9 1783 10 1784 9 1785 10 1786 9 1787 10 1788 11 1789 12 1790 26 1791 26 1792 26 1793 26 1794 26 1795 26 1796 26 1797 26 1798 26 1799 26 1800 26 1801 25 1802 26 1803 25 1804 26 1805 26 1806 26 1807 26 1808 26 1809 26 1810 26 1811 25 1812 26 1813 25 1814 26 1815 25 1816 26 1817 26 1818 26 1819 32 1820 32 1821 32 1822 32 1823 27 1824 31 1825 27 1826 33 1827 27 1828 31 1829 27 1830 28 1831 26 1832 27 1833 36 1834 37 1835 36 1836 37 1837 36 1838 37 1839 36 1840 37 1841 35 1842 36 1843 35 1844 36 1845 27 1846 28 1847 29 1848 27 1849 29 1850 27 1851 33 1852 35 1853 27 1854 35 1855 27 1856 33 1857 27 1858 27 1859 28 1860 31 1861 27 1862 28 1863 29 1864 27 1865 28 1866 31 1867 32 1868 33 1869 34 1870 33 1871 34 1872 33 1873 34 1874 33 1875 34 1876 33 1877 34 1878 33 1879 34 1880 27 1881 38 1882 27 1883 35 1884 27 1885 38 1886 39 1887 39 1888 39 1889 39 1890 38 1891 39 1892 27 1893 38 1894 27 1895 38 1896 27 1897 38 1898 39 1899 27 1900 38 1901 27 1902 27 1903 35 1904 38 1905 27 1906 27 1907 27 1908 38 1909 26 1910 27 1911 26 1912 27 1913 27 1914 31 1915 33 1916 29 1917 30 1918 27 1919 28 1920 29 1921 29 1922 30 1923 29 1924 30 1925 30 1926 30 1927 26 1928 27 1929 27 1930 28 1931 27 1932 29 1933 27 1934 28 1935 31 1936 29 1937 30 1938 30 1939 30 1940 27 1941 26 1942 27 1943 26 1944 27 1945 27 1946 26 1947 27 1948 26 1949 27 1950 26 1951 26 1952 27 1953 26 1954 27 1955 26 1956 27 1957 26 1958 27 1959 26 1960 27 1961 26 1962 27 1963 26 1964 27 1965 26 1966 33 1967 34 1968 33 1969 34 1970 27 1971 33 1972 27 1973 31 1974 27 1975 33 1976 31 1977 32 1978 27 1979 31 1980 27 1981 31 1982 31 1983 32 1984 31 1985 32 1986 35 1987 36 1988 35 1989 36 1990 27 1991 35 1992 27 1993 35 1994 38 1995 39 1996 38 1997 39 1998 38 1999 39 2000 27 2001 35 2002 38 2003 25 2004 26 2005 25 2006 26 2007 25 2008 26 2009 24 2010 25 2011 24 2012 25 2013 25 2014 25 2015 25 2016 24 2017 25 2018 24 2019 25 2020 25 2021 25 2022 24 2023 25 2024 24 2025 25 2026 25 2027 25 2028 24 2029 25 2030 25 2031 25 2032 25 2033 26 2034 25 2035 26 2036 25 2037 26 2038 25 2039 26 2040 25 2041 26 2042 25 2043 26 2044 25 2045 26 2046 25 2047 26 2048 27 2049 28 2050 3 2051 3 2052 3 2053 3 2054 24 2055 3 2056 3 2057 24 2058 3 2059 3 2060 3 2061 8 2062 9 2063 3 2064 3 2065 3 2066 8 2067 3 2068 8 2069 3 2070 3 2071 3 2072 3 2073 3 2074 3 2075 3 2076 3 2077 3 2078 3 2079 3 2080 3 2081 3 2082 3 2083 24 2084 3 2085 24 2086 3 2087 24 2088 3 2089 3 2090 24 2091 3 2092 24 2093 3 2094 24 2095 3 2096 3 2097 8 2098 3 2099 8 2100 3 2101 8 2102 3 2103 3 2104 3 2105 3 2106 8 2107 3 2108 8 2109 3 2110 8 2111 3 2112 8 2113 3 2114 3 2115 3 2116 8 2117 3 2118 3 2119 3 2120 24 2121 3 2122 3 2123 3 2124 3 2125 3 2126 3 2127 3 2128 3 2129 3 2130 3 2131 3 2132 3 2133 3 2134 3 2135 3 2136 3 2137 3 2138 3 2139 3 2140 3 2141 3 2142 3 2143 3 2144 3 2145 3 2146 3 2147 3 2148 3 2149 3 2150 3 2151 3 2152 3 2153 3 2154 3 2155 3 2156 3 2157 3 2158 3 2159 3 2160 3 2161 3 2162 3 2163 3 2164 3 2165 3 2166 3 2167 3 2168 24 2169 3 2170 24 2171 3 2172 3 2173 24 2174 3 2175 24 2176 3 2177 8 2178 3 2179 8 2180 3 2181 8 2182 3 2183 3 2184 3 2185 3 2186 3 2187 3 2188 3 2189 3 2190 3 2191 3 2192 24 2193 3 2194 3 2195 3 2196 8 2197 3 2198 8 2199 3 2200 3 2201 3 2202 0 2203 44 2204 0 2205 44 2206 0 2207 44 2208 0 2209 44 2210 0 2211 44 2212 0 2213 44 2214 0 2215 44 2216 0 2217 44 2218 0 2219 44 2220 0 2221 44 2222 0 2223 44 2224 0 2225 44 2226 44 2227 44 2228 0 2229 44 2230 44 2231 44 2232 44 2233 44 2234 44 2235 44 2236 0 2237 44 2238 44 2239 45 2240 44 2241 44 2242 45 2243 44 2244 45 2245 44 2246 45 2247 44 2248 45 2249 44 2250 45 2251 45 2252 45 2253 44 2254 45 2255 45 2256 45 2257 44 2258 45 2259 44 2260 45 2261 45 2262 45 2263 45 2264 0 2265 44 2266 0 2267 44 2268 0 2269 44 2270 0 2271 44 2272 0 2273 44 2274 44 2275 45 2276 44 2277 0 2278 44 2279 0 2280 44 2281 44 2282 44 2283 45 2284 44 2285 45 2286 44 2287 45 2288 45 2289 44 2290 45 2291 45 2292 45 2293 45 2294 45 2295 45 2296 45 2297 45 2298 45 2299 45 2300 45 2301 45 2302 45 2303 45 2304 45 2305 45 2306 45 2307 45 2308 45 2309 45 2310 45 2311 45 2312 46 2313 45 2314 45 2315 45 2316 46 2317 45 2318 46 2319 45 2320 46 2321 45 2322 46 2323 45 2324 46 2325 45 2326 46 2327 45 2328 46 2329 45 2330 46 2331 45 2332 46 2333 45 2334 46 2335 45 2336 46 2337 45 2338 45 2339 46 2340 45 2341 46 2342 45 2343 46 2344 45 2345 46 2346 45 2347 46 2348 45 2349 46 2350 46 2351 46 2352 46 2353 46 2354 45 2355 46 2356 45 2357 45 2358 45 2359 46 2360 45 2361 46 2362 45 2363 46 2364 45 2365 46 2366 46 2367 47 2368 46 2369 47 2370 46 2371 47 2372 46 2373 46 2374 47 2375 46 2376 47 2377 46 2378 47 2379 46 2380 47 2381 46 2382 46 2383 46 2384 46 2385 45 2386 46 2387 45 2388 46 2389 46 2390 46 2391 46 2392 46 2393 45 2394 46 2395 45 2396 46 2397 45 2398 46 2399 45 2400 46 2401 0 2402 40 2403 0 2404 40 2405 0 2406 40 2407 0 2408 40 2409 0 2410 40 2411 0 2412 40 2413 0 2414 40 2415 0 2416 40 2417 0 2418 40 2419 0 2420 40 2421 0 2422 40 2423 0 2424 40 2425 0 2426 40 2427 0 2428 40 2429 0 2430 40 2431 0 2432 40 2433 0 2434 40 2435 0 2436 40 2437 0 2438 40 2439 0 2440 40 2441 0 2442 40 2443 40 2444 41 2445 40 2446 41 2447 40 2448 41 2449 40 2450 41 2451 40 2452 41 2453 40 2454 41 2455 40 2456 41 2457 40 2458 41 2459 41 2460 40 2461 41 2462 40 2463 41 2464 41 2465 40 2466 41 2467 40 2468 41 2469 41 2470 40 2471 41 2472 40 2473 41 2474 41 2475 40 2476 41 2477 40 2478 41 2479 41 2480 40 2481 40 2482 40 2483 40 2484 40 2485 40 2486 40 2487 41 2488 41 2489 42 2490 41 2491 42 2492 41 2493 41 2494 42 2495 41 2496 42 2497 41 2498 41 2499 42 2500 41 2501 42 2502 41 2503 42 2504 41 2505 42 2506 41 2507 41 2508 41 2509 42 2510 41 2511 42 2512 41 2513 42 2514 41 2515 41 2516 42 2517 41 2518 41 2519 42 2520 41 2521 42 2522 41 2523 41 2524 41 2525 41 2526 41 2527 41 2528 41 2529 41 2530 41 2531 41 2532 41 2533 41 2534 41 2535 41 2536 41 2537 41 2538 41 2539 41 2540 41 2541 41 2542 41 2543 41 2544 41 2545 41 2546 41 2547 41 2548 41 2549 41 2550 41 2551 42 2552 41 2553 42 2554 41 2555 42 2556 41 2557 42 2558 41 2559 42 2560 41 2561 42 2562 41 2563 42 2564 41 2565 42 2566 42 2567 42 2568 42 2569 43 2570 42 2571 42 2572 42 2573 43 2574 42 2575 42 2576 42 2577 43 2578 42 2579 43 2580 42 2581 42 2582 42 2583 43 2584 42 2585 42 2586 41 2587 42 2588 41 2589 42 2590 42 2591 42 2592 43 2593 42 2594 42 2595 42 2596 43 2597 42 2598 43 2599 41 2600 42 2601 41 2602 42 2603 42 2604 41 2605 42 2606 42 2607 42 2608 43 2609 42 2610 43 2611 42 2612 42 2613 42 2614 43 2615 43 2616 43 2617 43 2618 43 2619 41 2620 42 2621 42 2622 42 2623 41 2624 42 2625 42 2626 42 2627 41 2628 42 2629 41 2630 42 2631 43 2632 42 2633 43 2634 42 2635 43 2636 43 2637 41 2638 42 2639 41 2640 42 2641 41 2642 42 2643 41 2644 42 2645 41 2646 42 2647 41 2648 42 2649 41 2650 42 2651 41 2652 42 2653 42 2654 43 2655 42 2656 43 2657 42 2658 43 2659 42 2660 43 2661 43 2662 43 2663 43 2664 41 2665 42 2666 41 2667 42 2668 42 2669 42 2670 41 2671 42 2672 41 2673 42 2674 42 2675 43 2676 42 2677 43 2678 42 2679 43 2680 42 2681 43 2682 42 2683 42 2684 43 2685 42 2686 43 2687 43 2688 42 2689 43 2690 43 2691 43 2692 42 2693 42 2694 43 2695 42 2696 43 2697 43 2698 42 2699 43 2700 43 2701 43 2702 42 2703 42 2704 42 2705 42 2706 43 2707 43 2708 43 2709 42 2710 43 2711 42 2712 43 2713 42 2714 43 2715 42 2716 43 2717 42 2718 43 2719 42 2720 42 2721 42 2722 42 2723 43 2724 42 2725 43 2726 43 2727 42 2728 43 2729 42 2730 43 2731 42 2732 43 2733 42 2734 42 2735 42 2736 43 2737 42 2738 43 2739 43 2740 42 2741 43 2742 43 2743 43 2744 42 2745 42 2746 42 2747 42 2748 42 2749 42 2750 42 2751 42 2752 43 2753 42 2754 42 2755 42 2756 42 2757 46 2758 47 2759 45 2760 46 2761 45 2762 46 2763 46 2764 45 2765 46 2766 46 2767 46 2768 47 2769 46 2770 47 2771 46 2772 46 2773 46 2774 47 2775 47 2776 47 2777 47 2778 47 2779 45 2780 46 2781 46 2782 46 2783 45 2784 46 2785 46 2786 46 2787 45 2788 46 2789 45 2790 46 2791 47 2792 46 2793 47 2794 46 2795 47 2796 47 2797 45 2798 46 2799 45 2800 46 2801 45 2802 46 2803 46 2804 45 2805 46 2806 45 2807 46 2808 45 2809 46 2810 45 2811 46 2812 46 2813 47 2814 46 2815 47 2816 46 2817 47 2818 46 2819 47 2820 47 2821 47 2822 47 2823 45 2824 46 2825 45 2826 46 2827 46 2828 46 2829 45 2830 46 2831 45 2832 46 2833 46 2834 47 2835 46 2836 47 2837 46 2838 47 2839 46 2840 47 2841 46 2842 46 2843 47 2844 46 2845 47 2846 47 2847 46 2848 47 2849 47 2850 47 2851 46 2852 46 2853 47 2854 46 2855 47 2856 47 2857 46 2858 47 2859 47 2860 47 2861 46 2862 46 2863 46 2864 46 2865 47 2866 47 2867 47 2868 46 2869 47 2870 46 2871 47 2872 46 2873 47 2874 46 2875 47 2876 46 2877 47 2878 46 2879 46 2880 46 2881 46 2882 47 2883 46 2884 47 2885 47 2886 46 2887 47 2888 46 2889 47 2890 46 2891 47 2892 46 2893 46 2894 46 2895 47 2896 46 2897 47 2898 47 2899 46 2900 47 2901 47 2902 47 2903 46 2904 46 2905 46 2906 46 2907 46 2908 46 2909 46 2910 46 2911 47 2912 46 2913 46 2914 46 2915 46 2916 0 2917 0 2918 0 2919 0 2920 0 2921 0 2922 0 2923 0 2924 0 2925 0 2926 0 2927 0 2928 0 2929 0 2930 0 2931 0 2932 0 2933 0 2934 0 2935 0 2936 0 2937 0 2938 0 2939 0 2940 0 2941 0 2942 0 2943 0 2944 0 2945 0 2946 0 2947 0 2948 0 2949 0 2950 0 2951 0 2952 0 2953 0 2954 0 2955 0 2956 0 2957 0 2958 0 2959 0 2960 0 2961 0 2962 0 2963 0 2964 0 2965 0 2966 0 2967 0 2968 0 2969 0 2970 0 2971 0 2972 0 2973 0 2974 0 2975 0 2976 0 2977 0 2978 0 2979 0 2980 0 2981 0 2982 0 2983 0 2984 0 2985 0 2986 0 2987 0 2988 0 2989 0 2990 0 2991 0 2992 0 2993 0 2994 0 2995 0 2996 0 2997 0 2998 0 2999 0 3000 0 3001 0 3002 0 3003 0 3004 0 3005 0 3006 0 3007 0 3008 0 3009 0 3010 0 3011 0 3012 0 3013 0 3014 0 3015 0 3016 0 3017 0 3018 0 3019 0 3020 0 3021 0 3022 0 3023 0 3024 0 3025 0 3026 0 3027 0 3028 0 3029 0 3030 0 3031 0 3032 0 3033 0 3034 0 3035 0 3036 0 3037 0 3038 0 3039 0 3040 0 3041 0 3042 0 3043 0 3044 0 3045 0 3046 0 3047 0 3048 0 3049 0 3050 0 3051 0 3052 0 3053 0 3054 0 3055 0 3056 0 3057 0 3058 0 3059 0 3060 0 3061 0 3062 0 3063 0 3064 0 3065 0 3066 0 3067 0 3068 0 3069 0 3070 0 3071 0 3072 0 3073 0 3074 0 3075 0 3076 0 3077 0 3078 0 3079 0 3080 0 3081 0 3082 0 3083 0 3084 0 3085 0 3086 0 3087 0 3088 0 3089 0 3090 0 3091 0 3092 0 3093 0 3094 0 3095 0 3096 44 3097 44 3098 44 3099 44 3100 44 3101 44 3102 44 3103 44 3104 44 3105 44 3106 44 3107 44 3108 44 3109 44 3110 44 3111 44 3112 0 3113 44 3114 0 3115 44 3116 0 3117 44 3118 0 3119 44 3120 0 3121 44 3122 0 3123 44 3124 0 3125 44 3126 0 3127 44 3128 0 3129 44 3130 0 3131 44 3132 0 3133 44 3134 0 3135 44 3136 0 3137 0 3138 0 3139 0 3140 0 3141 0 3142 0 3143 0 3144 44 3145 0 3146 44 3147 0 3148 44 3149 0 3150 44 3151 0 3152 44 3153 0 3154 44 3155 0 3156 44 3157 0 3158 44 3159 0 3160 44 3161 0 3162 44 3163 0 3164 44 3165 0 3166 44 3167 0 3168 44 3169 0 3170 44 3171 0 3172 44 3173 0 3174 44 3175 40 3176 40 3177 40 3178 40 3179 40 3180 40 3181 40 3182 40 3183 40 3184 40 3185 40 3186 40 3187 40 3188 40 3189 0 3190 40 3191 0 3192 40 3193 0 3194 40 3195 0 3196 40 3197 0 3198 40 3199 0 3200 40 3201 0 3202 40 3203 0 3204 40 3205 0 3206 40 3207 0 3208 40 3209 0 3210 0 3211 0 3212 40 3213 0 3214 40 3215 0 3216 0 3217 0 3218 0 3219 0 3220 0 3221 0 3222 0 3223 0 3224 0 3225 0 3226 0 3227 40 3228 0 3229 40 3230 0 3231 40 3232 0 3233 40 3234 0 3235 40 3236 0 3237 40 3238 0 3239 40 3240 0 3241 40 3242 0 3243 40 3244 0 3245 40 3246 0 3247 40 3248 0 3249 40 3250 0 3251 40 3252 0 3253 40 3254 0 3255 40 3256 0 3257 40 3258 40 3259 40 3260 0 3261 0 3262 0 3263 0 3264 0 3265 0 3266 0 3267 0 3268 0 3269 0 3270 0 3271 0 3272 0 3273 0 3274 0 3275 0 3276 0 3277 0 3278 0 3279 0 3280 0 3281 0 3282 0 3283 0 3284 0 3285 0 3286 0 3287 0 3288 0 3289 0 3290 0 3291 0 3292 0 3293 0 3294 0 3295 0 3296 0 3297 0 3298 0 3299 0 3300 0 3301 0 3302 0 3303 0 3304 0 3305 0 3306 0 3307 0 3308 0 3309 0 3310 0 3311 0 3312 0 3313 0 3314 0 3315 0 3316 0 3317 0 3318 0 3319 0 3320 0 3321 0 3322 0 3323 0 3324 0 3325 0 3326 0 3327 0 3328 0 3329 0 3330 0 3331 0 3332 0 3333 0 3334 0 3335 0 3336 1 3337 2 3338 3 3339 1 3340 2 3341 3 3342 1 3343 2 3344 3 3345 1 3346 2 3347 3 3348 1 3349 2 3350 3 3351 1 3352 2 3353 3 3354 1 3355 2 3356 3 3357 1 3358 2 3359 3 3360 1 3361 2 3362 3 3363 1 3364 2 3365 3 3366 1 3367 2 3368 3 3369 1 3370 2 3371 3 3372</v>
        </vertex_weights>
      </skin>
    </controller>
  </library_controllers>
  <library_visual_scenes>
    <visual_scene id="Scene" name="Scene">
      <node id="Armature" name="Armature" type="NODE">
        <matrix sid="transform">0.01 0 0 0 0 7.54979e-10 -0.01 0 0 0.01 7.54979e-10 0 0 0 0 1</matrix>
        <node id="Armature_mixamorig_Hips" name="mixamorig:Hips" sid="mixamorig_Hips" type="JOINT">
          <matrix sid="transform">1 -1.64104e-6 -1.23603e-7 -0.0301997 1.64104e-6 1 -2.02838e-13 103.2553 1.23603e-7 0 1 0.410377 0 0 0 1</matrix>
          <node id="Armature_mixamorig_Spine" name="mixamorig:Spine" sid="mixamorig_Spine" type="JOINT">
            <matrix sid="transform">1 1.64209e-6 1.08946e-7 -0.002426296 -1.64105e-6 0.9999602 -0.008928704 12.77755 -1.23603e-7 0.008928704 0.9999601 0.3152516 0 0 0 1</matrix>
            <node id="Armature_mixamorig_Spine1" name="mixamorig:Spine1" sid="mixamorig_Spine1" type="JOINT">
              <matrix sid="transform">1 -8.12885e-12 -3.90108e-14 3.72529e-9 8.12895e-12 0.999989 0.004689804 8.792648 8.87651e-16 -0.004689804 0.999989 0 0 0 0 1</matrix>
              <node id="Armature_mixamorig_Spine2" name="mixamorig:Spine2" sid="mixamorig_Spine2" type="JOINT">
                <matrix sid="transform">1 0 0 -3.72529e-9 0 0.999991 0.004238968 8.651108 0 -0.004238968 0.9999909 5.96046e-8 0 0 0 1</matrix>
                <node id="Armature_mixamorig_Neck" name="mixamorig:Neck" sid="mixamorig_Neck" type="JOINT">
                  <matrix sid="transform">1 0 0 -3.72529e-9 0 1 1.98848e-8 21.24248 0 -1.98848e-8 1 -0.8425344 0 0 0 1</matrix>
                  <node id="Armature_mixamorig_Head" name="mixamorig:Head" sid="mixamorig_Head" type="JOINT">
                    <matrix sid="transform">1 0 0 3.72529e-9 0 1 0 20.41809 0 0 1 4.833797 0 0 0 1</matrix>
                    <node id="Armature_mixamorig_HeadTop_End" name="mixamorig:HeadTop_End" sid="mixamorig_HeadTop_End" type="JOINT">
                      <matrix sid="transform">1 0 0 0 0 1 0 34.67058 0 0 1 5.038286 0 0 0 1</matrix>
                      <extra>
                        <technique profile="blender">
                          <roll sid="roll" type="float">0</roll>
                          <tip_x sid="tip_x" type="float">0</tip_x>
                          <tip_y sid="tip_y" type="float">28.53943</tip_y>
                          <tip_z sid="tip_z" type="float">0</tip_z>
                        </technique>
                      </extra>
                    </node>
                    <node id="Armature_mixamorig_LeftEye" name="mixamorig:LeftEye" sid="mixamorig_LeftEye" type="JOINT">
                      <matrix sid="transform">1 0 0 11.8729 0 1 0 14.0265 0 0 1 16.44442 0 0 0 1</matrix>
                      <extra>
                        <technique profile="blender">
                          <roll sid="roll" type="float">0</roll>
                          <tip_x sid="tip_x" type="float">0</tip_x>
                          <tip_y sid="tip_y" type="float">28.53943</tip_y>
                          <tip_z sid="tip_z" type="float">0</tip_z>
                        </technique>
                      </extra>
                    </node>
                    <node id="Armature_mixamorig_RightEye" name="mixamorig:RightEye" sid="mixamorig_RightEye" type="JOINT">
                      <matrix sid="transform">1 0 0 -11.49239 0 1 0 16.41508 0 0 1 16.44645 0 0 0 1</matrix>
                      <extra>
                        <technique profile="blender">
                          <roll sid="roll" type="float">0</roll>
                          <tip_x sid="tip_x" type="float">0</tip_x>
                          <tip_y sid="tip_y" type="float">28.53943</tip_y>
                          <tip_z sid="tip_z" type="float">0</tip_z>
                        </technique>
                      </extra>
                    </node>
                    <extra>
                      <technique profile="blender">
                        <roll sid="roll" type="float">0</roll>
                        <tip_x sid="tip_x" type="float">0</tip_x>
                        <tip_y sid="tip_y" type="float">28.53941</tip_y>
                        <tip_z sid="tip_z" type="float">0</tip_z>
                      </technique>
                    </extra>
                  </node>
                  <extra>
                    <technique profile="blender">
                      <roll sid="roll" type="float">0</roll>
                      <tip_x sid="tip_x" type="float">0</tip_x>
                      <tip_y sid="tip_y" type="float">20.98247</tip_y>
                      <tip_z sid="tip_z" type="float">0</tip_z>
                    </technique>
                  </extra>
                </node>
                <node id="Armature_mixamorig_LeftShoulder" name="mixamorig:LeftShoulder" sid="mixamorig_LeftShoulder" type="JOINT">
                  <matrix sid="transform">-0.01170903 0.9824044 -0.1863995 6.570147 0.002221435 -0.1863863 -0.9824741 17.59564 -0.9999292 -0.01191782 5.86733e-8 -2.761764 0 0 0 1</matrix>
                  <node id="Armature_mixamorig_LeftArm" name="mixamorig:LeftArm" sid="mixamorig_LeftArm" type="JOINT">
                    <matrix sid="transform">0.999929 -0.01170896 -0.002221386 -4.47035e-8 0.01191781 0.9824045 0.1863855 12.1385 -8.05961e-8 -0.1863987 0.9824741 -1.52588e-5 0 0 0 1</matrix>
                    <node id="Armature_mixamorig_LeftForeArm" name="mixamorig:LeftForeArm" sid="mixamorig_LeftForeArm" type="JOINT">
                      <matrix sid="transform">1 9.44764e-9 -8.19156e-9 1.34554e-7 -9.44764e-9 1 8.04663e-7 18.46962 8.19157e-9 -8.04663e-7 1 0 0 0 0 1</matrix>
                      <node id="Armature_mixamorig_LeftHand" name="mixamorig:LeftHand" sid="mixamorig_LeftHand" type="JOINT">
                        <matrix sid="transform">1 -8.07957e-9 8.07957e-9 -2.8358e-9 8.07956e-9 1 -5.70988e-14 29.50883 -8.07956e-9 5.64329e-14 1 0 0 0 0 1</matrix>
                        <node id="Armature_mixamorig_LeftHandThumb1" name="mixamorig:LeftHandThumb1" sid="mixamorig_LeftHandThumb1" type="JOINT">
                          <matrix sid="transform">0.8592983 -0.448859 0.2452184 -9.223878 0.510972 0.7746122 -0.3726708 10.76646 -0.0226725 0.4455351 0.8949773 2.386078 0 0 0 1</matrix>
                          <node id="Armature_mixamorig_LeftHandThumb2" name="mixamorig:LeftHandThumb2" sid="mixamorig_LeftHandThumb2" type="JOINT">
                            <matrix sid="transform">1 -7.45058e-7 1.20699e-6 0 6.55651e-7 0.9999999 -2.86847e-6 6.332257 -1.20699e-6 2.83867e-6 0.9999999 0 0 0 0 1</matrix>
                            <node id="Armature_mixamorig_LeftHandThumb3" name="mixamorig:LeftHandThumb3" sid="mixamorig_LeftHandThumb3" type="JOINT">
                              <matrix sid="transform">1 1.04308e-6 -1.92225e-6 -3.8147e-6 -1.04308e-6 1 5.21541e-8 5.989943 1.92225e-6 -4.47035e-8 0.9999999 -1.52588e-5 0 0 0 1</matrix>
                              <node id="Armature_mixamorig_LeftHandThumb4" name="mixamorig:LeftHandThumb4" sid="mixamorig_LeftHandThumb4" type="JOINT">
                                <matrix sid="transform">0.9999999 -2.05636e-6 3.47197e-6 0 1.99676e-6 1 2.31713e-6 5.742949 -3.48687e-6 -2.30223e-6 0.9999999 0 0 0 0 1</matrix>
                                <extra>
                                  <technique profile="blender">
                                    <connect sid="connect" type="bool">1</connect>
                                    <roll sid="roll" type="float">1.070942</roll>
                                    <tip_x sid="tip_x" type="float">4.448547</tip_x>
                                    <tip_y sid="tip_y" type="float">-2.558685</tip_y>
                                    <tip_z sid="tip_z" type="float">2.577779</tip_z>
                                  </technique>
                                </extra>
                              </node>
                              <extra>
                                <technique profile="blender">
                                  <connect sid="connect" type="bool">1</connect>
                                  <roll sid="roll" type="float">1.070942</roll>
                                </technique>
                              </extra>
                            </node>
                            <extra>
                              <technique profile="blender">
                                <connect sid="connect" type="bool">1</connect>
                                <roll sid="roll" type="float">1.070942</roll>
                              </technique>
                            </extra>
                          </node>
                          <extra>
                            <technique profile="blender">
                              <roll sid="roll" type="float">1.070942</roll>
                            </technique>
                          </extra>
                        </node>
                        <node id="Armature_mixamorig_LeftHandIndex1" name="mixamorig:LeftHandIndex1" sid="mixamorig_LeftHandIndex1" type="JOINT">
                          <matrix sid="transform">1 -1.40998e-6 -1.3975e-7 -6.403793 1.40998e-6 1 5.20607e-6 26.49432 1.39742e-7 -5.20607e-6 1 -0.1710052 0 0 0 1</matrix>
                          <node id="Armature_mixamorig_LeftHandIndex2" name="mixamorig:LeftHandIndex2" sid="mixamorig_LeftHandIndex2" type="JOINT">
                            <matrix sid="transform">1 -5.71911e-8 5.71908e-8 -9.51841e-8 5.71912e-8 1 -2.17708e-6 8.792877 -5.71907e-8 2.17708e-6 1 0 0 0 0 1</matrix>
                            <node id="Armature_mixamorig_LeftHandIndex3" name="mixamorig:LeftHandIndex3" sid="mixamorig_LeftHandIndex3" type="JOINT">
                              <matrix sid="transform">1 -4.73267e-8 4.73268e-8 -6.20494e-8 4.73269e-8 1 -2.28561e-12 10.07514 -4.73268e-8 2.53695e-12 1 0 0 0 0 1</matrix>
                              <extra>
                                <technique profile="blender">
                                  <connect sid="connect" type="bool">1</connect>
                                  <roll sid="roll" type="float">1.570795</roll>
                                  <tip_x sid="tip_x" type="float">10.07516</tip_x>
                                  <tip_y sid="tip_y" type="float">3.05176e-5</tip_y>
                                  <tip_z sid="tip_z" type="float">1.52588e-5</tip_z>
                                </technique>
                              </extra>
                            </node>
                            <extra>
                              <technique profile="blender">
                                <connect sid="connect" type="bool">1</connect>
                                <roll sid="roll" type="float">1.570795</roll>
                              </technique>
                            </extra>
                          </node>
                          <extra>
                            <technique profile="blender">
                              <roll sid="roll" type="float">1.570795</roll>
                            </technique>
                          </extra>
                        </node>
                        <node id="Armature_mixamorig_LeftHandMiddle1" name="mixamorig:LeftHandMiddle1" sid="mixamorig_LeftHandMiddle1" type="JOINT">
                          <matrix sid="transform">1 -2.53798e-7 -1.03828e-7 0.001518793 2.53798e-7 1 -4.87293e-6 25.7911 1.03829e-7 4.87293e-6 1 0.01667786 0 0 0 1</matrix>
                          <node id="Armature_mixamorig_LeftHandMiddle2" name="mixamorig:LeftHandMiddle2" sid="mixamorig_LeftHandMiddle2" type="JOINT">
                            <matrix sid="transform">1 -2.4022e-6 1.80303e-8 1.58052e-7 2.4022e-6 1 -7.93206e-7 9.394012 -1.80284e-8 7.93206e-7 1 0 0 0 0 1</matrix>
                            <node id="Armature_mixamorig_LeftHandMiddle3" name="mixamorig:LeftHandMiddle3" sid="mixamorig_LeftHandMiddle3" type="JOINT">
                              <matrix sid="transform">1 -4.54747e-12 4.00746e-12 -3.66126e-8 4.54747e-12 1 4.2496e-6 10.77191 -4.01101e-12 -4.2496e-6 1 0 0 0 0 1</matrix>
                              <extra>
                                <technique profile="blender">
                                  <connect sid="connect" type="bool">1</connect>
                                  <roll sid="roll" type="float">1.570794</roll>
                                  <tip_x sid="tip_x" type="float">10.7719</tip_x>
                                  <tip_y sid="tip_y" type="float">-1.52588e-5</tip_y>
                                  <tip_z sid="tip_z" type="float">2.86102e-5</tip_z>
                                </technique>
                              </extra>
                            </node>
                            <extra>
                              <technique profile="blender">
                                <connect sid="connect" type="bool">1</connect>
                                <roll sid="roll" type="float">1.570794</roll>
                              </technique>
                            </extra>
                          </node>
                          <extra>
                            <technique profile="blender">
                              <roll sid="roll" type="float">1.570796</roll>
                            </technique>
                          </extra>
                        </node>
                        <node id="Armature_mixamorig_LeftHandRing1" name="mixamorig:LeftHandRing1" sid="mixamorig_LeftHandRing1" type="JOINT">
                          <matrix sid="transform">1 -1.82739e-6 -1.99177e-7 6.227327 1.82739e-6 1 4.87304e-6 24.68761 1.99168e-7 -4.87304e-6 1 -0.1278534 0 0 0 1</matrix>
                          <node id="Armature_mixamorig_LeftHandRing2" name="mixamorig:LeftHandRing2" sid="mixamorig_LeftHandRing2" type="JOINT">
                            <matrix sid="transform">1 -1.24633e-6 1.73458e-7 -6.30607e-7 1.24633e-6 1 -1.10205e-5 9.393799 -1.73444e-7 1.10205e-5 1 0 0 0 0 1</matrix>
                            <node id="Armature_mixamorig_LeftHandRing3" name="mixamorig:LeftHandRing3" sid="mixamorig_LeftHandRing3" type="JOINT">
                              <matrix sid="transform">1 9.60522e-8 -9.60516e-8 -1.93715e-7 -9.60517e-8 1 4.61058e-6 9.928528 9.60521e-8 -4.61059e-6 1 0 0 0 0 1</matrix>
                              <extra>
                                <technique profile="blender">
                                  <connect sid="connect" type="bool">1</connect>
                                  <roll sid="roll" type="float">1.570793</roll>
                                  <tip_x sid="tip_x" type="float">9.928528</tip_x>
                                  <tip_y sid="tip_y" type="float">-1.52588e-5</tip_y>
                                  <tip_z sid="tip_z" type="float">2.95639e-5</tip_z>
                                </technique>
                              </extra>
                            </node>
                            <extra>
                              <technique profile="blender">
                                <connect sid="connect" type="bool">1</connect>
                                <roll sid="roll" type="float">1.570793</roll>
                              </technique>
                            </extra>
                          </node>
                          <extra>
                            <technique profile="blender">
                              <roll sid="roll" type="float">1.570794</roll>
                            </technique>
                          </extra>
                        </node>
                        <node id="Armature_mixamorig_LeftHandPinky1" name="mixamorig:LeftHandPinky1" sid="mixamorig_LeftHandPinky1" type="JOINT">
                          <matrix sid="transform">1 -1.81111e-6 -2.15452e-7 12.817 1.81111e-6 1 1.81111e-6 23.68204 2.15449e-7 -1.81111e-6 1 -0.1087036 0 0 0 1</matrix>
                          <node id="Armature_mixamorig_LeftHandPinky2" name="mixamorig:LeftHandPinky2" sid="mixamorig_LeftHandPinky2" type="JOINT">
                            <matrix sid="transform">1 5.23462e-7 3.11004e-7 3.18498e-7 -5.23463e-7 1 1.93477e-6 8.42511 -3.11003e-7 -1.93477e-6 1 0 0 0 0 1</matrix>
                            <node id="Armature_mixamorig_LeftHandPinky3" name="mixamorig:LeftHandPinky3" sid="mixamorig_LeftHandPinky3" type="JOINT">
                              <matrix sid="transform">1 2.34117e-7 -2.34116e-7 -1.85624e-7 -2.34117e-7 1 1.15753e-13 8.146965 2.34116e-7 6.46646e-14 1 0 0 0 0 1</matrix>
                              <extra>
                                <technique profile="blender">
                                  <connect sid="connect" type="bool">1</connect>
                                  <roll sid="roll" type="float">1.570795</roll>
                                  <tip_x sid="tip_x" type="float">8.146973</tip_x>
                                  <tip_y sid="tip_y" type="float">3.05176e-5</tip_y>
                                  <tip_z sid="tip_z" type="float">8.58307e-6</tip_z>
                                </technique>
                              </extra>
                            </node>
                            <extra>
                              <technique profile="blender">
                                <connect sid="connect" type="bool">1</connect>
                                <roll sid="roll" type="float">1.570795</roll>
                              </technique>
                            </extra>
                          </node>
                          <extra>
                            <technique profile="blender">
                              <roll sid="roll" type="float">1.570794</roll>
                            </technique>
                          </extra>
                        </node>
                        <extra>
                          <technique profile="blender">
                            <connect sid="connect" type="bool">1</connect>
                            <roll sid="roll" type="float">1.570796</roll>
                            <tip_x sid="tip_x" type="float">23.963</tip_x>
                            <tip_y sid="tip_y" type="float">0</tip_y>
                            <tip_z sid="tip_z" type="float">0</tip_z>
                          </technique>
                        </extra>
                      </node>
                      <extra>
                        <technique profile="blender">
                          <connect sid="connect" type="bool">1</connect>
                          <roll sid="roll" type="float">1.570796</roll>
                        </technique>
                      </extra>
                    </node>
                    <extra>
                      <technique profile="blender">
                        <connect sid="connect" type="bool">1</connect>
                        <roll sid="roll" type="float">1.570796</roll>
                      </technique>
                    </extra>
                  </node>
                  <extra>
                    <technique profile="blender">
                      <roll sid="roll" type="float">1.585188</roll>
                    </technique>
                  </extra>
                </node>
                <node id="Armature_mixamorig_RightShoulder" name="mixamorig:RightShoulder" sid="mixamorig_RightShoulder" type="JOINT">
                  <matrix sid="transform">-0.01170829 -0.9823955 0.1864446 -6.570165 -0.002221779 -0.1864314 -0.9824654 17.5959 0.999929 -0.01191741 1.22935e-7 -2.761768 0 0 0 1</matrix>
                  <node id="Armature_mixamorig_RightArm" name="mixamorig:RightArm" sid="mixamorig_RightArm" type="JOINT">
                    <matrix sid="transform">0.999929 0.01170844 0.00222177 -2.98023e-8 -0.01191738 0.9823964 0.1864273 12.1386 1.14826e-7 -0.1864405 0.9824662 0 0 0 0 1</matrix>
                    <node id="Armature_mixamorig_RightForeArm" name="mixamorig:RightForeArm" sid="mixamorig_RightForeArm" type="JOINT">
                      <matrix sid="transform">1 2.20824e-9 -1.2979e-9 -5.71879e-8 -2.20824e-9 1 4.64471e-6 18.46959 1.29791e-9 -4.64471e-6 1 1.52588e-5 0 0 0 1</matrix>
                      <node id="Armature_mixamorig_RightHand" name="mixamorig:RightHand" sid="mixamorig_RightHand" type="JOINT">
                        <matrix sid="transform">1 3.41881e-8 -3.41881e-8 -9.36078e-8 -3.41882e-8 1 -1.15386e-6 29.50891 3.41881e-8 1.15386e-6 1 1.52588e-5 0 0 0 1</matrix>
                        <node id="Armature_mixamorig_RightHandThumb1" name="mixamorig:RightHandThumb1" sid="mixamorig_RightHandThumb1" type="JOINT">
                          <matrix sid="transform">0.8607661 0.4488623 -0.2400091 9.223839 -0.5087075 0.7746308 -0.3757177 10.76643 0.01727294 0.4454996 0.8951156 2.386002 0 0 0 1</matrix>
                          <node id="Armature_mixamorig_RightHandThumb2" name="mixamorig:RightHandThumb2" sid="mixamorig_RightHandThumb2" type="JOINT">
                            <matrix sid="transform">1 9.83477e-7 1.56462e-6 7.62939e-5 -9.83477e-7 1 -7.96542e-5 6.332285 -1.57952e-6 7.96393e-5 0.9999999 1.2207e-4 0 0 0 1</matrix>
                            <node id="Armature_mixamorig_RightHandThumb3" name="mixamorig:RightHandThumb3" sid="mixamorig_RightHandThumb3" type="JOINT">
                              <matrix sid="transform">1 1.58548e-5 -4.02331e-7 -9.15527e-5 -1.59144e-5 1 -1.01849e-5 5.990038 3.8743e-7 1.02147e-5 1 -6.10352e-5 0 0 0 1</matrix>
                              <node id="Armature_mixamorig_RightHandThumb4" name="mixamorig:RightHandThumb4" sid="mixamorig_RightHandThumb4" type="JOINT">
                                <matrix sid="transform">1 2.08616e-7 -4.76837e-7 0 -2.98023e-7 1 -2.92063e-6 5.743044 5.06639e-7 2.84612e-6 0.9999999 1.52588e-5 0 0 0 1</matrix>
                                <extra>
                                  <technique profile="blender">
                                    <connect sid="connect" type="bool">1</connect>
                                    <roll sid="roll" type="float">-1.06489</roll>
                                    <tip_x sid="tip_x" type="float">-4.448486</tip_x>
                                    <tip_y sid="tip_y" type="float">-2.559006</tip_y>
                                    <tip_z sid="tip_z" type="float">2.577792</tip_z>
                                  </technique>
                                </extra>
                              </node>
                              <extra>
                                <technique profile="blender">
                                  <roll sid="roll" type="float">-1.06489</roll>
                                </technique>
                              </extra>
                            </node>
                            <extra>
                              <technique profile="blender">
                                <roll sid="roll" type="float">-1.064915</roll>
                                <tip_x sid="tip_x" type="float">-4.639885</tip_x>
                                <tip_y sid="tip_y" type="float">-2.668991</tip_y>
                                <tip_z sid="tip_z" type="float">2.688593</tip_z>
                              </technique>
                            </extra>
                          </node>
                          <extra>
                            <technique profile="blender">
                              <roll sid="roll" type="float">-1.064916</roll>
                              <tip_x sid="tip_x" type="float">-4.905174</tip_x>
                              <tip_y sid="tip_y" type="float">-2.82103</tip_y>
                              <tip_z sid="tip_z" type="float">2.842319</tip_z>
                            </technique>
                          </extra>
                        </node>
                        <node id="Armature_mixamorig_RightHandIndex1" name="mixamorig:RightHandIndex1" sid="mixamorig_RightHandIndex1" type="JOINT">
                          <matrix sid="transform">1 1.19311e-6 6.31644e-8 6.403792 -1.19311e-6 1 6.37229e-7 26.4943 -6.31636e-8 -6.37229e-7 1 -0.1709747 0 0 0 1</matrix>
                          <node id="Armature_mixamorig_RightHandIndex2" name="mixamorig:RightHandIndex2" sid="mixamorig_RightHandIndex2" type="JOINT">
                            <matrix sid="transform">1 7.46893e-8 9.95477e-8 6.94054e-8 -7.46892e-8 1 -4.63682e-10 8.792488 -9.95477e-8 4.63675e-10 1 1.52588e-5 0 0 0 1</matrix>
                            <node id="Armature_mixamorig_RightHandIndex3" name="mixamorig:RightHandIndex3" sid="mixamorig_RightHandIndex3" type="JOINT">
                              <matrix sid="transform">1 0 7.10543e-15 1.44617e-7 0 1 -1.60569e-15 10.076 1.42109e-14 0 1 1.52588e-5 0 0 0 1</matrix>
                              <extra>
                                <technique profile="blender">
                                  <connect sid="connect" type="bool">1</connect>
                                  <roll sid="roll" type="float">-1.570795</roll>
                                  <tip_x sid="tip_x" type="float">-10.076</tip_x>
                                  <tip_y sid="tip_y" type="float">0</tip_y>
                                  <tip_z sid="tip_z" type="float">1.28746e-5</tip_z>
                                </technique>
                              </extra>
                            </node>
                            <extra>
                              <technique profile="blender">
                                <connect sid="connect" type="bool">1</connect>
                                <roll sid="roll" type="float">-1.570795</roll>
                              </technique>
                            </extra>
                          </node>
                          <extra>
                            <technique profile="blender">
                              <roll sid="roll" type="float">-1.570795</roll>
                            </technique>
                          </extra>
                        </node>
                        <node id="Armature_mixamorig_RightHandMiddle1" name="mixamorig:RightHandMiddle1" sid="mixamorig_RightHandMiddle1" type="JOINT">
                          <matrix sid="transform">1 -9.9515e-9 9.94947e-9 -0.001520476 9.95148e-9 1 6.36698e-7 25.7911 -9.94948e-9 -6.36698e-7 1 0.01602173 0 0 0 1</matrix>
                          <node id="Armature_mixamorig_RightHandMiddle2" name="mixamorig:RightHandMiddle2" sid="mixamorig_RightHandMiddle2" type="JOINT">
                            <matrix sid="transform">1 1.85919e-6 1.6737e-7 -6.6444e-8 -1.85919e-6 1 6.75124e-11 9.3937 -1.6737e-7 -6.78244e-11 1 1.52588e-5 0 0 0 1</matrix>
                            <node id="Armature_mixamorig_RightHandMiddle3" name="mixamorig:RightHandMiddle3" sid="mixamorig_RightHandMiddle3" type="JOINT">
                              <matrix sid="transform">1 -2.27374e-13 0 4.45725e-8 2.27374e-13 1 -8.76225e-16 10.772 0 0 1 1.52588e-5 0 0 0 1</matrix>
                              <extra>
                                <technique profile="blender">
                                  <connect sid="connect" type="bool">1</connect>
                                  <roll sid="roll" type="float">-1.570794</roll>
                                  <tip_x sid="tip_x" type="float">-10.772</tip_x>
                                  <tip_y sid="tip_y" type="float">0</tip_y>
                                  <tip_z sid="tip_z" type="float">2.00272e-5</tip_z>
                                </technique>
                              </extra>
                            </node>
                            <extra>
                              <technique profile="blender">
                                <connect sid="connect" type="bool">1</connect>
                                <roll sid="roll" type="float">-1.570794</roll>
                              </technique>
                            </extra>
                          </node>
                          <extra>
                            <technique profile="blender">
                              <roll sid="roll" type="float">-1.570796</roll>
                            </technique>
                          </extra>
                        </node>
                        <node id="Armature_mixamorig_RightHandRing1" name="mixamorig:RightHandRing1" sid="mixamorig_RightHandRing1" type="JOINT">
                          <matrix sid="transform">1 2.13186e-6 1.4306e-7 -6.227324 -2.13186e-6 1 6.3607e-7 24.6876 -1.43059e-7 -6.3607e-7 1 -0.1279755 0 0 0 1</matrix>
                          <node id="Armature_mixamorig_RightHandRing2" name="mixamorig:RightHandRing2" sid="mixamorig_RightHandRing2" type="JOINT">
                            <matrix sid="transform">1 1.12419e-6 5.79532e-8 5.30272e-8 -1.12419e-6 0.9999999 6.95668e-10 9.394188 -5.79532e-8 -6.95734e-10 1 1.52588e-5 0 0 0 1</matrix>
                            <node id="Armature_mixamorig_RightHandRing3" name="mixamorig:RightHandRing3" sid="mixamorig_RightHandRing3" type="JOINT">
                              <matrix sid="transform">1 2.27374e-12 -2.01794e-12 -1.39888e-6 -2.27374e-12 0.9999999 -1.21631e-15 9.928009 2.01794e-12 0 0.9999999 1.52588e-5 0 0 0 1</matrix>
                              <extra>
                                <technique profile="blender">
                                  <connect sid="connect" type="bool">1</connect>
                                  <roll sid="roll" type="float">-1.570793</roll>
                                  <tip_x sid="tip_x" type="float">-9.928002</tip_x>
                                  <tip_y sid="tip_y" type="float">0</tip_y>
                                  <tip_z sid="tip_z" type="float">3.24249e-5</tip_z>
                                </technique>
                              </extra>
                            </node>
                            <extra>
                              <technique profile="blender">
                                <connect sid="connect" type="bool">1</connect>
                                <roll sid="roll" type="float">-1.570793</roll>
                              </technique>
                            </extra>
                          </node>
                          <extra>
                            <technique profile="blender">
                              <roll sid="roll" type="float">-1.570794</roll>
                            </technique>
                          </extra>
                        </node>
                        <node id="Armature_mixamorig_RightHandPinky1" name="mixamorig:RightHandPinky1" sid="mixamorig_RightHandPinky1" type="JOINT">
                          <matrix sid="transform">1 0 9.94947e-9 -12.81699 -1.42109e-14 1 6.36719e-7 23.682 -9.94947e-9 -6.36719e-7 1 -0.1089783 0 0 0 1</matrix>
                          <node id="Armature_mixamorig_RightHandPinky2" name="mixamorig:RightHandPinky2" sid="mixamorig_RightHandPinky2" type="JOINT">
                            <matrix sid="transform">1 -9.9495e-9 3.55271e-15 1.38828e-7 9.94949e-9 1 4.67812e-11 8.425087 -4.44089e-16 -4.67821e-11 1 1.52588e-5 0 0 0 1</matrix>
                            <node id="Armature_mixamorig_RightHandPinky3" name="mixamorig:RightHandPinky3" sid="mixamorig_RightHandPinky3" type="JOINT">
                              <matrix sid="transform">1 0 3.55271e-15 1.66307e-7 1.42109e-14 1 -4.809e-16 8.146698 -4.44089e-16 0 1 1.52588e-5 0 0 0 1</matrix>
                              <extra>
                                <technique profile="blender">
                                  <connect sid="connect" type="bool">1</connect>
                                  <roll sid="roll" type="float">-1.570796</roll>
                                  <tip_x sid="tip_x" type="float">-8.146706</tip_x>
                                  <tip_y sid="tip_y" type="float">0</tip_y>
                                  <tip_z sid="tip_z" type="float">0</tip_z>
                                </technique>
                              </extra>
                            </node>
                            <extra>
                              <technique profile="blender">
                                <connect sid="connect" type="bool">1</connect>
                                <roll sid="roll" type="float">-1.570796</roll>
                              </technique>
                            </extra>
                          </node>
                          <extra>
                            <technique profile="blender">
                              <roll sid="roll" type="float">-1.570796</roll>
                            </technique>
                          </extra>
                        </node>
                        <extra>
                          <technique profile="blender">
                            <connect sid="connect" type="bool">1</connect>
                            <roll sid="roll" type="float">-1.570796</roll>
                            <tip_x sid="tip_x" type="float">-23.96296</tip_x>
                            <tip_y sid="tip_y" type="float">-1.52588e-5</tip_y>
                            <tip_z sid="tip_z" type="float">2.38419e-7</tip_z>
                          </technique>
                        </extra>
                      </node>
                      <extra>
                        <technique profile="blender">
                          <connect sid="connect" type="bool">1</connect>
                          <roll sid="roll" type="float">-1.570796</roll>
                        </technique>
                      </extra>
                    </node>
                    <extra>
                      <technique profile="blender">
                        <connect sid="connect" type="bool">1</connect>
                        <roll sid="roll" type="float">-1.570796</roll>
                      </technique>
                    </extra>
                  </node>
                  <extra>
                    <technique profile="blender">
                      <roll sid="roll" type="float">-1.585188</roll>
                    </technique>
                  </extra>
                </node>
                <extra>
                  <technique profile="blender">
                    <connect sid="connect" type="bool">1</connect>
                    <roll sid="roll" type="float">0</roll>
                    <tip_x sid="tip_x" type="float">0</tip_x>
                    <tip_y sid="tip_y" type="float">19.74263</tip_y>
                    <tip_z sid="tip_z" type="float">4.17232e-7</tip_z>
                  </technique>
                </extra>
              </node>
              <extra>
                <technique profile="blender">
                  <connect sid="connect" type="bool">1</connect>
                  <roll sid="roll" type="float">0</roll>
                </technique>
              </extra>
            </node>
            <extra>
              <technique profile="blender">
                <roll sid="roll" type="float">0</roll>
              </technique>
            </extra>
          </node>
          <node id="Armature_mixamorig_LeftUpLeg" name="mixamorig:LeftUpLeg" sid="mixamorig_LeftUpLeg" type="JOINT">
            <matrix sid="transform">-1 -1.61223e-6 4.29118e-8 11.39407 1.60665e-6 -0.9935032 0.1138036 -6.187798 -1.40801e-7 0.113804 0.9935016 -0.4138604 0 0 0 1</matrix>
            <node id="Armature_mixamorig_LeftLeg" name="mixamorig:LeftLeg" sid="mixamorig_LeftLeg" type="JOINT">
              <matrix sid="transform">1 6.94812e-8 -1.06469e-7 0 -4.11865e-8 0.9693347 0.2457441 32.53381 1.20279e-7 -0.2457441 0.9693348 4.62532e-5 0 0 0 1</matrix>
              <node id="Armature_mixamorig_LeftFoot" name="mixamorig:LeftFoot" sid="mixamorig_LeftFoot" type="JOINT">
                <matrix sid="transform">0.977152 -0.211548 -0.02052523 0 0.08068164 0.4585395 -0.885004 48.64803 0.1966325 0.8631275 0.4651309 -2.38419e-7 0 0 0 1</matrix>
                <node id="Armature_mixamorig_LeftToeBase" name="mixamorig:LeftToeBase" sid="mixamorig_LeftToeBase" type="JOINT">
                  <matrix sid="transform">0.9943045 -0.008059263 -0.1062705 -2.09808e-5 -0.05426367 0.8199267 -0.5698909 29.00002 0.09172695 0.5724118 0.8148195 2.05636e-5 0 0 0 1</matrix>
                  <node id="Armature_mixamorig_LeftToe_End" name="mixamorig:LeftToe_End" sid="mixamorig_LeftToe_End" type="JOINT">
                    <matrix sid="transform">1 1.49012e-8 1.47948e-8 5.72205e-6 0 1 6.54145e-8 23.51229 -1.47948e-8 -6.54218e-8 1 1.92365e-6 0 0 0 1</matrix>
                    <extra>
                      <technique profile="blender">
                        <roll sid="roll" type="float">-2.947293</roll>
                        <tip_x sid="tip_x" type="float">4.5397</tip_x>
                        <tip_y sid="tip_y" type="float">-0.001124739</tip_y>
                        <tip_z sid="tip_z" type="float">23.06983</tip_z>
                      </technique>
                    </extra>
                  </node>
                  <extra>
                    <technique profile="blender">
                      <roll sid="roll" type="float">-2.947293</roll>
                      <tip_x sid="tip_x" type="float">4.5397</tip_x>
                      <tip_y sid="tip_y" type="float">-0.00112456</tip_y>
                      <tip_z sid="tip_z" type="float">23.06983</tip_z>
                    </technique>
                  </extra>
                </node>
                <extra>
                  <technique profile="blender">
                    <connect sid="connect" type="bool">1</connect>
                    <roll sid="roll" type="float">-2.75151</roll>
                    <tip_x sid="tip_x" type="float">6.134893</tip_x>
                    <tip_y sid="tip_y" type="float">-16.52798</tip_y>
                    <tip_z sid="tip_z" type="float">23.02583</tip_z>
                  </technique>
                </extra>
              </node>
              <extra>
                <technique profile="blender">
                  <roll sid="roll" type="float">-3.141592</roll>
                </technique>
              </extra>
            </node>
            <extra>
              <technique profile="blender">
                <roll sid="roll" type="float">-3.141592</roll>
                <tip_x sid="tip_x" type="float">0</tip_x>
                <tip_y sid="tip_y" type="float">-32.32246</tip_y>
                <tip_z sid="tip_z" type="float">3.70248</tip_z>
              </technique>
            </extra>
          </node>
          <node id="Armature_mixamorig_RightUpLeg" name="mixamorig:RightUpLeg" sid="mixamorig_RightUpLeg" type="JOINT">
            <matrix sid="transform">-1 -1.61223e-6 4.28936e-8 -11.39411 1.60665e-6 -0.9935032 0.1138036 -6.187775 -1.40817e-7 0.113804 0.9935016 -0.4138578 0 0 0 1</matrix>
            <node id="Armature_mixamorig_RightLeg" name="mixamorig:RightLeg" sid="mixamorig_RightLeg" type="JOINT">
              <matrix sid="transform">1 6.94846e-8 -1.06487e-7 9.53674e-7 -4.11853e-8 0.9693348 0.2457441 32.5338 1.20297e-7 -0.2457441 0.9693348 5.8651e-5 0 0 0 1</matrix>
              <node id="Armature_mixamorig_RightFoot" name="mixamorig:RightFoot" sid="mixamorig_RightFoot" type="JOINT">
                <matrix sid="transform">0.9771518 0.2115488 0.02052616 9.53674e-7 -0.08067968 0.4585329 -0.8850075 48.64805 -0.1966341 0.8631307 0.4651241 -5.24521e-6 0 0 0 1</matrix>
                <node id="Armature_mixamorig_RightToeBase" name="mixamorig:RightToeBase" sid="mixamorig_RightToeBase" type="JOINT">
                  <matrix sid="transform">0.9943043 0.008054554 0.106272 -7.62939e-6 0.05426835 0.8199267 -0.5698903 29.00001 -0.0917255 0.5724116 0.8148198 7.7486e-6 0 0 0 1</matrix>
                  <node id="Armature_mixamorig_RightToe_End" name="mixamorig:RightToe_End" sid="mixamorig_RightToe_End" type="JOINT">
                    <matrix sid="transform">1 5.96046e-8 4.97125e-8 0 -5.96046e-8 1 1.27715e-7 23.51204 -4.97139e-8 -1.27711e-7 0.9999999 -4.82146e-6 0 0 0 1</matrix>
                    <extra>
                      <technique profile="blender">
                        <roll sid="roll" type="float">2.947299</roll>
                        <tip_x sid="tip_x" type="float">-4.539579</tip_x>
                        <tip_y sid="tip_y" type="float">-9.65783e-4</tip_y>
                        <tip_z sid="tip_z" type="float">23.0696</tip_z>
                      </technique>
                    </extra>
                  </node>
                  <extra>
                    <technique profile="blender">
                      <roll sid="roll" type="float">2.947299</roll>
                      <tip_x sid="tip_x" type="float">-4.539577</tip_x>
                      <tip_y sid="tip_y" type="float">-9.64384e-4</tip_y>
                      <tip_z sid="tip_z" type="float">23.0696</tip_z>
                    </technique>
                  </extra>
                </node>
                <extra>
                  <technique profile="blender">
                    <roll sid="roll" type="float">2.751513</roll>
                    <tip_x sid="tip_x" type="float">-6.134921</tip_x>
                    <tip_y sid="tip_y" type="float">-16.5278</tip_y>
                    <tip_z sid="tip_z" type="float">23.02594</tip_z>
                  </technique>
                </extra>
              </node>
              <extra>
                <technique profile="blender">
                  <roll sid="roll" type="float">-3.141592</roll>
                  <tip_x sid="tip_x" type="float">0</tip_x>
                  <tip_y sid="tip_y" type="float">-48.2104</tip_y>
                  <tip_z sid="tip_z" type="float">-6.510714</tip_z>
                </technique>
              </extra>
            </node>
            <extra>
              <technique profile="blender">
                <roll sid="roll" type="float">-3.141592</roll>
                <tip_x sid="tip_x" type="float">0</tip_x>
                <tip_y sid="tip_y" type="float">-32.32243</tip_y>
                <tip_z sid="tip_z" type="float">3.702477</tip_z>
              </technique>
            </extra>
          </node>
          <extra>
            <technique profile="blender">
              <roll sid="roll" type="float">-1.23603e-7</roll>
              <tip_x sid="tip_x" type="float">-2.11839e-5</tip_x>
              <tip_y sid="tip_y" type="float">12.9088</tip_y>
              <tip_z sid="tip_z" type="float">0</tip_z>
            </technique>
          </extra>
        </node>
        <node id="mremireh_body" name="mremireh_body" type="NODE">
          <matrix sid="transform">1 0 0 0 0 1 0 0 0 0 1 0 0 0 0 1</matrix>
          <instance_controller url="#Armature_mremireh_body-skin">
            <skeleton>#Armature_mixamorig_Hips</skeleton>
            <bind_material>
              <technique_common>
                <instance_material symbol="emireh_body_material-material" target="#emireh_body_material-material">
                  <bind_vertex_input semantic="UVChannel_1" input_semantic="TEXCOORD" input_set="0"/>
                </instance_material>
              </technique_common>
            </bind_material>
          </instance_controller>
        </node>
        <node id="mremireh_shoe" name="mremireh_shoe" type="NODE">
          <matrix sid="transform">1 0 0 0 0 1 0 0 0 0 1 0 0 0 0 1</matrix>
          <instance_controller url="#Armature_mremireh_shoe-skin">
            <skeleton>#Armature_mixamorig_Hips</skeleton>
            <bind_material>
              <technique_common>
                <instance_material symbol="emireh_shoe_material-material" target="#emireh_shoe_material-material">
                  <bind_vertex_input semantic="UVChannel_1" input_semantic="TEXCOORD" input_set="0"/>
                </instance_material>
              </technique_common>
            </bind_material>
          </instance_controller>
        </node>
      </node>
    </visual_scene>
  </library_visual_scenes>
  <scene>
    <instance_visual_scene url="#Scene"/>
  </scene>
</COLLADA>